-pdfclose.exe;miktex/bin/x64
+pdfclose.exe;miktex/bin/x64;
-pdfdde.exe;miktex/bin/x64
+pdfdde.exe;miktex/bin/x64;
-pdfopen.exe;miktex/bin/x64
+pdfopen.exe;miktex/bin/x64;
-bg5pluslatex.exe;miktex/bin/x64
+bg5pluslatex.exe;miktex/bin/x64;
-bg5pluspdflatex.exe;miktex/bin/x64
+bg5pluspdflatex.exe;miktex/bin/x64;
-bg5latex.exe;miktex/bin/x64
+bg5latex.exe;miktex/bin/x64;
-bg5pdflatex.exe;miktex/bin/x64
+bg5pdflatex.exe;miktex/bin/x64;
-bg5platex.exe;miktex/bin/x64
+bg5platex.exe;miktex/bin/x64;
-bg5ppdflatex.exe;miktex/bin/x64
+bg5ppdflatex.exe;miktex/bin/x64;
-cef5latex.exe;miktex/bin/x64
+cef5latex.exe;miktex/bin/x64;
-cef5pdflatex.exe;miktex/bin/x64
+cef5pdflatex.exe;miktex/bin/x64;
-ceflatex.exe;miktex/bin/x64
+ceflatex.exe;miktex/bin/x64;
-cefpdflatex.exe;miktex/bin/x64
+cefpdflatex.exe;miktex/bin/x64;
-cefslatex.exe;miktex/bin/x64
+cefslatex.exe;miktex/bin/x64;
-cefspdflatex.exe;miktex/bin/x64
+cefspdflatex.exe;miktex/bin/x64;
-gbklatex.exe;miktex/bin/x64
+gbklatex.exe;miktex/bin/x64;
-gbkpdflatex.exe;miktex/bin/x64
+gbkpdflatex.exe;miktex/bin/x64;
-sjislatex.exe;miktex/bin/x64
+sjislatex.exe;miktex/bin/x64;
-sjispdflatex.exe;miktex/bin/x64
+sjispdflatex.exe;miktex/bin/x64;
-afm2tfm.exe;miktex/bin/x64
+afm2tfm.exe;miktex/bin/x64;
-asy.exe;miktex/bin/x64
+asy.exe;miktex/bin/x64;
-autosp.exe;miktex/bin/x64
+autosp.exe;miktex/bin/x64;
-axohelp.exe;miktex/bin/x64
+axohelp.exe;miktex/bin/x64;
-bg5conv.exe;miktex/bin/x64
+bg5conv.exe;miktex/bin/x64;
-bibsort.exe;miktex/bin/x64
+bibsort.exe;miktex/bin/x64;
-bibtex8.exe;miktex/bin/x64
+bibtex8.exe;miktex/bin/x64;
-bibtexu.exe;miktex/bin/x64
+bibtexu.exe;miktex/bin/x64;
-bibtex.exe;miktex/bin/x64
+bibtex.exe;miktex/bin/x64;
-cef5conv.exe;miktex/bin/x64
+cef5conv.exe;miktex/bin/x64;
-cefconv.exe;miktex/bin/x64
+cefconv.exe;miktex/bin/x64;
-cefsconv.exe;miktex/bin/x64
+cefsconv.exe;miktex/bin/x64;
-chktex.exe;miktex/bin/x64
+chktex.exe;miktex/bin/x64;
-ctangle.exe;miktex/bin/x64
+ctangle.exe;miktex/bin/x64;
-cweave.exe;miktex/bin/x64
+cweave.exe;miktex/bin/x64;
-ctwill.exe;miktex/bin/x64
+ctwill.exe;miktex/bin/x64;
-ctwill-refsort.exe;miktex/bin/x64
+ctwill-refsort.exe;miktex/bin/x64;
-ctwill-twinx.exe;miktex/bin/x64
+ctwill-twinx.exe;miktex/bin/x64;
-devnag.exe;miktex/bin/x64
+devnag.exe;miktex/bin/x64;
-dvicopy.exe;miktex/bin/x64
+dvicopy.exe;miktex/bin/x64;
-dvipdfm.exe;miktex/bin/x64
+dvipdfm.exe;miktex/bin/x64;
-dvipdfmx.exe;miktex/bin/x64
+dvipdfmx.exe;miktex/bin/x64;
-ebb.exe;miktex/bin/x64
+ebb.exe;miktex/bin/x64;
-extractbb.exe;miktex/bin/x64
+extractbb.exe;miktex/bin/x64;
-xbb.exe;miktex/bin/x64
+xbb.exe;miktex/bin/x64;
-xdvipdfmx.exe;miktex/bin/x64
+xdvipdfmx.exe;miktex/bin/x64;
-miktex-xdvipdfmx.exe;miktex/bin/x64
+miktex-xdvipdfmx.exe;miktex/bin/x64;
-dvipdft.exe;miktex/bin/x64
+dvipdft.exe;miktex/bin/x64;
-dvipng.exe;miktex/bin/x64
+dvipng.exe;miktex/bin/x64;
-dvips.exe;miktex/bin/x64
+dvips.exe;miktex/bin/x64;
-dvisvgm.exe;miktex/bin/x64
+dvisvgm.exe;miktex/bin/x64;
-dvitype.exe;miktex/bin/x64
+dvitype.exe;miktex/bin/x64;
-epsffit.exe;miktex/bin/x64
+epsffit.exe;miktex/bin/x64;
-epstopdf.exe;miktex/bin/x64
+epstopdf.exe;miktex/bin/x64;
-repstopdf.exe;miktex/bin/x64
+repstopdf.exe;miktex/bin/x64;
-miktex-epstopdf-unrestricted.exe;miktex/bin/x64
+miktex-epstopdf-unrestricted.exe;miktex/bin/x64;
-eptex.exe;miktex/bin/x64
+eptex.exe;miktex/bin/x64;
-euptex.exe;miktex/bin/x64
+euptex.exe;miktex/bin/x64;
-ptex.exe;miktex/bin/x64
+ptex.exe;miktex/bin/x64;
-uptex.exe;miktex/bin/x64
+uptex.exe;miktex/bin/x64;
-extconv.exe;miktex/bin/x64
+extconv.exe;miktex/bin/x64;
-fribidixetex.exe;miktex/bin/x64
+fribidixetex.exe;miktex/bin/x64;
-gftodvi.exe;miktex/bin/x64
+gftodvi.exe;miktex/bin/x64;
-gftopk.exe;miktex/bin/x64
+gftopk.exe;miktex/bin/x64;
-gftype.exe;miktex/bin/x64
+gftype.exe;miktex/bin/x64;
-gregorio.exe;miktex/bin/x64
+gregorio.exe;miktex/bin/x64;
-hbf2gf.exe;miktex/bin/x64
+hbf2gf.exe;miktex/bin/x64;
-hitex.exe;miktex/bin/x64
+hitex.exe;miktex/bin/x64;
-histretch.exe;miktex/bin/x64
+histretch.exe;miktex/bin/x64;
-hishrink.exe;miktex/bin/x64
+hishrink.exe;miktex/bin/x64;
-lacheck.exe;miktex/bin/x64
+lacheck.exe;miktex/bin/x64;
-makebase.exe;miktex/bin/x64
+makebase.exe;miktex/bin/x64;
-makefmt.exe;miktex/bin/x64
+makefmt.exe;miktex/bin/x64;
-makeindex.exe;miktex/bin/x64
+makeindex.exe;miktex/bin/x64;
-makepk.exe;miktex/bin/x64
+makepk.exe;miktex/bin/x64;
-maketfm.exe;miktex/bin/x64
+maketfm.exe;miktex/bin/x64;
-mkfntmap.exe;miktex/bin/x64
+mkfntmap.exe;miktex/bin/x64;
-mft.exe;miktex/bin/x64
+mft.exe;miktex/bin/x64;
-mf.exe;miktex/bin/x64
+mf.exe;miktex/bin/x64;
-inimf.exe;miktex/bin/x64
+inimf.exe;miktex/bin/x64;
-virmf.exe;miktex/bin/x64
+virmf.exe;miktex/bin/x64;
-mkocp.exe;miktex/bin/x64
+mkocp.exe;miktex/bin/x64;
-dvitomp.exe;miktex/bin/x64
+dvitomp.exe;miktex/bin/x64;
-mpost.exe;miktex/bin/x64
+mpost.exe;miktex/bin/x64;
-odvicopy.exe;miktex/bin/x64
+odvicopy.exe;miktex/bin/x64;
-ofm2opl.exe;miktex/bin/x64
+ofm2opl.exe;miktex/bin/x64;
-opl2ofm.exe;miktex/bin/x64
+opl2ofm.exe;miktex/bin/x64;
-otp2ocp.exe;miktex/bin/x64
+otp2ocp.exe;miktex/bin/x64;
-outocp.exe;miktex/bin/x64
+outocp.exe;miktex/bin/x64;
-ovf2ovp.exe;miktex/bin/x64
+ovf2ovp.exe;miktex/bin/x64;
-ovp2ovf.exe;miktex/bin/x64
+ovp2ovf.exe;miktex/bin/x64;
-patgen.exe;miktex/bin/x64
+patgen.exe;miktex/bin/x64;
-pdftex.exe;miktex/bin/x64
+pdftex.exe;miktex/bin/x64;
-miktex-latex.exe;miktex/bin/x64
+miktex-latex.exe;miktex/bin/x64;
-miktex-pdflatex.exe;miktex/bin/x64
+miktex-pdflatex.exe;miktex/bin/x64;
-pdftosrc.exe;miktex/bin/x64
+pdftosrc.exe;miktex/bin/x64;
-pk2bm.exe;miktex/bin/x64
+pk2bm.exe;miktex/bin/x64;
-pltotf.exe;miktex/bin/x64
+pltotf.exe;miktex/bin/x64;
-pmxab.exe;miktex/bin/x64
+pmxab.exe;miktex/bin/x64;
-pooltype.exe;miktex/bin/x64
+pooltype.exe;miktex/bin/x64;
-prepmx.exe;miktex/bin/x64
+prepmx.exe;miktex/bin/x64;
-ps2pk.exe;miktex/bin/x64
+ps2pk.exe;miktex/bin/x64;
-psbook.exe;miktex/bin/x64
+psbook.exe;miktex/bin/x64;
-psnup.exe;miktex/bin/x64
+psnup.exe;miktex/bin/x64;
-psresize.exe;miktex/bin/x64
+psresize.exe;miktex/bin/x64;
-psselect.exe;miktex/bin/x64
+psselect.exe;miktex/bin/x64;
-pstops.exe;miktex/bin/x64
+pstops.exe;miktex/bin/x64;
+ptekf.exe;miktex/bin/x64;
-rebar.exe;miktex/bin/x64
+rebar.exe;miktex/bin/x64;
-scor2prt.exe;miktex/bin/x64
+scor2prt.exe;miktex/bin/x64;
-sjisconv.exe;miktex/bin/x64
+sjisconv.exe;miktex/bin/x64;
-synctex.exe;miktex/bin/x64
+synctex.exe;miktex/bin/x64;
-t4ht.exe;miktex/bin/x64
+t4ht.exe;miktex/bin/x64;
-tangle.exe;miktex/bin/x64
+tangle.exe;miktex/bin/x64;
-tex2aspc.exe;miktex/bin/x64
+tex2aspc.exe;miktex/bin/x64;
-tex4ht.exe;miktex/bin/x64
+tex4ht.exe;miktex/bin/x64;
-texworks.exe;miktex/bin/x64
+texworks.exe;miktex/bin/x64;
-tex.exe;miktex/bin/x64
+tex.exe;miktex/bin/x64;
-initex.exe;miktex/bin/x64
+initex.exe;miktex/bin/x64;
-virtex.exe;miktex/bin/x64
+virtex.exe;miktex/bin/x64;
-tftopl.exe;miktex/bin/x64
+tftopl.exe;miktex/bin/x64;
-ttf2afm.exe;miktex/bin/x64
+ttf2afm.exe;miktex/bin/x64;
-ttf2pk.exe;miktex/bin/x64
+ttf2pk.exe;miktex/bin/x64;
-ttf2tfm.exe;miktex/bin/x64
+ttf2tfm.exe;miktex/bin/x64;
-pbibtex.exe;miktex/bin/x64
+pbibtex.exe;miktex/bin/x64;
-upbibtex.exe;miktex/bin/x64
+upbibtex.exe;miktex/bin/x64;
-pdvitype.exe;miktex/bin/x64
+pdvitype.exe;miktex/bin/x64;
-updvitype.exe;miktex/bin/x64
+updvitype.exe;miktex/bin/x64;
-ppltotf.exe;miktex/bin/x64
+ppltotf.exe;miktex/bin/x64;
-uppltotf.exe;miktex/bin/x64
+uppltotf.exe;miktex/bin/x64;
-ptftopl.exe;miktex/bin/x64
+ptftopl.exe;miktex/bin/x64;
-uptftopl.exe;miktex/bin/x64
+uptftopl.exe;miktex/bin/x64;
-upmendex.exe;miktex/bin/x64
+upmendex.exe;miktex/bin/x64;
-vftovp.exe;miktex/bin/x64
+vftovp.exe;miktex/bin/x64;
-vptovf.exe;miktex/bin/x64
+vptovf.exe;miktex/bin/x64;
-weave.exe;miktex/bin/x64
+weave.exe;miktex/bin/x64;
-xetex.exe;miktex/bin/x64
+xetex.exe;miktex/bin/x64;
-miktex-xelatex.exe;miktex/bin/x64
+miktex-xelatex.exe;miktex/bin/x64;
-xml2pmx.exe;miktex/bin/x64
+xml2pmx.exe;miktex/bin/x64;
-rungs.exe;miktex/bin/x64
+rungs.exe;miktex/bin/x64;
-kpsewhich.exe;miktex/bin/x64
+kpsewhich.exe;miktex/bin/x64;
-mktexlsr.exe;miktex/bin/x64
+mktexlsr.exe;miktex/bin/x64;
-texhash.exe;miktex/bin/x64
+texhash.exe;miktex/bin/x64;
-texlinks.exe;miktex/bin/x64
+texlinks.exe;miktex/bin/x64;
-updmap.exe;miktex/bin/x64
+updmap.exe;miktex/bin/x64;
-texdoc.exe;miktex/bin/x64
+texdoc.exe;miktex/bin/x64;
-pdfattach.exe;miktex/bin/x64
+pdfattach.exe;miktex/bin/x64;
-pdfdetach.exe;miktex/bin/x64
+pdfdetach.exe;miktex/bin/x64;
-pdffonts.exe;miktex/bin/x64
+pdffonts.exe;miktex/bin/x64;
-pdfimages.exe;miktex/bin/x64
+pdfimages.exe;miktex/bin/x64;
-pdfinfo.exe;miktex/bin/x64
+pdfinfo.exe;miktex/bin/x64;
-pdfseparate.exe;miktex/bin/x64
+pdfseparate.exe;miktex/bin/x64;
-pdftocairo.exe;miktex/bin/x64
+pdftocairo.exe;miktex/bin/x64;
-pdftohtml.exe;miktex/bin/x64
+pdftohtml.exe;miktex/bin/x64;
-pdftoppm.exe;miktex/bin/x64
+pdftoppm.exe;miktex/bin/x64;
-pdftops.exe;miktex/bin/x64
+pdftops.exe;miktex/bin/x64;
-pdftotext.exe;miktex/bin/x64
+pdftotext.exe;miktex/bin/x64;
-pdfunite.exe;miktex/bin/x64
+pdfunite.exe;miktex/bin/x64;
-fc-cache.exe;miktex/bin/x64
+fc-cache.exe;miktex/bin/x64;
-fc-cat.exe;miktex/bin/x64
+fc-cat.exe;miktex/bin/x64;
-fc-conflist.exe;miktex/bin/x64
+fc-conflist.exe;miktex/bin/x64;
-fc-list.exe;miktex/bin/x64
+fc-list.exe;miktex/bin/x64;
-fc-match.exe;miktex/bin/x64
+fc-match.exe;miktex/bin/x64;
-fc-pattern.exe;miktex/bin/x64
+fc-pattern.exe;miktex/bin/x64;
-fc-query.exe;miktex/bin/x64
+fc-query.exe;miktex/bin/x64;
-fc-scan.exe;miktex/bin/x64
+fc-scan.exe;miktex/bin/x64;
-fc-validate.exe;miktex/bin/x64
+fc-validate.exe;miktex/bin/x64;
-cfftot1.exe;miktex/bin/x64
+cfftot1.exe;miktex/bin/x64;
-mmafm.exe;miktex/bin/x64
+mmafm.exe;miktex/bin/x64;
-mmpfb.exe;miktex/bin/x64
+mmpfb.exe;miktex/bin/x64;
-otfinfo.exe;miktex/bin/x64
+otfinfo.exe;miktex/bin/x64;
-otftotfm.exe;miktex/bin/x64
+otftotfm.exe;miktex/bin/x64;
-t1dotlessj.exe;miktex/bin/x64
+t1dotlessj.exe;miktex/bin/x64;
-t1lint.exe;miktex/bin/x64
+t1lint.exe;miktex/bin/x64;
-t1rawafm.exe;miktex/bin/x64
+t1rawafm.exe;miktex/bin/x64;
-t1reencode.exe;miktex/bin/x64
+t1reencode.exe;miktex/bin/x64;
-t1testpage.exe;miktex/bin/x64
+t1testpage.exe;miktex/bin/x64;
-ttftotype42.exe;miktex/bin/x64
+ttftotype42.exe;miktex/bin/x64;
-miktex-taskbar-icon.exe;miktex/bin/x64
+miktex-taskbar-icon.exe;miktex/bin/x64;
-miktex-update.exe;miktex/bin/x64
+miktex-update.exe;miktex/bin/x64;
-miktex-update_admin.exe;miktex/bin/x64
+miktex-update_admin.exe;miktex/bin/x64;
-luahbtex.exe;miktex/bin/x64
+luahbtex.exe;miktex/bin/x64;
-miktex-lualatex.exe;miktex/bin/x64
+miktex-lualatex.exe;miktex/bin/x64;
-miktex-texlua.exe;miktex/bin/x64
+miktex-texlua.exe;miktex/bin/x64;
-miktex-texluac.exe;miktex/bin/x64
+miktex-texluac.exe;miktex/bin/x64;
-luatex.exe;miktex/bin/x64
+luatex.exe;miktex/bin/x64;
-texlua.exe;miktex/bin/x64
+texlua.exe;miktex/bin/x64;
-texluac.exe;miktex/bin/x64
+texluac.exe;miktex/bin/x64;
-latex-dev.exe;miktex/bin/x64
+latex-dev.exe;miktex/bin/x64;
-amstex.exe;miktex/bin/x64
+amstex.exe;miktex/bin/x64;
-lualatex-dev.exe;miktex/bin/x64
+lualatex-dev.exe;miktex/bin/x64;
-pdfcslatex.exe;miktex/bin/x64
+pdfcslatex.exe;miktex/bin/x64;
-pdfcsplain.exe;miktex/bin/x64
+pdfcsplain.exe;miktex/bin/x64;
-dviluatex.exe;miktex/bin/x64
+dviluatex.exe;miktex/bin/x64;
-csplain.exe;miktex/bin/x64
+csplain.exe;miktex/bin/x64;
-cslatex.exe;miktex/bin/x64
+cslatex.exe;miktex/bin/x64;
-mltex.exe;miktex/bin/x64
+mltex.exe;miktex/bin/x64;
-bagpipe.exe;miktex/bin/x64
+bagpipe.exe;miktex/bin/x64;
-lualatex.exe;miktex/bin/x64
+lualatex.exe;miktex/bin/x64;
-bplain.exe;miktex/bin/x64
+bplain.exe;miktex/bin/x64;
-optex.exe;miktex/bin/x64
+optex.exe;miktex/bin/x64;
-bagpipex.exe;miktex/bin/x64
+bagpipex.exe;miktex/bin/x64;
-dvilualatex-dev.exe;miktex/bin/x64
+dvilualatex-dev.exe;miktex/bin/x64;
-dvilualatex.exe;miktex/bin/x64
+dvilualatex.exe;miktex/bin/x64;
-etex.exe;miktex/bin/x64
+etex.exe;miktex/bin/x64;
-lollipop.exe;miktex/bin/x64
+lollipop.exe;miktex/bin/x64;
-hilatex.exe;miktex/bin/x64
+hilatex.exe;miktex/bin/x64;
-hilatex-dev.exe;miktex/bin/x64
+hilatex-dev.exe;miktex/bin/x64;
-jadetex.exe;miktex/bin/x64
+jadetex.exe;miktex/bin/x64;
-latex.exe;miktex/bin/x64
+latex.exe;miktex/bin/x64;
-luahblatex-dev.exe;miktex/bin/x64
+luahblatex-dev.exe;miktex/bin/x64;
-luahblatex.exe;miktex/bin/x64
+luahblatex.exe;miktex/bin/x64;
-utf8mex.exe;miktex/bin/x64
+utf8mex.exe;miktex/bin/x64;
-uplatex-dev.exe;miktex/bin/x64
+uplatex-dev.exe;miktex/bin/x64;
-mllatex.exe;miktex/bin/x64
+mllatex.exe;miktex/bin/x64;
-pdfetex.exe;miktex/bin/x64
+pdfetex.exe;miktex/bin/x64;
-pdfjadetex.exe;miktex/bin/x64
+pdfjadetex.exe;miktex/bin/x64;
-pdflatex-dev.exe;miktex/bin/x64
+pdflatex-dev.exe;miktex/bin/x64;
-dvilualollipop.exe;miktex/bin/x64
+dvilualollipop.exe;miktex/bin/x64;
-pdflatex.exe;miktex/bin/x64
+pdflatex.exe;miktex/bin/x64;
-lualollipop.exe;miktex/bin/x64
+lualollipop.exe;miktex/bin/x64;
-xelatex.exe;miktex/bin/x64
+xelatex.exe;miktex/bin/x64;
-uplatex.exe;miktex/bin/x64
+uplatex.exe;miktex/bin/x64;
-xmltex.exe;miktex/bin/x64
+xmltex.exe;miktex/bin/x64;
-pdfxmltex.exe;miktex/bin/x64
+pdfxmltex.exe;miktex/bin/x64;
-xelatex-dev.exe;miktex/bin/x64
+xelatex-dev.exe;miktex/bin/x64;
-dvilollipop.exe;miktex/bin/x64
+dvilollipop.exe;miktex/bin/x64;
+show-pdf-tags.exe;miktex/bin/x64;
-a5toa4.exe;miktex/bin/x64
+a5toa4.exe;miktex/bin/x64;
-runtexshebang.exe;miktex/bin/x64
+runtexshebang.exe;miktex/bin/x64;
-mkcharacters.exe;miktex/bin/x64
+mkcharacters.exe;miktex/bin/x64;
-checkcites.exe;miktex/bin/x64
+checkcites.exe;miktex/bin/x64;
-ctanbib.exe;miktex/bin/x64
+ctanbib.exe;miktex/bin/x64;
-citeproc.exe;miktex/bin/x64
+citeproc.exe;miktex/bin/x64;
+l3sys-query.exe;miktex/bin/x64;
-cluttex.exe;miktex/bin/x64
+cluttex.exe;miktex/bin/x64;
-texlogsieve.exe;miktex/bin/x64
+texlogsieve.exe;miktex/bin/x64;
-digestif.exe;miktex/bin/x64
+digestif.exe;miktex/bin/x64;
-epspdf.exe;miktex/bin/x64
+epspdf.exe;miktex/bin/x64;
-pfarrei.exe;miktex/bin/x64
+pfarrei.exe;miktex/bin/x64;
+explcheck.exe;miktex/bin/x64;
-getmapdl.exe;miktex/bin/x64
+getmapdl.exe;miktex/bin/x64;
-luamesh.exe;miktex/bin/x64
+luamesh.exe;miktex/bin/x64;
-l3build.exe;miktex/bin/x64
+l3build.exe;miktex/bin/x64;
-llmk.exe;miktex/bin/x64
+llmk.exe;miktex/bin/x64;
-luacolor.exe;miktex/bin/x64
+luacolor.exe;miktex/bin/x64;
-luafindfont.exe;miktex/bin/x64
+luafindfont.exe;miktex/bin/x64;
-luaotfload-tool.exe;miktex/bin/x64
+luaotfload-tool.exe;miktex/bin/x64;
-lyluatex.exe;miktex/bin/x64
+lyluatex.exe;miktex/bin/x64;
-lwarpmk.exe;miktex/bin/x64
+lwarpmk.exe;miktex/bin/x64;
-m-tx.exe;miktex/bin/x64
+m-tx.exe;miktex/bin/x64;
-magicnum.exe;miktex/bin/x64
+magicnum.exe;miktex/bin/x64;
-make4ht.exe;miktex/bin/x64
+make4ht.exe;miktex/bin/x64;
-makeglossaries-lite.exe;miktex/bin/x64
+makeglossaries-lite.exe;miktex/bin/x64;
-markdown-cli.exe;miktex/bin/x64
+markdown-cli.exe;miktex/bin/x64;
-xindex.exe;miktex/bin/x64
+xindex.exe;miktex/bin/x64;
-texblend.exe;miktex/bin/x64
+texblend.exe;miktex/bin/x64;
-mkglyphlist.exe;miktex/bin/x64
+mkglyphlist.exe;miktex/bin/x64;
+runtexfile.exe;miktex/bin/x64;
-mkluatexfontdb.exe;miktex/bin/x64
+mkluatexfontdb.exe;miktex/bin/x64;
-musixflx.exe;miktex/bin/x64
+musixflx.exe;miktex/bin/x64;
-musixtex.exe;miktex/bin/x64
+musixtex.exe;miktex/bin/x64;
+ppmcheckpdf.exe;miktex/bin/x64;
-ptex2pdf.exe;miktex/bin/x64
+ptex2pdf.exe;miktex/bin/x64;
-songidx.exe;miktex/bin/x64
+songidx.exe;miktex/bin/x64;
-tex4ebook.exe;miktex/bin/x64
+tex4ebook.exe;miktex/bin/x64;
-texfindpkg.exe;miktex/bin/x64
+texfindpkg.exe;miktex/bin/x64;
-tinyyaml.exe;miktex/bin/x64
+tinyyaml.exe;miktex/bin/x64;
-latexpand.exe;miktex/bin/x64
+latexpand.exe;miktex/bin/x64;
-authorindex.exe;miktex/bin/x64
+authorindex.exe;miktex/bin/x64;
-ctan-o-mat.exe;miktex/bin/x64
+ctan-o-mat.exe;miktex/bin/x64;
-edtx2dtx.exe;miktex/bin/x64
+edtx2dtx.exe;miktex/bin/x64;
-arlatex.exe;miktex/bin/x64
+arlatex.exe;miktex/bin/x64;
-abs2rel.exe;miktex/bin/x64
+abs2rel.exe;miktex/bin/x64;
-a2ping.exe;miktex/bin/x64
+a2ping.exe;miktex/bin/x64;
-bib2xhtml.exe;miktex/bin/x64
+bib2xhtml.exe;miktex/bin/x64;
-komkindex.exe;miktex/bin/x64
+komkindex.exe;miktex/bin/x64;
-findhyph.exe;miktex/bin/x64
+findhyph.exe;miktex/bin/x64;
-ctanify.exe;miktex/bin/x64
+ctanify.exe;miktex/bin/x64;
-afm2afm.exe;miktex/bin/x64
+afm2afm.exe;miktex/bin/x64;
-ltximg.exe;miktex/bin/x64
+ltximg.exe;miktex/bin/x64;
-csvtools.exe;miktex/bin/x64
+csvtools.exe;miktex/bin/x64;
-autoinst.exe;miktex/bin/x64
+autoinst.exe;miktex/bin/x64;
-bibcop.exe;miktex/bin/x64
+bibcop.exe;miktex/bin/x64;
-ctanupload.exe;miktex/bin/x64
+ctanupload.exe;miktex/bin/x64;
-fullref.exe;miktex/bin/x64
+fullref.exe;miktex/bin/x64;
-bibdoiadd.exe;miktex/bin/x64
+bibdoiadd.exe;miktex/bin/x64;
-bibhtml.exe;miktex/bin/x64
+bibhtml.exe;miktex/bin/x64;
-bundledoc.exe;miktex/bin/x64
+bundledoc.exe;miktex/bin/x64;
-bibzbladd.exe;miktex/bin/x64
+bibzbladd.exe;miktex/bin/x64;
-birm.exe;miktex/bin/x64
+birm.exe;miktex/bin/x64;
-ibyhyph.exe;miktex/bin/x64
+ibyhyph.exe;miktex/bin/x64;
-chklref.exe;miktex/bin/x64
+chklref.exe;miktex/bin/x64;
-cjk-gs-integrate.exe;miktex/bin/x64
+cjk-gs-integrate.exe;miktex/bin/x64;
-creatdtx.exe;miktex/bin/x64
+creatdtx.exe;miktex/bin/x64;
-htmove.exe;miktex/bin/x64
+htmove.exe;miktex/bin/x64;
-dad-to-utf8.exe;miktex/bin/x64
+dad-to-utf8.exe;miktex/bin/x64;
-dosepsbin.exe;miktex/bin/x64
+dosepsbin.exe;miktex/bin/x64;
-dviinfox.exe;miktex/bin/x64
+dviinfox.exe;miktex/bin/x64;
-htcopy.exe;miktex/bin/x64
+htcopy.exe;miktex/bin/x64;
-etexdef.exe;miktex/bin/x64
+etexdef.exe;miktex/bin/x64;
-latexindent.exe;miktex/bin/x64
+latexindent.exe;miktex/bin/x64;
-latexdiff-fast.exe;miktex/bin/x64
+latexdiff-fast.exe;miktex/bin/x64;
-pdfatfi.exe;miktex/bin/x64
+pdfatfi.exe;miktex/bin/x64;
-kanji-config-updmap-user.exe;miktex/bin/x64
+kanji-config-updmap-user.exe;miktex/bin/x64;
-exceltex.exe;miktex/bin/x64
+exceltex.exe;miktex/bin/x64;
-extractres.exe;miktex/bin/x64
+extractres.exe;miktex/bin/x64;
-feynmf.exe;miktex/bin/x64
+feynmf.exe;miktex/bin/x64;
-fig4latex.exe;miktex/bin/x64
+fig4latex.exe;miktex/bin/x64;
-ketcindy.exe;miktex/bin/x64
+ketcindy.exe;miktex/bin/x64;
-isi2bibtex.exe;miktex/bin/x64
+isi2bibtex.exe;miktex/bin/x64;
-jamo-normalize.exe;miktex/bin/x64
+jamo-normalize.exe;miktex/bin/x64;
-latexdiff.exe;miktex/bin/x64
+latexdiff.exe;miktex/bin/x64;
-jfmutil.exe;miktex/bin/x64
+jfmutil.exe;miktex/bin/x64;
-kanji-config-updmap.exe;miktex/bin/x64
+kanji-config-updmap.exe;miktex/bin/x64;
-kanji-config-updmap-sys.exe;miktex/bin/x64
+kanji-config-updmap-sys.exe;miktex/bin/x64;
-kanji-fontmap-creator.exe;miktex/bin/x64
+kanji-fontmap-creator.exe;miktex/bin/x64;
-texdirflatten.exe;miktex/bin/x64
+texdirflatten.exe;miktex/bin/x64;
-makejmlrbook.exe;miktex/bin/x64
+makejmlrbook.exe;miktex/bin/x64;
-luatexdef.exe;miktex/bin/x64
+luatexdef.exe;miktex/bin/x64;
-latex-git-log.exe;miktex/bin/x64
+latex-git-log.exe;miktex/bin/x64;
-makedtx.exe;miktex/bin/x64
+makedtx.exe;miktex/bin/x64;
-pdftexdef.exe;miktex/bin/x64
+pdftexdef.exe;miktex/bin/x64;
-latex2man.exe;miktex/bin/x64
+latex2man.exe;miktex/bin/x64;
-latexdef.exe;miktex/bin/x64
+latexdef.exe;miktex/bin/x64;
-latexdiff-so.exe;miktex/bin/x64
+latexdiff-so.exe;miktex/bin/x64;
-latexdiff-vc.exe;miktex/bin/x64
+latexdiff-vc.exe;miktex/bin/x64;
-latexmk.exe;miktex/bin/x64
+latexmk.exe;miktex/bin/x64;
-makeglossaries.exe;miktex/bin/x64
+makeglossaries.exe;miktex/bin/x64;
-latexrevise.exe;miktex/bin/x64
+latexrevise.exe;miktex/bin/x64;
-ltx2crossrefxml.exe;miktex/bin/x64
+ltx2crossrefxml.exe;miktex/bin/x64;
-lualatexdef.exe;miktex/bin/x64
+lualatexdef.exe;miktex/bin/x64;
-mathspic.exe;miktex/bin/x64
+mathspic.exe;miktex/bin/x64;
-mathspic113.exe;miktex/bin/x64
+mathspic113.exe;miktex/bin/x64;
-memoize-clean.pl.exe;miktex/bin/x64
+memoize-clean.pl.exe;miktex/bin/x64;
-memoize-extract.pl.exe;miktex/bin/x64
+memoize-extract.pl.exe;miktex/bin/x64;
-mf2pt1.exe;miktex/bin/x64
+mf2pt1.exe;miktex/bin/x64;
-mfirstuc.exe;miktex/bin/x64
+mfirstuc.exe;miktex/bin/x64;
-mk4ht.exe;miktex/bin/x64
+mk4ht.exe;miktex/bin/x64;
-mkjobtexmf.exe;miktex/bin/x64
+mkjobtexmf.exe;miktex/bin/x64;
-mkt1font.exe;miktex/bin/x64
+mkt1font.exe;miktex/bin/x64;
-mptopdf.exe;miktex/bin/x64
+mptopdf.exe;miktex/bin/x64;
-OOopict.exe;miktex/bin/x64
+OOopict.exe;miktex/bin/x64;
-orderrefs.exe;miktex/bin/x64
+orderrefs.exe;miktex/bin/x64;
-ot2kpx.exe;miktex/bin/x64
+ot2kpx.exe;miktex/bin/x64;
-pdfcrop.exe;miktex/bin/x64
+pdfcrop.exe;miktex/bin/x64;
-pdflatexdef.exe;miktex/bin/x64
+pdflatexdef.exe;miktex/bin/x64;
-pdflatexpicscale.exe;miktex/bin/x64
+pdflatexpicscale.exe;miktex/bin/x64;
-pedigree.exe;miktex/bin/x64
+pedigree.exe;miktex/bin/x64;
-perltex.exe;miktex/bin/x64
+perltex.exe;miktex/bin/x64;
-pkfix.exe;miktex/bin/x64
+pkfix.exe;miktex/bin/x64;
-pkfix-helper.exe;miktex/bin/x64
+pkfix-helper.exe;miktex/bin/x64;
-pn2pdf.exe;miktex/bin/x64
+pn2pdf.exe;miktex/bin/x64;
-psjoin.exe;miktex/bin/x64
+psjoin.exe;miktex/bin/x64;
-pst2pdf.exe;miktex/bin/x64
+pst2pdf.exe;miktex/bin/x64;
-rcsinfo.exe;miktex/bin/x64
+rcsinfo.exe;miktex/bin/x64;
-rubikrotation.exe;miktex/bin/x64
+rubikrotation.exe;miktex/bin/x64;
-splitindex.exe;miktex/bin/x64
+splitindex.exe;miktex/bin/x64;
+sqltex.exe;miktex/bin/x64;
-srcredact.exe;miktex/bin/x64
+srcredact.exe;miktex/bin/x64;
-sty2dtx.exe;miktex/bin/x64
+sty2dtx.exe;miktex/bin/x64;
-svn-multi.exe;miktex/bin/x64
+svn-multi.exe;miktex/bin/x64;
-texcount.exe;miktex/bin/x64
+texcount.exe;miktex/bin/x64;
-texdef.exe;miktex/bin/x64
+texdef.exe;miktex/bin/x64;
-texdiff.exe;miktex/bin/x64
+texdiff.exe;miktex/bin/x64;
-texfot.exe;miktex/bin/x64
+texfot.exe;miktex/bin/x64;
-texindy.exe;miktex/bin/x64
+texindy.exe;miktex/bin/x64;
-texloganalyser.exe;miktex/bin/x64
+texloganalyser.exe;miktex/bin/x64;
-texlogfilter.exe;miktex/bin/x64
+texlogfilter.exe;miktex/bin/x64;
-thumbpdf.exe;miktex/bin/x64
+thumbpdf.exe;miktex/bin/x64;
-ttf2kotexfont.exe;miktex/bin/x64
+ttf2kotexfont.exe;miktex/bin/x64;
-txt2qq.exe;miktex/bin/x64
+txt2qq.exe;miktex/bin/x64;
-urlbst.exe;miktex/bin/x64
+urlbst.exe;miktex/bin/x64;
-utf8-to-dad.exe;miktex/bin/x64
+utf8-to-dad.exe;miktex/bin/x64;
-vpe.exe;miktex/bin/x64
+vpe.exe;miktex/bin/x64;
-vpl2ovp.exe;miktex/bin/x64
+vpl2ovp.exe;miktex/bin/x64;
-vpl2vpl.exe;miktex/bin/x64
+vpl2vpl.exe;miktex/bin/x64;
-xdv2pdf_mergemarks.exe;miktex/bin/x64
+xdv2pdf_mergemarks.exe;miktex/bin/x64;
-xelatexdef.exe;miktex/bin/x64
+xelatexdef.exe;miktex/bin/x64;
-xetexdef.exe;miktex/bin/x64
+xetexdef.exe;miktex/bin/x64;
-xindy.exe;miktex/bin/x64
+xindy.exe;miktex/bin/x64;
-biokey2html.exe;miktex/bin/x64
+biokey2html.exe;miktex/bin/x64;
-dumphint.exe;miktex/bin/x64
+dumphint.exe;miktex/bin/x64;
-ps2pdf14.exe;miktex/bin/x64
+ps2pdf14.exe;miktex/bin/x64;
-gsnd.exe;miktex/bin/x64
+gsnd.exe;miktex/bin/x64;
-eps2eps.exe;miktex/bin/x64
+eps2eps.exe;miktex/bin/x64;
-ps2ps2.exe;miktex/bin/x64
+ps2ps2.exe;miktex/bin/x64;
-gsbj.exe;miktex/bin/x64
+gsbj.exe;miktex/bin/x64;
-gssetgs.exe;miktex/bin/x64
+gssetgs.exe;miktex/bin/x64;
-font2c.exe;miktex/bin/x64
+font2c.exe;miktex/bin/x64;
-ps2ascii.exe;miktex/bin/x64
+ps2ascii.exe;miktex/bin/x64;
-gslj.exe;miktex/bin/x64
+gslj.exe;miktex/bin/x64;
-lpr2.exe;miktex/bin/x64
+lpr2.exe;miktex/bin/x64;
-gst.exe;miktex/bin/x64
+gst.exe;miktex/bin/x64;
-gsdj.exe;miktex/bin/x64
+gsdj.exe;miktex/bin/x64;
-gsdj500.exe;miktex/bin/x64
+gsdj500.exe;miktex/bin/x64;
-gslp.exe;miktex/bin/x64
+gslp.exe;miktex/bin/x64;
-lpgs.exe;miktex/bin/x64
+lpgs.exe;miktex/bin/x64;
-gsndt.exe;miktex/bin/x64
+gsndt.exe;miktex/bin/x64;
-wmakebat.exe;miktex/bin/x64
+wmakebat.exe;miktex/bin/x64;
-pf2afm.exe;miktex/bin/x64
+pf2afm.exe;miktex/bin/x64;
-gstt.exe;miktex/bin/x64
+gstt.exe;miktex/bin/x64;
-httexi.exe;miktex/bin/x64
+httexi.exe;miktex/bin/x64;
-ht.exe;miktex/bin/x64
+ht.exe;miktex/bin/x64;
-ps2pdf.exe;miktex/bin/x64
+ps2pdf.exe;miktex/bin/x64;
-htcontext.exe;miktex/bin/x64
+htcontext.exe;miktex/bin/x64;
-ps2ps.exe;miktex/bin/x64
+ps2ps.exe;miktex/bin/x64;
-htlatex.exe;miktex/bin/x64
+htlatex.exe;miktex/bin/x64;
-pdf2dsc.exe;miktex/bin/x64
+pdf2dsc.exe;miktex/bin/x64;
-htmex.exe;miktex/bin/x64
+htmex.exe;miktex/bin/x64;
-httex.exe;miktex/bin/x64
+httex.exe;miktex/bin/x64;
-htxelatex.exe;miktex/bin/x64
+htxelatex.exe;miktex/bin/x64;
-htxetex.exe;miktex/bin/x64
+htxetex.exe;miktex/bin/x64;
-pdf2ps.exe;miktex/bin/x64
+pdf2ps.exe;miktex/bin/x64;
-lp386.exe;miktex/bin/x64
+lp386.exe;miktex/bin/x64;
-pslatex.exe;miktex/bin/x64
+pslatex.exe;miktex/bin/x64;
-lp386r2.exe;miktex/bin/x64
+lp386r2.exe;miktex/bin/x64;
-pdfopt.exe;miktex/bin/x64
+pdfopt.exe;miktex/bin/x64;
-pfbtopfa.exe;miktex/bin/x64
+pfbtopfa.exe;miktex/bin/x64;
-pftogsf.exe;miktex/bin/x64
+pftogsf.exe;miktex/bin/x64;
-ps2epsi.exe;miktex/bin/x64
+ps2epsi.exe;miktex/bin/x64;
-ps2pdf12.exe;miktex/bin/x64
+ps2pdf12.exe;miktex/bin/x64;
-ps2pdf13.exe;miktex/bin/x64
+ps2pdf13.exe;miktex/bin/x64;
-ps2pdfxx.exe;miktex/bin/x64
+ps2pdfxx.exe;miktex/bin/x64;
-ps4pdf.exe;miktex/bin/x64
+ps4pdf.exe;miktex/bin/x64;
-gfi-run.exe;miktex/bin/x64
+gfi-run.exe;miktex/bin/x64;
-merge-tex.exe;miktex/bin/x64
+merge-tex.exe;miktex/bin/x64;
-de-macro.exe;miktex/bin/x64
+de-macro.exe;miktex/bin/x64;
-latex-papersize.exe;miktex/bin/x64
+latex-papersize.exe;miktex/bin/x64;
-depythontex.exe;miktex/bin/x64
+depythontex.exe;miktex/bin/x64;
-dviasm.exe;miktex/bin/x64
+dviasm.exe;miktex/bin/x64;
-emo.exe;miktex/bin/x64
+emo.exe;miktex/bin/x64;
-memoize-extract.py.exe;miktex/bin/x64
+memoize-extract.py.exe;miktex/bin/x64;
-memoize-clean.py.exe;miktex/bin/x64
+memoize-clean.py.exe;miktex/bin/x64;
-pypostproc.exe;miktex/bin/x64
+pypostproc.exe;miktex/bin/x64;
-mgetmref.exe;miktex/bin/x64
+mgetmref.exe;miktex/bin/x64;
-optexcount.exe;miktex/bin/x64
+optexcount.exe;miktex/bin/x64;
-pdfbook2.exe;miktex/bin/x64
+pdfbook2.exe;miktex/bin/x64;
-pgfplots.exe;miktex/bin/x64
+pgfplots.exe;miktex/bin/x64;
-pygmentex.exe;miktex/bin/x64
+pygmentex.exe;miktex/bin/x64;
-pypreproc.exe;miktex/bin/x64
+pypreproc.exe;miktex/bin/x64;
-pythontex.exe;miktex/bin/x64
+pythontex.exe;miktex/bin/x64;
-song2tex.exe;miktex/bin/x64
+song2tex.exe;miktex/bin/x64;
-spix.exe;miktex/bin/x64
+spix.exe;miktex/bin/x64;
-webquiz.exe;miktex/bin/x64
+webquiz.exe;miktex/bin/x64;
-biber.exe;miktex/bin/x64
+biber.exe;miktex/bin/x64;
-biber-ms.exe;miktex/bin/x64
+biber-ms.exe;miktex/bin/x64;
-albatross.exe;miktex/bin/x64
+albatross.exe;miktex/bin/x64;
-latex2nemeth.exe;miktex/bin/x64
+latex2nemeth.exe;miktex/bin/x64;
-bib2gls.exe;miktex/bin/x64
+bib2gls.exe;miktex/bin/x64;
-arara.exe;miktex/bin/x64
+arara.exe;miktex/bin/x64;
-bmeditor.exe;miktex/bin/x64
+bmeditor.exe;miktex/bin/x64;
-convertgls2bib.exe;miktex/bin/x64
+convertgls2bib.exe;miktex/bin/x64;
-texosquery-jre5.exe;miktex/bin/x64
+texosquery-jre5.exe;miktex/bin/x64;
+latexscreenshooter.exe;miktex/bin/x64;
-texosquery.exe;miktex/bin/x64
+texosquery.exe;miktex/bin/x64;
-texosquery-jre8.exe;miktex/bin/x64
+texosquery-jre8.exe;miktex/bin/x64;
-texplate.exe;miktex/bin/x64
+texplate.exe;miktex/bin/x64;
+ulem.tpm;tpm/packages;
+README;doc/latex/ulem;
+ulem.pdf;doc/latex/ulem;
+ulem-src.tar.xz;source;
+ulem.sty;tex/latex/ulem;
+latexmk.pl;scripts/latexmk;
+latexmk.tpm;tpm/packages;
+wrapfig.sty;tex/latex/wrapfig;
+wrapfig.tpm;tpm/packages;
+README;doc/latex/capt-of;
+capt-of.pdf;doc/latex/capt-of;
+capt-of-src.tar.bz2;source;
+capt-of.sty;tex/latex/capt-of;
+capt-of.tpm;tpm/packages;
+kvsetkeys.tpm;tpm/packages;
+kvsetkeys.sty;tex/latex/kvsetkeys;
+kvdefinekeys.pdf;doc/latex/kvdefinekeys;
+kvdefinekeys-src.tar.xz;source;
+README.md;doc/latex/kvdefinekeys;
+kvdefinekeys.sty;tex/generic/kvdefinekeys;
+kvdefinekeys.tpm;tpm/packages;
+README.md;doc/latex/pdfescape;
+pdfescape.pdf;doc/latex/pdfescape;
+pdfescape.sty;tex/generic/pdfescape;
+pdfescape-src.tar.xz;source;
+pdfescape.tpm;tpm/packages;
+ltxcmds.tpm;tpm/packages;
+ltxcmds.sty;tex/generic/ltxcmds;
+infwarerr.pdf;doc/latex/infwarerr;
+infwarerr-src.tar.xz;source;
+README.md;doc/latex/infwarerr;
+infwarerr.sty;tex/generic/infwarerr;
+infwarerr.tpm;tpm/packages;
+hycolor.pdf;doc/latex/hycolor;
+hycolor-src.tar.xz;source;
+README.md;doc/latex/hycolor;
+xcolor-patch.sty;tex/latex/hycolor;
+hycolor.sty;tex/latex/hycolor;
+hycolor.tpm;tpm/packages;
+unifssl7c.tfm;fonts/tfm/zhmetrics/unifs;
+cyberbsl37.tfm;fonts/tfm/zhmetrics/cyberb;
+uniheisld8.tfm;fonts/tfm/zhmetrics/unihei;
+ttfonts.map;fonts/map/ttf2pk;
+cyberbsl2d.tfm;fonts/tfm/zhmetrics/cyberb;
+unikai47.tfm;fonts/tfm/zhmetrics/unikai;
+cyberbf5.tfm;fonts/tfm/zhmetrics/cyberb;
+cyberb03.tfm;fonts/tfm/zhmetrics/cyberb;
+gbkli22.tfm;fonts/tfm/zhmetrics/gbkli;
+cyberb71.tfm;fonts/tfm/zhmetrics/cyberb;
+uniyousl96.tfm;fonts/tfm/zhmetrics/uniyou;
+gbkfssl27.tfm;fonts/tfm/zhmetrics/gbkfs;
+gbkyou44.tfm;fonts/tfm/zhmetrics/gbkyou;
+cyberb1c.tfm;fonts/tfm/zhmetrics/cyberb;
+uniheisl1d.tfm;fonts/tfm/zhmetrics/unihei;
+uniyou66.tfm;fonts/tfm/zhmetrics/uniyou;
+gbksong53.tfm;fonts/tfm/zhmetrics/gbksong;
+unili93.tfm;fonts/tfm/zhmetrics/unili;
+cyberbslcd.tfm;fonts/tfm/zhmetrics/cyberb;
+cyberb00.tfm;fonts/tfm/zhmetrics/cyberb;
+uniheisl29.tfm;fonts/tfm/zhmetrics/unihei;
+gbkli23.tfm;fonts/tfm/zhmetrics/gbkli;
+cyberb70.tfm;fonts/tfm/zhmetrics/cyberb;
+uniyousl97.tfm;fonts/tfm/zhmetrics/uniyou;
+gbkfssl26.tfm;fonts/tfm/zhmetrics/gbkfs;
+gbkyou45.tfm;fonts/tfm/zhmetrics/gbkyou;
+cyberb1b.tfm;fonts/tfm/zhmetrics/cyberb;
+uniheisl1e.tfm;fonts/tfm/zhmetrics/unihei;
+uniyou67.tfm;fonts/tfm/zhmetrics/uniyou;
+gbksong52.tfm;fonts/tfm/zhmetrics/gbksong;
+unili92.tfm;fonts/tfm/zhmetrics/unili;
+cyberbslce.tfm;fonts/tfm/zhmetrics/cyberb;
+cyberb01.tfm;fonts/tfm/zhmetrics/cyberb;
+uniheisl28.tfm;fonts/tfm/zhmetrics/unihei;
+gbkli20.tfm;fonts/tfm/zhmetrics/gbkli;
+cyberb73.tfm;fonts/tfm/zhmetrics/cyberb;
+uniyousl94.tfm;fonts/tfm/zhmetrics/uniyou;
+gbkfssl25.tfm;fonts/tfm/zhmetrics/gbkfs;
+gbkyou46.tfm;fonts/tfm/zhmetrics/gbkyou;
+cyberb1a.tfm;fonts/tfm/zhmetrics/cyberb;
+gbkhei88.tfm;fonts/tfm/zhmetrics/gbkhei;
+uniheisl1f.tfm;fonts/tfm/zhmetrics/unihei;
+unikaisl58.tfm;fonts/tfm/zhmetrics/unikai;
+unili91.tfm;fonts/tfm/zhmetrics/unili;
+gbkyou19.tfm;fonts/tfm/zhmetrics/gbkyou;
+cyberbslcf.tfm;fonts/tfm/zhmetrics/cyberb;
+uniyou64.tfm;fonts/tfm/zhmetrics/uniyou;
+gbksong51.tfm;fonts/tfm/zhmetrics/gbksong;
+cyberb02.tfm;fonts/tfm/zhmetrics/cyberb;
+gbkfssl94.tfm;fonts/tfm/zhmetrics/gbkfs;
+unilislc8.tfm;fonts/tfm/zhmetrics/unili;
+cyberb04.tfm;fonts/tfm/zhmetrics/cyberb;
+gbkfssl92.tfm;fonts/tfm/zhmetrics/gbkfs;
+gbkli27.tfm;fonts/tfm/zhmetrics/gbkli;
+cyberb74.tfm;fonts/tfm/zhmetrics/cyberb;
+uniyousl93.tfm;fonts/tfm/zhmetrics/uniyou;
+gbkfssl22.tfm;fonts/tfm/zhmetrics/gbkfs;
+gbkyou41.tfm;fonts/tfm/zhmetrics/gbkyou;
+gbklisl39.tfm;fonts/tfm/zhmetrics/gbkli;
+cyberb1f.tfm;fonts/tfm/zhmetrics/cyberb;
+uniheisl1a.tfm;fonts/tfm/zhmetrics/unihei;
+uniyou63.tfm;fonts/tfm/zhmetrics/uniyou;
+gbksong56.tfm;fonts/tfm/zhmetrics/gbksong;
+unili96.tfm;fonts/tfm/zhmetrics/unili;
+cyberbslca.tfm;fonts/tfm/zhmetrics/cyberb;
+unilislc9.tfm;fonts/tfm/zhmetrics/unili;
+cyberb05.tfm;fonts/tfm/zhmetrics/cyberb;
+gbkfssl93.tfm;fonts/tfm/zhmetrics/gbkfs;
+gbkli24.tfm;fonts/tfm/zhmetrics/gbkli;
+cyberb77.tfm;fonts/tfm/zhmetrics/cyberb;
+uniyousl90.tfm;fonts/tfm/zhmetrics/uniyou;
+gbkfssl21.tfm;fonts/tfm/zhmetrics/gbkfs;
+gbkyou42.tfm;fonts/tfm/zhmetrics/gbkyou;
+cyberb1e.tfm;fonts/tfm/zhmetrics/cyberb;
+uniheisl1b.tfm;fonts/tfm/zhmetrics/unihei;
+uniyousla8.tfm;fonts/tfm/zhmetrics/uniyou;
+uniyou60.tfm;fonts/tfm/zhmetrics/uniyou;
+gbksong55.tfm;fonts/tfm/zhmetrics/gbksong;
+cyberbslcb.tfm;fonts/tfm/zhmetrics/cyberb;
+unisong19.tfm;fonts/tfm/zhmetrics/unisong;
+unili95.tfm;fonts/tfm/zhmetrics/unili;
+cyberb06.tfm;fonts/tfm/zhmetrics/cyberb;
+uniheid8.tfm;fonts/tfm/zhmetrics/unihei;
+gbkfssl90.tfm;fonts/tfm/zhmetrics/gbkfs;
+gbkli25.tfm;fonts/tfm/zhmetrics/gbkli;
+cyberb76.tfm;fonts/tfm/zhmetrics/cyberb;
+uniyousl91.tfm;fonts/tfm/zhmetrics/uniyou;
+gbkfssl20.tfm;fonts/tfm/zhmetrics/gbkfs;
+gbkyou43.tfm;fonts/tfm/zhmetrics/gbkyou;
+cyberb1d.tfm;fonts/tfm/zhmetrics/cyberb;
+uniheisl1c.tfm;fonts/tfm/zhmetrics/unihei;
+uniyousla9.tfm;fonts/tfm/zhmetrics/uniyou;
+uniyou61.tfm;fonts/tfm/zhmetrics/uniyou;
+gbksong54.tfm;fonts/tfm/zhmetrics/gbksong;
+cyberbslcc.tfm;fonts/tfm/zhmetrics/cyberb;
+unisong18.tfm;fonts/tfm/zhmetrics/unisong;
+unili94.tfm;fonts/tfm/zhmetrics/unili;
+cyberb07.tfm;fonts/tfm/zhmetrics/cyberb;
+uniheid9.tfm;fonts/tfm/zhmetrics/unihei;
+gbkfssl91.tfm;fonts/tfm/zhmetrics/gbkfs;
+unilislc4.tfm;fonts/tfm/zhmetrics/unili;
+cyberb08.tfm;fonts/tfm/zhmetrics/cyberb;
+uniheid6.tfm;fonts/tfm/zhmetrics/unihei;
+uniheisl21.tfm;fonts/tfm/zhmetrics/unihei;
+unilislc5.tfm;fonts/tfm/zhmetrics/unili;
+cyberb09.tfm;fonts/tfm/zhmetrics/cyberb;
+uniheid7.tfm;fonts/tfm/zhmetrics/unihei;
+uniheisl20.tfm;fonts/tfm/zhmetrics/unihei;
+cyberb12.tfm;fonts/tfm/zhmetrics/cyberb;
+uniheie8.tfm;fonts/tfm/zhmetrics/unihei;
+uniheisl15.tfm;fonts/tfm/zhmetrics/unihei;
+gbkfssl80.tfm;fonts/tfm/zhmetrics/gbkfs;
+unili9b.tfm;fonts/tfm/zhmetrics/unili;
+gbklisl88.tfm;fonts/tfm/zhmetrics/gbkli;
+cyberbslc5.tfm;fonts/tfm/zhmetrics/cyberb;
+gbkhei76.tfm;fonts/tfm/zhmetrics/gbkhei;
+gbkli92.tfm;fonts/tfm/zhmetrics/gbkli;
+uniheib9.tfm;fonts/tfm/zhmetrics/unihei;
+gbksongsl75.tfm;fonts/tfm/zhmetrics/gbksong;
+cyberb0a.tfm;fonts/tfm/zhmetrics/cyberb;
+gbkfs70.tfm;fonts/tfm/zhmetrics/gbkfs;
+unikaid5.tfm;fonts/tfm/zhmetrics/unikai;
+gbksl40.tfm;fonts/tfm/zhmetrics/gbk;
+unisong68.tfm;fonts/tfm/zhmetrics/unisong;
+gbksl90.tfm;fonts/tfm/zhmetrics/gbk;
+unikaisl47.tfm;fonts/tfm/zhmetrics/unikai;
+unifs19.tfm;fonts/tfm/zhmetrics/unifs;
+cyberb7c.tfm;fonts/tfm/zhmetrics/cyberb;
+cyberb11.tfm;fonts/tfm/zhmetrics/cyberb;
+uniheisl16.tfm;fonts/tfm/zhmetrics/unihei;
+gbkfssl83.tfm;fonts/tfm/zhmetrics/gbkfs;
+uniyou6d.tfm;fonts/tfm/zhmetrics/uniyou;
+gbkli91.tfm;fonts/tfm/zhmetrics/gbkli;
+uniheisl49.tfm;fonts/tfm/zhmetrics/unihei;
+unili9a.tfm;fonts/tfm/zhmetrics/unili;
+cyberbslc6.tfm;fonts/tfm/zhmetrics/cyberb;
+gbkhei75.tfm;fonts/tfm/zhmetrics/gbkhei;
+gbksongsl76.tfm;fonts/tfm/zhmetrics/gbksong;
+cyberb0b.tfm;fonts/tfm/zhmetrics/cyberb;
+gbkfs73.tfm;fonts/tfm/zhmetrics/gbkfs;
+unikaid6.tfm;fonts/tfm/zhmetrics/unikai;
+gbksl43.tfm;fonts/tfm/zhmetrics/gbk;
+unisong69.tfm;fonts/tfm/zhmetrics/unisong;
+gbksl91.tfm;fonts/tfm/zhmetrics/gbk;
+unikaisl46.tfm;fonts/tfm/zhmetrics/unikai;
+unifs18.tfm;fonts/tfm/zhmetrics/unifs;
+cyberb7b.tfm;fonts/tfm/zhmetrics/cyberb;
+cyberb10.tfm;fonts/tfm/zhmetrics/cyberb;
+uniheisl17.tfm;fonts/tfm/zhmetrics/unihei;
+gbkfssl82.tfm;fonts/tfm/zhmetrics/gbkfs;
+uniyou6e.tfm;fonts/tfm/zhmetrics/uniyou;
+gbkli90.tfm;fonts/tfm/zhmetrics/gbkli;
+uniheisl48.tfm;fonts/tfm/zhmetrics/unihei;
+cyberbslc7.tfm;fonts/tfm/zhmetrics/cyberb;
+gbkhei74.tfm;fonts/tfm/zhmetrics/gbkhei;
+gbksongsl77.tfm;fonts/tfm/zhmetrics/gbksong;
+cyberb0c.tfm;fonts/tfm/zhmetrics/cyberb;
+gbkfs72.tfm;fonts/tfm/zhmetrics/gbkfs;
+unikaid7.tfm;fonts/tfm/zhmetrics/unikai;
+gbksl42.tfm;fonts/tfm/zhmetrics/gbk;
+cyberb7e.tfm;fonts/tfm/zhmetrics/cyberb;
+cyberbd8.tfm;fonts/tfm/zhmetrics/cyberb;
+cyberb17.tfm;fonts/tfm/zhmetrics/cyberb;
+uniheisl10.tfm;fonts/tfm/zhmetrics/unihei;
+gbkfssl85.tfm;fonts/tfm/zhmetrics/gbkfs;
+cyberbslc0.tfm;fonts/tfm/zhmetrics/cyberb;
+gbkhei73.tfm;fonts/tfm/zhmetrics/gbkhei;
+gbksongsl70.tfm;fonts/tfm/zhmetrics/gbksong;
+cyberb0d.tfm;fonts/tfm/zhmetrics/cyberb;
+gbkfs75.tfm;fonts/tfm/zhmetrics/gbkfs;
+unikaid0.tfm;fonts/tfm/zhmetrics/unikai;
+gbksl45.tfm;fonts/tfm/zhmetrics/gbk;
+cyberb7d.tfm;fonts/tfm/zhmetrics/cyberb;
+cyberbd9.tfm;fonts/tfm/zhmetrics/cyberb;
+cyberb16.tfm;fonts/tfm/zhmetrics/cyberb;
+uniheisl11.tfm;fonts/tfm/zhmetrics/unihei;
+gbkfssl84.tfm;fonts/tfm/zhmetrics/gbkfs;
+unili9f.tfm;fonts/tfm/zhmetrics/unili;
+cyberbslc1.tfm;fonts/tfm/zhmetrics/cyberb;
+gbkhei72.tfm;fonts/tfm/zhmetrics/gbkhei;
+gbksongsl71.tfm;fonts/tfm/zhmetrics/gbksong;
+cyberb0e.tfm;fonts/tfm/zhmetrics/cyberb;
+gbkfs74.tfm;fonts/tfm/zhmetrics/gbkfs;
+unikaid1.tfm;fonts/tfm/zhmetrics/unikai;
+gbksl44.tfm;fonts/tfm/zhmetrics/gbk;
+unilislb9.tfm;fonts/tfm/zhmetrics/unili;
+cyberb15.tfm;fonts/tfm/zhmetrics/cyberb;
+uniheisl12.tfm;fonts/tfm/zhmetrics/unihei;
+gbkfssl87.tfm;fonts/tfm/zhmetrics/gbkfs;
+unifssl98.tfm;fonts/tfm/zhmetrics/unifs;
+unili9e.tfm;fonts/tfm/zhmetrics/unili;
+cyberbslc2.tfm;fonts/tfm/zhmetrics/cyberb;
+gbkhei71.tfm;fonts/tfm/zhmetrics/gbkhei;
+gbksongsl72.tfm;fonts/tfm/zhmetrics/gbksong;
+cyberb0f.tfm;fonts/tfm/zhmetrics/cyberb;
+gbkfs77.tfm;fonts/tfm/zhmetrics/gbkfs;
+unikaid2.tfm;fonts/tfm/zhmetrics/unikai;
+gbksl47.tfm;fonts/tfm/zhmetrics/gbk;
+gbksl92.tfm;fonts/tfm/zhmetrics/gbk;
+unikaisl45.tfm;fonts/tfm/zhmetrics/unikai;
+cyberb7a.tfm;fonts/tfm/zhmetrics/cyberb;
+cyberb13.tfm;fonts/tfm/zhmetrics/cyberb;
+uniheie9.tfm;fonts/tfm/zhmetrics/unihei;
+uniheisl14.tfm;fonts/tfm/zhmetrics/unihei;
+gbkfssl81.tfm;fonts/tfm/zhmetrics/gbkfs;
+cyberb7f.tfm;fonts/tfm/zhmetrics/cyberb;
+unilislb8.tfm;fonts/tfm/zhmetrics/unili;
+cyberb14.tfm;fonts/tfm/zhmetrics/cyberb;
+uniheisl13.tfm;fonts/tfm/zhmetrics/unihei;
+gbkfssl86.tfm;fonts/tfm/zhmetrics/gbkfs;
+cyberbd7.tfm;fonts/tfm/zhmetrics/cyberb;
+unifs10.tfm;fonts/tfm/zhmetrics/unifs;
+unilislb4.tfm;fonts/tfm/zhmetrics/unili;
+cyberb18.tfm;fonts/tfm/zhmetrics/cyberb;
+uniheie2.tfm;fonts/tfm/zhmetrics/unihei;
+cyberbd6.tfm;fonts/tfm/zhmetrics/cyberb;
+unifs11.tfm;fonts/tfm/zhmetrics/unifs;
+unilislb5.tfm;fonts/tfm/zhmetrics/unili;
+cyberb19.tfm;fonts/tfm/zhmetrics/cyberb;
+uniheie3.tfm;fonts/tfm/zhmetrics/unihei;
+gbkli11.tfm;fonts/tfm/zhmetrics/gbkli;
+cyberb20.tfm;fonts/tfm/zhmetrics/cyberb;
+gbkfssl72.tfm;fonts/tfm/zhmetrics/gbkfs;
+gbkfssl73.tfm;fonts/tfm/zhmetrics/gbkfs;
+unisongslcc.tfm;fonts/tfm/zhmetrics/unisong;
+unifs3f.tfm;fonts/tfm/zhmetrics/unifs;
+gbkli10.tfm;fonts/tfm/zhmetrics/gbkli;
+cyberb21.tfm;fonts/tfm/zhmetrics/cyberb;
+unihei8a.tfm;fonts/tfm/zhmetrics/unihei;
+gbkfssl70.tfm;fonts/tfm/zhmetrics/gbkfs;
+unifs3e.tfm;fonts/tfm/zhmetrics/unifs;
+gbkli13.tfm;fonts/tfm/zhmetrics/gbkli;
+cyberb22.tfm;fonts/tfm/zhmetrics/cyberb;
+unihei8b.tfm;fonts/tfm/zhmetrics/unihei;
+gbkfssl71.tfm;fonts/tfm/zhmetrics/gbkfs;
+unisongslca.tfm;fonts/tfm/zhmetrics/unisong;
+unifs3d.tfm;fonts/tfm/zhmetrics/unifs;
+gbkli12.tfm;fonts/tfm/zhmetrics/gbkli;
+cyberb23.tfm;fonts/tfm/zhmetrics/cyberb;
+unihei8c.tfm;fonts/tfm/zhmetrics/unihei;
+gbkfssl76.tfm;fonts/tfm/zhmetrics/gbkfs;
+unisongslcf.tfm;fonts/tfm/zhmetrics/unisong;
+unifs3c.tfm;fonts/tfm/zhmetrics/unifs;
+gbkli15.tfm;fonts/tfm/zhmetrics/gbkli;
+cyberb24.tfm;fonts/tfm/zhmetrics/cyberb;
+unihei8d.tfm;fonts/tfm/zhmetrics/unihei;
+gbk19.tfm;fonts/tfm/zhmetrics/gbk;
+unisong0b.tfm;fonts/tfm/zhmetrics/unisong;
+unikaisl2a.tfm;fonts/tfm/zhmetrics/unikai;
+gbkfssl77.tfm;fonts/tfm/zhmetrics/gbkfs;
+unifs3b.tfm;fonts/tfm/zhmetrics/unifs;
+gbkli14.tfm;fonts/tfm/zhmetrics/gbkli;
+cyberb25.tfm;fonts/tfm/zhmetrics/cyberb;
+unihei8e.tfm;fonts/tfm/zhmetrics/unihei;
+uniyou9d.tfm;fonts/tfm/zhmetrics/uniyou;
+unilisl86.tfm;fonts/tfm/zhmetrics/unili;
+gbkkai94.tfm;fonts/tfm/zhmetrics/gbkkai;
+gbk18.tfm;fonts/tfm/zhmetrics/gbk;
+unisong0c.tfm;fonts/tfm/zhmetrics/unisong;
+gbkfssl74.tfm;fonts/tfm/zhmetrics/gbkfs;
+unisongslcd.tfm;fonts/tfm/zhmetrics/unisong;
+unifs3a.tfm;fonts/tfm/zhmetrics/unifs;
+gbkli17.tfm;fonts/tfm/zhmetrics/gbkli;
+cyberb26.tfm;fonts/tfm/zhmetrics/cyberb;
+unihei8f.tfm;fonts/tfm/zhmetrics/unihei;
+gbkli16.tfm;fonts/tfm/zhmetrics/gbkli;
+cyberb27.tfm;fonts/tfm/zhmetrics/cyberb;
+gbkfssl75.tfm;fonts/tfm/zhmetrics/gbkfs;
+unili8b.tfm;fonts/tfm/zhmetrics/unili;
+gbk15.tfm;fonts/tfm/zhmetrics/gbk;
+gbkli19.tfm;fonts/tfm/zhmetrics/gbkli;
+cyberb28.tfm;fonts/tfm/zhmetrics/cyberb;
+gbksong76.tfm;fonts/tfm/zhmetrics/gbksong;
+unisongc2.tfm;fonts/tfm/zhmetrics/unisong;
+cyberb3f.tfm;fonts/tfm/zhmetrics/cyberb;
+unisongsl86.tfm;fonts/tfm/zhmetrics/unisong;
+gbkkaisl82.tfm;fonts/tfm/zhmetrics/gbkkai;
+unili8c.tfm;fonts/tfm/zhmetrics/unili;
+gbk14.tfm;fonts/tfm/zhmetrics/gbk;
+gbkli18.tfm;fonts/tfm/zhmetrics/gbkli;
+cyberb29.tfm;fonts/tfm/zhmetrics/cyberb;
+unisongslc3.tfm;fonts/tfm/zhmetrics/unisong;
+unifs36.tfm;fonts/tfm/zhmetrics/unifs;
+cyberb2a.tfm;fonts/tfm/zhmetrics/cyberb;
+unihei81.tfm;fonts/tfm/zhmetrics/unihei;
+unisongslc0.tfm;fonts/tfm/zhmetrics/unisong;
+unifs35.tfm;fonts/tfm/zhmetrics/unifs;
+cyberb2b.tfm;fonts/tfm/zhmetrics/cyberb;
+unihei82.tfm;fonts/tfm/zhmetrics/unihei;
+unisongslc1.tfm;fonts/tfm/zhmetrics/unisong;
+unifs34.tfm;fonts/tfm/zhmetrics/unifs;
+cyberb2c.tfm;fonts/tfm/zhmetrics/cyberb;
+unihei83.tfm;fonts/tfm/zhmetrics/unihei;
+unisongslc6.tfm;fonts/tfm/zhmetrics/unisong;
+unifs33.tfm;fonts/tfm/zhmetrics/unifs;
+cyberb2d.tfm;fonts/tfm/zhmetrics/cyberb;
+unihei84.tfm;fonts/tfm/zhmetrics/unihei;
+unisongslc7.tfm;fonts/tfm/zhmetrics/unisong;
+unifs32.tfm;fonts/tfm/zhmetrics/unifs;
+cyberb2e.tfm;fonts/tfm/zhmetrics/cyberb;
+unihei85.tfm;fonts/tfm/zhmetrics/unihei;
+unisongslc4.tfm;fonts/tfm/zhmetrics/unisong;
+unifs31.tfm;fonts/tfm/zhmetrics/unifs;
+cyberb2f.tfm;fonts/tfm/zhmetrics/cyberb;
+unihei86.tfm;fonts/tfm/zhmetrics/unihei;
+cyberb39.tfm;fonts/tfm/zhmetrics/cyberb;
+uniheisl32.tfm;fonts/tfm/zhmetrics/unihei;
+uniyou8d.tfm;fonts/tfm/zhmetrics/uniyou;
+gbkfssl67.tfm;fonts/tfm/zhmetrics/gbkfs;
+unikai96.tfm;fonts/tfm/zhmetrics/unikai;
+gbkkai63.tfm;fonts/tfm/zhmetrics/gbkkai;
+gbk67.tfm;fonts/tfm/zhmetrics/gbk;
+cyberb30.tfm;fonts/tfm/zhmetrics/cyberb;
+unifsbf.tfm;fonts/tfm/zhmetrics/unifs;
+unikai97.tfm;fonts/tfm/zhmetrics/unikai;
+gbkkai62.tfm;fonts/tfm/zhmetrics/gbkkai;
+gbk66.tfm;fonts/tfm/zhmetrics/gbk;
+cyberb31.tfm;fonts/tfm/zhmetrics/cyberb;
+unifsbe.tfm;fonts/tfm/zhmetrics/unifs;
+unikai94.tfm;fonts/tfm/zhmetrics/unikai;
+gbkkai61.tfm;fonts/tfm/zhmetrics/gbkkai;
+gbk65.tfm;fonts/tfm/zhmetrics/gbk;
+cyberb32.tfm;fonts/tfm/zhmetrics/cyberb;
+uniheisl39.tfm;fonts/tfm/zhmetrics/unihei;
+unifsbd.tfm;fonts/tfm/zhmetrics/unifs;
+unikai95.tfm;fonts/tfm/zhmetrics/unikai;
+gbkkai60.tfm;fonts/tfm/zhmetrics/gbkkai;
+gbk64.tfm;fonts/tfm/zhmetrics/gbk;
+cyberb33.tfm;fonts/tfm/zhmetrics/cyberb;
+uniheisl38.tfm;fonts/tfm/zhmetrics/unihei;
+unifsbc.tfm;fonts/tfm/zhmetrics/unifs;
+unikai92.tfm;fonts/tfm/zhmetrics/unikai;
+gbkkai67.tfm;fonts/tfm/zhmetrics/gbkkai;
+gbk63.tfm;fonts/tfm/zhmetrics/gbk;
+cyberb34.tfm;fonts/tfm/zhmetrics/cyberb;
+unifsbb.tfm;fonts/tfm/zhmetrics/unifs;
+unikai93.tfm;fonts/tfm/zhmetrics/unikai;
+gbkkai66.tfm;fonts/tfm/zhmetrics/gbkkai;
+gbk62.tfm;fonts/tfm/zhmetrics/gbk;
+cyberb35.tfm;fonts/tfm/zhmetrics/cyberb;
+cyberb36.tfm;fonts/tfm/zhmetrics/cyberb;
+gbkfssl68.tfm;fonts/tfm/zhmetrics/gbkfs;
+unisongcb.tfm;fonts/tfm/zhmetrics/unisong;
+unifsba.tfm;fonts/tfm/zhmetrics/unifs;
+unikai90.tfm;fonts/tfm/zhmetrics/unikai;
+gbkkai65.tfm;fonts/tfm/zhmetrics/gbkkai;
+gbk61.tfm;fonts/tfm/zhmetrics/gbk;
+cyberb37.tfm;fonts/tfm/zhmetrics/cyberb;
+gbkfssl69.tfm;fonts/tfm/zhmetrics/gbkfs;
+unisongcc.tfm;fonts/tfm/zhmetrics/unisong;
+unikai91.tfm;fonts/tfm/zhmetrics/unikai;
+gbkkai64.tfm;fonts/tfm/zhmetrics/gbkkai;
+gbk60.tfm;fonts/tfm/zhmetrics/gbk;
+cyberb38.tfm;fonts/tfm/zhmetrics/cyberb;
+uniheisl33.tfm;fonts/tfm/zhmetrics/unihei;
+unikaisl3a.tfm;fonts/tfm/zhmetrics/unikai;
+uniyou8e.tfm;fonts/tfm/zhmetrics/uniyou;
+gbkfssl66.tfm;fonts/tfm/zhmetrics/gbkfs;
+cyberb3a.tfm;fonts/tfm/zhmetrics/cyberb;
+unikaisl38.tfm;fonts/tfm/zhmetrics/unikai;
+unisongsl81.tfm;fonts/tfm/zhmetrics/unisong;
+gbkyou39.tfm;fonts/tfm/zhmetrics/gbkyou;
+gbkkaisl85.tfm;fonts/tfm/zhmetrics/gbkkai;
+gbksong71.tfm;fonts/tfm/zhmetrics/gbksong;
+unisongc5.tfm;fonts/tfm/zhmetrics/unisong;
+gbksong72.tfm;fonts/tfm/zhmetrics/gbksong;
+unisongc6.tfm;fonts/tfm/zhmetrics/unisong;
+cyberb3b.tfm;fonts/tfm/zhmetrics/cyberb;
+unisongsl82.tfm;fonts/tfm/zhmetrics/unisong;
+gbkkaisl86.tfm;fonts/tfm/zhmetrics/gbkkai;
+gbksong73.tfm;fonts/tfm/zhmetrics/gbksong;
+unisongc7.tfm;fonts/tfm/zhmetrics/unisong;
+cyberb3c.tfm;fonts/tfm/zhmetrics/cyberb;
+unisongsl83.tfm;fonts/tfm/zhmetrics/unisong;
+gbkkaisl87.tfm;fonts/tfm/zhmetrics/gbkkai;
+uniyou89.tfm;fonts/tfm/zhmetrics/uniyou;
+gbksong74.tfm;fonts/tfm/zhmetrics/gbksong;
+unisongc0.tfm;fonts/tfm/zhmetrics/unisong;
+cyberb3d.tfm;fonts/tfm/zhmetrics/cyberb;
+unisongsl84.tfm;fonts/tfm/zhmetrics/unisong;
+gbkkaisl80.tfm;fonts/tfm/zhmetrics/gbkkai;
+uniyou88.tfm;fonts/tfm/zhmetrics/uniyou;
+gbksong75.tfm;fonts/tfm/zhmetrics/gbksong;
+unisongc1.tfm;fonts/tfm/zhmetrics/unisong;
+cyberb3e.tfm;fonts/tfm/zhmetrics/cyberb;
+unisongsl85.tfm;fonts/tfm/zhmetrics/unisong;
+gbkkaisl81.tfm;fonts/tfm/zhmetrics/gbkkai;
+gbksong13.tfm;fonts/tfm/zhmetrics/gbksong;
+cyberb5c.tfm;fonts/tfm/zhmetrics/cyberb;
+gbkkaisl67.tfm;fonts/tfm/zhmetrics/gbkkai;
+unisongsl9f.tfm;fonts/tfm/zhmetrics/unisong;
+gbk35.tfm;fonts/tfm/zhmetrics/gbk;
+gbkli31.tfm;fonts/tfm/zhmetrics/gbkli;
+cyberb40.tfm;fonts/tfm/zhmetrics/cyberb;
+gbksong12.tfm;fonts/tfm/zhmetrics/gbksong;
+cyberb5b.tfm;fonts/tfm/zhmetrics/cyberb;
+gbkkaisl66.tfm;fonts/tfm/zhmetrics/gbkkai;
+gbk34.tfm;fonts/tfm/zhmetrics/gbk;
+gbkli30.tfm;fonts/tfm/zhmetrics/gbkli;
+cyberb41.tfm;fonts/tfm/zhmetrics/cyberb;
+gbksong11.tfm;fonts/tfm/zhmetrics/gbksong;
+cyberb5a.tfm;fonts/tfm/zhmetrics/cyberb;
+gbkkaisl65.tfm;fonts/tfm/zhmetrics/gbkkai;
+unisongsl9d.tfm;fonts/tfm/zhmetrics/unisong;
+gbk37.tfm;fonts/tfm/zhmetrics/gbk;
+gbkli33.tfm;fonts/tfm/zhmetrics/gbkli;
+cyberb42.tfm;fonts/tfm/zhmetrics/cyberb;
+unisongsl9e.tfm;fonts/tfm/zhmetrics/unisong;
+gbk36.tfm;fonts/tfm/zhmetrics/gbk;
+gbkli32.tfm;fonts/tfm/zhmetrics/gbkli;
+cyberb43.tfm;fonts/tfm/zhmetrics/cyberb;
+unisongsl9b.tfm;fonts/tfm/zhmetrics/unisong;
+gbk31.tfm;fonts/tfm/zhmetrics/gbk;
+gbkli35.tfm;fonts/tfm/zhmetrics/gbkli;
+cyberb44.tfm;fonts/tfm/zhmetrics/cyberb;
+gbksong16.tfm;fonts/tfm/zhmetrics/gbksong;
+cyberb5f.tfm;fonts/tfm/zhmetrics/cyberb;
+gbkkaisl62.tfm;fonts/tfm/zhmetrics/gbkkai;
+unisongsl9c.tfm;fonts/tfm/zhmetrics/unisong;
+gbk30.tfm;fonts/tfm/zhmetrics/gbk;
+gbkli34.tfm;fonts/tfm/zhmetrics/gbkli;
+cyberb45.tfm;fonts/tfm/zhmetrics/cyberb;
+gbksong15.tfm;fonts/tfm/zhmetrics/gbksong;
+cyberb5e.tfm;fonts/tfm/zhmetrics/cyberb;
+gbkkaisl61.tfm;fonts/tfm/zhmetrics/gbkkai;
+unifs99.tfm;fonts/tfm/zhmetrics/unifs;
+gbk33.tfm;fonts/tfm/zhmetrics/gbk;
+gbkli37.tfm;fonts/tfm/zhmetrics/gbkli;
+cyberb46.tfm;fonts/tfm/zhmetrics/cyberb;
+gbksong14.tfm;fonts/tfm/zhmetrics/gbksong;
+cyberb5d.tfm;fonts/tfm/zhmetrics/cyberb;
+gbkkaisl60.tfm;fonts/tfm/zhmetrics/gbkkai;
+unifs98.tfm;fonts/tfm/zhmetrics/unifs;
+unisongsl9a.tfm;fonts/tfm/zhmetrics/unisong;
+gbk32.tfm;fonts/tfm/zhmetrics/gbk;
+gbkli36.tfm;fonts/tfm/zhmetrics/gbkli;
+cyberb47.tfm;fonts/tfm/zhmetrics/cyberb;
+unifsec.tfm;fonts/tfm/zhmetrics/unifs;
+gbkli39.tfm;fonts/tfm/zhmetrics/gbkli;
+cyberb48.tfm;fonts/tfm/zhmetrics/cyberb;
+unifseb.tfm;fonts/tfm/zhmetrics/unifs;
+gbkli38.tfm;fonts/tfm/zhmetrics/gbkli;
+cyberb49.tfm;fonts/tfm/zhmetrics/cyberb;
+gbkli05.tfm;fonts/tfm/zhmetrics/gbkli;
+cyberb52.tfm;fonts/tfm/zhmetrics/cyberb;
+gbkfssl40.tfm;fonts/tfm/zhmetrics/gbkfs;
+unilisl93.tfm;fonts/tfm/zhmetrics/unili;
+gbkkai85.tfm;fonts/tfm/zhmetrics/gbkkai;
+gbk09.tfm;fonts/tfm/zhmetrics/gbk;
+cyberb4a.tfm;fonts/tfm/zhmetrics/cyberb;
+gbkli06.tfm;fonts/tfm/zhmetrics/gbkli;
+cyberb51.tfm;fonts/tfm/zhmetrics/cyberb;
+gbkfssl43.tfm;fonts/tfm/zhmetrics/gbkfs;
+unifse9.tfm;fonts/tfm/zhmetrics/unifs;
+cyberb4b.tfm;fonts/tfm/zhmetrics/cyberb;
+gbkli07.tfm;fonts/tfm/zhmetrics/gbkli;
+cyberb50.tfm;fonts/tfm/zhmetrics/cyberb;
+gbkfssl42.tfm;fonts/tfm/zhmetrics/gbkfs;
+unifse8.tfm;fonts/tfm/zhmetrics/unifs;
+cyberb4c.tfm;fonts/tfm/zhmetrics/cyberb;
+gbkli00.tfm;fonts/tfm/zhmetrics/gbkli;
+cyberb57.tfm;fonts/tfm/zhmetrics/cyberb;
+gbkfssl45.tfm;fonts/tfm/zhmetrics/gbkfs;
+cyberb4d.tfm;fonts/tfm/zhmetrics/cyberb;
+gbkli01.tfm;fonts/tfm/zhmetrics/gbkli;
+cyberb56.tfm;fonts/tfm/zhmetrics/cyberb;
+gbkfssl44.tfm;fonts/tfm/zhmetrics/gbkfs;
+cyberb4e.tfm;fonts/tfm/zhmetrics/cyberb;
+gbkli02.tfm;fonts/tfm/zhmetrics/gbkli;
+cyberb55.tfm;fonts/tfm/zhmetrics/cyberb;
+gbkfssl47.tfm;fonts/tfm/zhmetrics/gbkfs;
+cyberb4f.tfm;fonts/tfm/zhmetrics/cyberb;
+gbkli04.tfm;fonts/tfm/zhmetrics/gbkli;
+cyberb53.tfm;fonts/tfm/zhmetrics/cyberb;
+gbkfssl41.tfm;fonts/tfm/zhmetrics/gbkfs;
+unilisl92.tfm;fonts/tfm/zhmetrics/unili;
+gbkkai84.tfm;fonts/tfm/zhmetrics/gbkkai;
+gbk08.tfm;fonts/tfm/zhmetrics/gbk;
+gbkli03.tfm;fonts/tfm/zhmetrics/gbkli;
+cyberb54.tfm;fonts/tfm/zhmetrics/cyberb;
+gbkfssl46.tfm;fonts/tfm/zhmetrics/gbkfs;
+gbk03.tfm;fonts/tfm/zhmetrics/gbk;
+cyberb58.tfm;fonts/tfm/zhmetrics/cyberb;
+gbk02.tfm;fonts/tfm/zhmetrics/gbk;
+cyberb59.tfm;fonts/tfm/zhmetrics/cyberb;
+cyberbae.tfm;fonts/tfm/zhmetrics/cyberb;
+gbksong37.tfm;fonts/tfm/zhmetrics/gbksong;
+gbkli51.tfm;fonts/tfm/zhmetrics/gbkli;
+cyberb60.tfm;fonts/tfm/zhmetrics/cyberb;
+gbkfssl32.tfm;fonts/tfm/zhmetrics/gbkfs;
+gbkli50.tfm;fonts/tfm/zhmetrics/gbkli;
+cyberbsl8f.tfm;fonts/tfm/zhmetrics/cyberb;
+cyberb61.tfm;fonts/tfm/zhmetrics/cyberb;
+gbkfssl33.tfm;fonts/tfm/zhmetrics/gbkfs;
+cyberbad.tfm;fonts/tfm/zhmetrics/cyberb;
+gbksong36.tfm;fonts/tfm/zhmetrics/gbksong;
+gbkli53.tfm;fonts/tfm/zhmetrics/gbkli;
+cyberbsl8e.tfm;fonts/tfm/zhmetrics/cyberb;
+cyberb62.tfm;fonts/tfm/zhmetrics/cyberb;
+gbkfssl30.tfm;fonts/tfm/zhmetrics/gbkfs;
+gbkli52.tfm;fonts/tfm/zhmetrics/gbkli;
+cyberbsl8d.tfm;fonts/tfm/zhmetrics/cyberb;
+cyberb63.tfm;fonts/tfm/zhmetrics/cyberb;
+gbkfssl31.tfm;fonts/tfm/zhmetrics/gbkfs;
+cyberbaf.tfm;fonts/tfm/zhmetrics/cyberb;
+gbksong34.tfm;fonts/tfm/zhmetrics/gbksong;
+gbkli55.tfm;fonts/tfm/zhmetrics/gbkli;
+cyberbsl8c.tfm;fonts/tfm/zhmetrics/cyberb;
+cyberb64.tfm;fonts/tfm/zhmetrics/cyberb;
+uniyousl69.tfm;fonts/tfm/zhmetrics/uniyou;
+gbkfssl36.tfm;fonts/tfm/zhmetrics/gbkfs;
+cyberbaa.tfm;fonts/tfm/zhmetrics/cyberb;
+gbksong33.tfm;fonts/tfm/zhmetrics/gbksong;
+gbkli54.tfm;fonts/tfm/zhmetrics/gbkli;
+cyberbsl8b.tfm;fonts/tfm/zhmetrics/cyberb;
+cyberb65.tfm;fonts/tfm/zhmetrics/cyberb;
+uniyousl68.tfm;fonts/tfm/zhmetrics/uniyou;
+gbkfssl37.tfm;fonts/tfm/zhmetrics/gbkfs;
+gbkli57.tfm;fonts/tfm/zhmetrics/gbkli;
+cyberbsl8a.tfm;fonts/tfm/zhmetrics/cyberb;
+cyberb66.tfm;fonts/tfm/zhmetrics/cyberb;
+gbkfssl34.tfm;fonts/tfm/zhmetrics/gbkfs;
+gbkyou79.tfm;fonts/tfm/zhmetrics/gbkyou;
+cyberbac.tfm;fonts/tfm/zhmetrics/cyberb;
+gbksong31.tfm;fonts/tfm/zhmetrics/gbksong;
+gbkyou78.tfm;fonts/tfm/zhmetrics/gbkyou;
+cyberbab.tfm;fonts/tfm/zhmetrics/cyberb;
+gbksong30.tfm;fonts/tfm/zhmetrics/gbksong;
+gbkli56.tfm;fonts/tfm/zhmetrics/gbkli;
+cyberb67.tfm;fonts/tfm/zhmetrics/cyberb;
+gbkfssl35.tfm;fonts/tfm/zhmetrics/gbkfs;
+unisongsld7.tfm;fonts/tfm/zhmetrics/unisong;
+unifs60.tfm;fonts/tfm/zhmetrics/unifs;
+cyberb9e.tfm;fonts/tfm/zhmetrics/cyberb;
+unihei35.tfm;fonts/tfm/zhmetrics/unihei;
+gbkli59.tfm;fonts/tfm/zhmetrics/gbkli;
+cyberb68.tfm;fonts/tfm/zhmetrics/cyberb;
+unisongsld6.tfm;fonts/tfm/zhmetrics/unisong;
+unifs61.tfm;fonts/tfm/zhmetrics/unifs;
+cyberb9d.tfm;fonts/tfm/zhmetrics/cyberb;
+unihei34.tfm;fonts/tfm/zhmetrics/unihei;
+gbkli58.tfm;fonts/tfm/zhmetrics/gbkli;
+cyberb69.tfm;fonts/tfm/zhmetrics/cyberb;
+cyberbsl86.tfm;fonts/tfm/zhmetrics/cyberb;
+cyberb6a.tfm;fonts/tfm/zhmetrics/cyberb;
+gbkyou69.tfm;fonts/tfm/zhmetrics/gbkyou;
+gbkkaisl55.tfm;fonts/tfm/zhmetrics/gbkkai;
+gbksong21.tfm;fonts/tfm/zhmetrics/gbksong;
+cyberba4.tfm;fonts/tfm/zhmetrics/cyberb;
+gbksong22.tfm;fonts/tfm/zhmetrics/gbksong;
+cyberbsl85.tfm;fonts/tfm/zhmetrics/cyberb;
+cyberb6b.tfm;fonts/tfm/zhmetrics/cyberb;
+gbkkaisl56.tfm;fonts/tfm/zhmetrics/gbkkai;
+cyberba7.tfm;fonts/tfm/zhmetrics/cyberb;
+gbksong23.tfm;fonts/tfm/zhmetrics/gbksong;
+cyberbsl84.tfm;fonts/tfm/zhmetrics/cyberb;
+cyberb6c.tfm;fonts/tfm/zhmetrics/cyberb;
+gbkkaisl57.tfm;fonts/tfm/zhmetrics/gbkkai;
+cyberba6.tfm;fonts/tfm/zhmetrics/cyberb;
+gbksong24.tfm;fonts/tfm/zhmetrics/gbksong;
+cyberbsl83.tfm;fonts/tfm/zhmetrics/cyberb;
+cyberb6d.tfm;fonts/tfm/zhmetrics/cyberb;
+gbkkaisl50.tfm;fonts/tfm/zhmetrics/gbkkai;
+gbkli46.tfm;fonts/tfm/zhmetrics/gbkli;
+cyberb99.tfm;fonts/tfm/zhmetrics/cyberb;
+cyberba1.tfm;fonts/tfm/zhmetrics/cyberb;
+gbksong25.tfm;fonts/tfm/zhmetrics/gbksong;
+cyberbsl82.tfm;fonts/tfm/zhmetrics/cyberb;
+cyberb6e.tfm;fonts/tfm/zhmetrics/cyberb;
+gbkkaisl51.tfm;fonts/tfm/zhmetrics/gbkkai;
+gbkli47.tfm;fonts/tfm/zhmetrics/gbkli;
+cyberb98.tfm;fonts/tfm/zhmetrics/cyberb;
+cyberba0.tfm;fonts/tfm/zhmetrics/cyberb;
+gbksong26.tfm;fonts/tfm/zhmetrics/gbksong;
+cyberbsl81.tfm;fonts/tfm/zhmetrics/cyberb;
+cyberb6f.tfm;fonts/tfm/zhmetrics/cyberb;
+gbkkaisl52.tfm;fonts/tfm/zhmetrics/gbkkai;
+gbkli44.tfm;fonts/tfm/zhmetrics/gbkli;
+uniyousl78.tfm;fonts/tfm/zhmetrics/uniyou;
+gbkfssl09.tfm;fonts/tfm/zhmetrics/gbkfs;
+cyberba3.tfm;fonts/tfm/zhmetrics/cyberb;
+gbkli21.tfm;fonts/tfm/zhmetrics/gbkli;
+cyberb72.tfm;fonts/tfm/zhmetrics/cyberb;
+uniyousl95.tfm;fonts/tfm/zhmetrics/uniyou;
+gbkfssl24.tfm;fonts/tfm/zhmetrics/gbkfs;
+gbkli26.tfm;fonts/tfm/zhmetrics/gbkli;
+cyberb75.tfm;fonts/tfm/zhmetrics/cyberb;
+uniyousl92.tfm;fonts/tfm/zhmetrics/uniyou;
+gbkfssl23.tfm;fonts/tfm/zhmetrics/gbkfs;
+unifs1b.tfm;fonts/tfm/zhmetrics/unifs;
+cyberb78.tfm;fonts/tfm/zhmetrics/cyberb;
+cyberbde.tfm;fonts/tfm/zhmetrics/cyberb;
+unifs1c.tfm;fonts/tfm/zhmetrics/unifs;
+cyberb79.tfm;fonts/tfm/zhmetrics/cyberb;
+cyberbdd.tfm;fonts/tfm/zhmetrics/cyberb;
+gbkli71.tfm;fonts/tfm/zhmetrics/gbkli;
+cyberbsl6c.tfm;fonts/tfm/zhmetrics/cyberb;
+cyberb80.tfm;fonts/tfm/zhmetrics/cyberb;
+uniyousl45.tfm;fonts/tfm/zhmetrics/uniyou;
+gbkfssl16.tfm;fonts/tfm/zhmetrics/gbkfs;
+gbkli70.tfm;fonts/tfm/zhmetrics/gbkli;
+cyberbsl6b.tfm;fonts/tfm/zhmetrics/cyberb;
+cyberb81.tfm;fonts/tfm/zhmetrics/cyberb;
+unili0a.tfm;fonts/tfm/zhmetrics/unili;
+uniyousl44.tfm;fonts/tfm/zhmetrics/uniyou;
+gbkfssl17.tfm;fonts/tfm/zhmetrics/gbkfs;
+gbkli73.tfm;fonts/tfm/zhmetrics/gbkli;
+cyberbsl6a.tfm;fonts/tfm/zhmetrics/cyberb;
+cyberb82.tfm;fonts/tfm/zhmetrics/cyberb;
+unili0b.tfm;fonts/tfm/zhmetrics/unili;
+uniyousl47.tfm;fonts/tfm/zhmetrics/uniyou;
+gbkfssl14.tfm;fonts/tfm/zhmetrics/gbkfs;
+gbkli72.tfm;fonts/tfm/zhmetrics/gbkli;
+cyberb83.tfm;fonts/tfm/zhmetrics/cyberb;
+unili0c.tfm;fonts/tfm/zhmetrics/unili;
+uniyousl46.tfm;fonts/tfm/zhmetrics/uniyou;
+gbkfssl15.tfm;fonts/tfm/zhmetrics/gbkfs;
+gbkli75.tfm;fonts/tfm/zhmetrics/gbkli;
+cyberb84.tfm;fonts/tfm/zhmetrics/cyberb;
+unili0d.tfm;fonts/tfm/zhmetrics/unili;
+uniyousl41.tfm;fonts/tfm/zhmetrics/uniyou;
+gbkfssl12.tfm;fonts/tfm/zhmetrics/gbkfs;
+gbkli74.tfm;fonts/tfm/zhmetrics/gbkli;
+cyberbsl6f.tfm;fonts/tfm/zhmetrics/cyberb;
+cyberb85.tfm;fonts/tfm/zhmetrics/cyberb;
+unili0e.tfm;fonts/tfm/zhmetrics/unili;
+uniyousl40.tfm;fonts/tfm/zhmetrics/uniyou;
+gbkfssl13.tfm;fonts/tfm/zhmetrics/gbkfs;
+cyberbsl98.tfm;fonts/tfm/zhmetrics/cyberb;
+unili15.tfm;fonts/tfm/zhmetrics/unili;
+unisongsl25.tfm;fonts/tfm/zhmetrics/unisong;
+gbkkaisl29.tfm;fonts/tfm/zhmetrics/gbkkai;
+unifsslcb.tfm;fonts/tfm/zhmetrics/unifs;
+gbkli77.tfm;fonts/tfm/zhmetrics/gbkli;
+cyberbsl6e.tfm;fonts/tfm/zhmetrics/cyberb;
+cyberb86.tfm;fonts/tfm/zhmetrics/cyberb;
+unili0f.tfm;fonts/tfm/zhmetrics/unili;
+uniyousl43.tfm;fonts/tfm/zhmetrics/uniyou;
+gbkfssl10.tfm;fonts/tfm/zhmetrics/gbkfs;
+cyberbsl99.tfm;fonts/tfm/zhmetrics/cyberb;
+unili14.tfm;fonts/tfm/zhmetrics/unili;
+unisongsl24.tfm;fonts/tfm/zhmetrics/unisong;
+gbkkaisl28.tfm;fonts/tfm/zhmetrics/gbkkai;
+unifsslcc.tfm;fonts/tfm/zhmetrics/unifs;
+gbkli76.tfm;fonts/tfm/zhmetrics/gbkli;
+cyberbsl6d.tfm;fonts/tfm/zhmetrics/cyberb;
+cyberb87.tfm;fonts/tfm/zhmetrics/cyberb;
+uniyousl42.tfm;fonts/tfm/zhmetrics/uniyou;
+gbkfssl11.tfm;fonts/tfm/zhmetrics/gbkfs;
+cyberbsl96.tfm;fonts/tfm/zhmetrics/cyberb;
+gbkkaisl27.tfm;fonts/tfm/zhmetrics/gbkkai;
+cyberbce.tfm;fonts/tfm/zhmetrics/cyberb;
+gbkli79.tfm;fonts/tfm/zhmetrics/gbkli;
+cyberb88.tfm;fonts/tfm/zhmetrics/cyberb;
+cyberbsl97.tfm;fonts/tfm/zhmetrics/cyberb;
+gbkkaisl26.tfm;fonts/tfm/zhmetrics/gbkkai;
+cyberbcd.tfm;fonts/tfm/zhmetrics/cyberb;
+gbkli78.tfm;fonts/tfm/zhmetrics/gbkli;
+cyberb89.tfm;fonts/tfm/zhmetrics/cyberb;
+cyberbsl62.tfm;fonts/tfm/zhmetrics/cyberb;
+cyberb8a.tfm;fonts/tfm/zhmetrics/cyberb;
+unili01.tfm;fonts/tfm/zhmetrics/unili;
+cyberbsl61.tfm;fonts/tfm/zhmetrics/cyberb;
+cyberb8b.tfm;fonts/tfm/zhmetrics/cyberb;
+unili02.tfm;fonts/tfm/zhmetrics/unili;
+cyberbsl60.tfm;fonts/tfm/zhmetrics/cyberb;
+cyberb8c.tfm;fonts/tfm/zhmetrics/cyberb;
+unili03.tfm;fonts/tfm/zhmetrics/unili;
+cyberbsl67.tfm;fonts/tfm/zhmetrics/cyberb;
+cyberb8d.tfm;fonts/tfm/zhmetrics/cyberb;
+unili04.tfm;fonts/tfm/zhmetrics/unili;
+unisongsl34.tfm;fonts/tfm/zhmetrics/unisong;
+gbkkaisl38.tfm;fonts/tfm/zhmetrics/gbkkai;
+unikai17.tfm;fonts/tfm/zhmetrics/unikai;
+cyberbc9.tfm;fonts/tfm/zhmetrics/cyberb;
+cyberbsl66.tfm;fonts/tfm/zhmetrics/cyberb;
+cyberb8e.tfm;fonts/tfm/zhmetrics/cyberb;
+unili05.tfm;fonts/tfm/zhmetrics/unili;
+unisongsl35.tfm;fonts/tfm/zhmetrics/unisong;
+gbkkaisl39.tfm;fonts/tfm/zhmetrics/gbkkai;
+unikai16.tfm;fonts/tfm/zhmetrics/unikai;
+cyberbc8.tfm;fonts/tfm/zhmetrics/cyberb;
+cyberbsl65.tfm;fonts/tfm/zhmetrics/cyberb;
+cyberb8f.tfm;fonts/tfm/zhmetrics/cyberb;
+unili06.tfm;fonts/tfm/zhmetrics/unili;
+uniyousl73.tfm;fonts/tfm/zhmetrics/uniyou;
+gbkfssl02.tfm;fonts/tfm/zhmetrics/gbkfs;
+unisongsldb.tfm;fonts/tfm/zhmetrics/unisong;
+unifs6e.tfm;fonts/tfm/zhmetrics/unifs;
+cyberb90.tfm;fonts/tfm/zhmetrics/cyberb;
+cyberba8.tfm;fonts/tfm/zhmetrics/cyberb;
+uniyousl72.tfm;fonts/tfm/zhmetrics/uniyou;
+gbkfssl03.tfm;fonts/tfm/zhmetrics/gbkfs;
+unisongsldc.tfm;fonts/tfm/zhmetrics/unisong;
+unifs6d.tfm;fonts/tfm/zhmetrics/unifs;
+cyberb91.tfm;fonts/tfm/zhmetrics/cyberb;
+unihei3a.tfm;fonts/tfm/zhmetrics/unihei;
+cyberba9.tfm;fonts/tfm/zhmetrics/cyberb;
+cyberbsl88.tfm;fonts/tfm/zhmetrics/cyberb;
+gbkyou67.tfm;fonts/tfm/zhmetrics/gbkyou;
+cyberb92.tfm;fonts/tfm/zhmetrics/cyberb;
+unihei3b.tfm;fonts/tfm/zhmetrics/unihei;
+uniyousl71.tfm;fonts/tfm/zhmetrics/uniyou;
+gbkfssl00.tfm;fonts/tfm/zhmetrics/gbkfs;
+cyberbsl89.tfm;fonts/tfm/zhmetrics/cyberb;
+gbkyou66.tfm;fonts/tfm/zhmetrics/gbkyou;
+uniyousl70.tfm;fonts/tfm/zhmetrics/uniyou;
+gbkfssl01.tfm;fonts/tfm/zhmetrics/gbkfs;
+unisongslda.tfm;fonts/tfm/zhmetrics/unisong;
+unifs6f.tfm;fonts/tfm/zhmetrics/unifs;
+cyberb93.tfm;fonts/tfm/zhmetrics/cyberb;
+unihei3c.tfm;fonts/tfm/zhmetrics/unihei;
+uniyousl77.tfm;fonts/tfm/zhmetrics/uniyou;
+gbkfssl06.tfm;fonts/tfm/zhmetrics/gbkfs;
+unisongsldf.tfm;fonts/tfm/zhmetrics/unisong;
+unifs6a.tfm;fonts/tfm/zhmetrics/unifs;
+cyberb94.tfm;fonts/tfm/zhmetrics/cyberb;
+unihei3d.tfm;fonts/tfm/zhmetrics/unihei;
+cyberb95.tfm;fonts/tfm/zhmetrics/cyberb;
+unihei3e.tfm;fonts/tfm/zhmetrics/unihei;
+uniyousl76.tfm;fonts/tfm/zhmetrics/uniyou;
+gbkfssl07.tfm;fonts/tfm/zhmetrics/gbkfs;
+uniyousl75.tfm;fonts/tfm/zhmetrics/uniyou;
+gbkfssl04.tfm;fonts/tfm/zhmetrics/gbkfs;
+unisongsldd.tfm;fonts/tfm/zhmetrics/unisong;
+unifs6c.tfm;fonts/tfm/zhmetrics/unifs;
+gbkli49.tfm;fonts/tfm/zhmetrics/gbkli;
+cyberb96.tfm;fonts/tfm/zhmetrics/cyberb;
+unihei3f.tfm;fonts/tfm/zhmetrics/unihei;
+uniyousl74.tfm;fonts/tfm/zhmetrics/uniyou;
+gbkfssl05.tfm;fonts/tfm/zhmetrics/gbkfs;
+unisongslde.tfm;fonts/tfm/zhmetrics/unisong;
+unifs6b.tfm;fonts/tfm/zhmetrics/unifs;
+gbkli48.tfm;fonts/tfm/zhmetrics/gbkli;
+cyberb97.tfm;fonts/tfm/zhmetrics/cyberb;
+unisongsld3.tfm;fonts/tfm/zhmetrics/unisong;
+unifs64.tfm;fonts/tfm/zhmetrics/unifs;
+cyberb9a.tfm;fonts/tfm/zhmetrics/cyberb;
+unihei31.tfm;fonts/tfm/zhmetrics/unihei;
+unisongsld0.tfm;fonts/tfm/zhmetrics/unisong;
+unifs67.tfm;fonts/tfm/zhmetrics/unifs;
+cyberb9b.tfm;fonts/tfm/zhmetrics/cyberb;
+unihei32.tfm;fonts/tfm/zhmetrics/unihei;
+unisongsld1.tfm;fonts/tfm/zhmetrics/unisong;
+unifs66.tfm;fonts/tfm/zhmetrics/unifs;
+cyberb9c.tfm;fonts/tfm/zhmetrics/cyberb;
+unihei33.tfm;fonts/tfm/zhmetrics/unihei;
+unisongsld4.tfm;fonts/tfm/zhmetrics/unisong;
+unifs63.tfm;fonts/tfm/zhmetrics/unifs;
+cyberb9f.tfm;fonts/tfm/zhmetrics/cyberb;
+unihei36.tfm;fonts/tfm/zhmetrics/unihei;
+gbksong27.tfm;fonts/tfm/zhmetrics/gbksong;
+cyberbsl80.tfm;fonts/tfm/zhmetrics/cyberb;
+gbkkaisl53.tfm;fonts/tfm/zhmetrics/gbkkai;
+gbkli45.tfm;fonts/tfm/zhmetrics/gbkli;
+uniyousl79.tfm;fonts/tfm/zhmetrics/uniyou;
+gbkfssl08.tfm;fonts/tfm/zhmetrics/gbkfs;
+cyberba2.tfm;fonts/tfm/zhmetrics/cyberb;
+cyberbsl87.tfm;fonts/tfm/zhmetrics/cyberb;
+gbkyou68.tfm;fonts/tfm/zhmetrics/gbkyou;
+gbkkaisl54.tfm;fonts/tfm/zhmetrics/gbkkai;
+gbksong20.tfm;fonts/tfm/zhmetrics/gbksong;
+cyberba5.tfm;fonts/tfm/zhmetrics/cyberb;
+cyberbsl72.tfm;fonts/tfm/zhmetrics/cyberb;
+unikai6d.tfm;fonts/tfm/zhmetrics/unikai;
+unili37.tfm;fonts/tfm/zhmetrics/unili;
+unisongsl07.tfm;fonts/tfm/zhmetrics/unisong;
+gbkkaisl03.tfm;fonts/tfm/zhmetrics/gbkkai;
+unikai02.tfm;fonts/tfm/zhmetrics/unikai;
+cyberbb0.tfm;fonts/tfm/zhmetrics/cyberb;
+cyberbsl1d.tfm;fonts/tfm/zhmetrics/cyberb;
+unikaisl69.tfm;fonts/tfm/zhmetrics/unikai;
+cyberbsl73.tfm;fonts/tfm/zhmetrics/cyberb;
+unikai6e.tfm;fonts/tfm/zhmetrics/unikai;
+unili36.tfm;fonts/tfm/zhmetrics/unili;
+unisongsl06.tfm;fonts/tfm/zhmetrics/unisong;
+gbkkaisl02.tfm;fonts/tfm/zhmetrics/gbkkai;
+unikai03.tfm;fonts/tfm/zhmetrics/unikai;
+cyberbb1.tfm;fonts/tfm/zhmetrics/cyberb;
+cyberbsl1e.tfm;fonts/tfm/zhmetrics/cyberb;
+unikaisl68.tfm;fonts/tfm/zhmetrics/unikai;
+cyberbsl70.tfm;fonts/tfm/zhmetrics/cyberb;
+unikai6f.tfm;fonts/tfm/zhmetrics/unikai;
+unili35.tfm;fonts/tfm/zhmetrics/unili;
+unisongsl05.tfm;fonts/tfm/zhmetrics/unisong;
+gbkkaisl01.tfm;fonts/tfm/zhmetrics/gbkkai;
+unikai00.tfm;fonts/tfm/zhmetrics/unikai;
+cyberbb2.tfm;fonts/tfm/zhmetrics/cyberb;
+unisong48.tfm;fonts/tfm/zhmetrics/unisong;
+cyberbsl1f.tfm;fonts/tfm/zhmetrics/cyberb;
+cyberbsl71.tfm;fonts/tfm/zhmetrics/cyberb;
+unili34.tfm;fonts/tfm/zhmetrics/unili;
+unisongsl04.tfm;fonts/tfm/zhmetrics/unisong;
+gbkkaisl00.tfm;fonts/tfm/zhmetrics/gbkkai;
+unikai01.tfm;fonts/tfm/zhmetrics/unikai;
+cyberbb3.tfm;fonts/tfm/zhmetrics/cyberb;
+cyberbsl76.tfm;fonts/tfm/zhmetrics/cyberb;
+unili33.tfm;fonts/tfm/zhmetrics/unili;
+unisongsl03.tfm;fonts/tfm/zhmetrics/unisong;
+gbkkaisl07.tfm;fonts/tfm/zhmetrics/gbkkai;
+unikai06.tfm;fonts/tfm/zhmetrics/unikai;
+cyberbb4.tfm;fonts/tfm/zhmetrics/cyberb;
+cyberbsl77.tfm;fonts/tfm/zhmetrics/cyberb;
+unikai6a.tfm;fonts/tfm/zhmetrics/unikai;
+unili32.tfm;fonts/tfm/zhmetrics/unili;
+unisongsl02.tfm;fonts/tfm/zhmetrics/unisong;
+gbkkaisl06.tfm;fonts/tfm/zhmetrics/gbkkai;
+unikai07.tfm;fonts/tfm/zhmetrics/unikai;
+cyberbb5.tfm;fonts/tfm/zhmetrics/cyberb;
+cyberbsl1a.tfm;fonts/tfm/zhmetrics/cyberb;
+cyberbsl74.tfm;fonts/tfm/zhmetrics/cyberb;
+unikai6b.tfm;fonts/tfm/zhmetrics/unikai;
+unili31.tfm;fonts/tfm/zhmetrics/unili;
+unisongsl01.tfm;fonts/tfm/zhmetrics/unisong;
+gbkkaisl05.tfm;fonts/tfm/zhmetrics/gbkkai;
+zhwinfonts.tex;tex/generic/zhmetrics;
+unikai04.tfm;fonts/tfm/zhmetrics/unikai;
+cyberbb6.tfm;fonts/tfm/zhmetrics/cyberb;
+cyberbsl1b.tfm;fonts/tfm/zhmetrics/cyberb;
+cyberbsl75.tfm;fonts/tfm/zhmetrics/cyberb;
+unikai6c.tfm;fonts/tfm/zhmetrics/unikai;
+unili30.tfm;fonts/tfm/zhmetrics/unili;
+unisongsl00.tfm;fonts/tfm/zhmetrics/unisong;
+gbkkaisl04.tfm;fonts/tfm/zhmetrics/gbkkai;
+unikai05.tfm;fonts/tfm/zhmetrics/unikai;
+cyberbb7.tfm;fonts/tfm/zhmetrics/cyberb;
+cyberbsl1c.tfm;fonts/tfm/zhmetrics/cyberb;
+cyberbb8.tfm;fonts/tfm/zhmetrics/cyberb;
+cyberbb9.tfm;fonts/tfm/zhmetrics/cyberb;
+unisongsl0f.tfm;fonts/tfm/zhmetrics/unisong;
+unilib9.tfm;fonts/tfm/zhmetrics/unili;
+unisongsla9.tfm;fonts/tfm/zhmetrics/unisong;
+cyberbsl7c.tfm;fonts/tfm/zhmetrics/cyberb;
+unikai65.tfm;fonts/tfm/zhmetrics/unikai;
+unili3f.tfm;fonts/tfm/zhmetrics/unili;
+unikai0c.tfm;fonts/tfm/zhmetrics/unikai;
+gbkheisl66.tfm;fonts/tfm/zhmetrics/gbkhei;
+cyberbba.tfm;fonts/tfm/zhmetrics/cyberb;
+cyberbsl15.tfm;fonts/tfm/zhmetrics/cyberb;
+gbkheisl65.tfm;fonts/tfm/zhmetrics/gbkhei;
+cyberbbb.tfm;fonts/tfm/zhmetrics/cyberb;
+cyberbsl16.tfm;fonts/tfm/zhmetrics/cyberb;
+cyberbsl7a.tfm;fonts/tfm/zhmetrics/cyberb;
+unikai67.tfm;fonts/tfm/zhmetrics/unikai;
+unili3d.tfm;fonts/tfm/zhmetrics/unili;
+unikai0a.tfm;fonts/tfm/zhmetrics/unikai;
+gbkheisl64.tfm;fonts/tfm/zhmetrics/gbkhei;
+cyberbbc.tfm;fonts/tfm/zhmetrics/cyberb;
+cyberbsl17.tfm;fonts/tfm/zhmetrics/cyberb;
+unifs59.tfm;fonts/tfm/zhmetrics/unifs;
+cyberbsl7f.tfm;fonts/tfm/zhmetrics/cyberb;
+unikai60.tfm;fonts/tfm/zhmetrics/unikai;
+unili3c.tfm;fonts/tfm/zhmetrics/unili;
+unikai0f.tfm;fonts/tfm/zhmetrics/unikai;
+gbkheisl63.tfm;fonts/tfm/zhmetrics/gbkhei;
+cyberbbd.tfm;fonts/tfm/zhmetrics/cyberb;
+cyberbsl10.tfm;fonts/tfm/zhmetrics/cyberb;
+gbkheisl62.tfm;fonts/tfm/zhmetrics/gbkhei;
+cyberbbe.tfm;fonts/tfm/zhmetrics/cyberb;
+cyberbsl11.tfm;fonts/tfm/zhmetrics/cyberb;
+cyberbsl7d.tfm;fonts/tfm/zhmetrics/cyberb;
+unikai62.tfm;fonts/tfm/zhmetrics/unikai;
+unili3a.tfm;fonts/tfm/zhmetrics/unili;
+gbksongsl89.tfm;fonts/tfm/zhmetrics/gbksong;
+unikai0d.tfm;fonts/tfm/zhmetrics/unikai;
+gbkheisl61.tfm;fonts/tfm/zhmetrics/gbkhei;
+cyberbbf.tfm;fonts/tfm/zhmetrics/cyberb;
+cyberbsl12.tfm;fonts/tfm/zhmetrics/cyberb;
+unifsslc9.tfm;fonts/tfm/zhmetrics/unifs;
+cyberbsl9c.tfm;fonts/tfm/zhmetrics/cyberb;
+cyberbc0.tfm;fonts/tfm/zhmetrics/cyberb;
+unifsslc8.tfm;fonts/tfm/zhmetrics/unifs;
+cyberbsl9b.tfm;fonts/tfm/zhmetrics/cyberb;
+cyberbc1.tfm;fonts/tfm/zhmetrics/cyberb;
+cyberbsl9a.tfm;fonts/tfm/zhmetrics/cyberb;
+cyberbc2.tfm;fonts/tfm/zhmetrics/cyberb;
+cyberbc3.tfm;fonts/tfm/zhmetrics/cyberb;
+cyberbc4.tfm;fonts/tfm/zhmetrics/cyberb;
+cyberbsl9f.tfm;fonts/tfm/zhmetrics/cyberb;
+cyberbc5.tfm;fonts/tfm/zhmetrics/cyberb;
+cyberbsl9e.tfm;fonts/tfm/zhmetrics/cyberb;
+unikai18.tfm;fonts/tfm/zhmetrics/unikai;
+cyberbc6.tfm;fonts/tfm/zhmetrics/cyberb;
+cyberbsl68.tfm;fonts/tfm/zhmetrics/cyberb;
+gbkkaisl37.tfm;fonts/tfm/zhmetrics/gbkkai;
+cyberbsl9d.tfm;fonts/tfm/zhmetrics/cyberb;
+unikai19.tfm;fonts/tfm/zhmetrics/unikai;
+cyberbc7.tfm;fonts/tfm/zhmetrics/cyberb;
+cyberbsl69.tfm;fonts/tfm/zhmetrics/cyberb;
+gbkkaisl36.tfm;fonts/tfm/zhmetrics/gbkkai;
+cyberbsl92.tfm;fonts/tfm/zhmetrics/cyberb;
+gbkkaisl23.tfm;fonts/tfm/zhmetrics/gbkkai;
+cyberbca.tfm;fonts/tfm/zhmetrics/cyberb;
+cyberbsl91.tfm;fonts/tfm/zhmetrics/cyberb;
+gbkkaisl20.tfm;fonts/tfm/zhmetrics/gbkkai;
+cyberbcb.tfm;fonts/tfm/zhmetrics/cyberb;
+cyberbsl90.tfm;fonts/tfm/zhmetrics/cyberb;
+gbkkaisl21.tfm;fonts/tfm/zhmetrics/gbkkai;
+cyberbcc.tfm;fonts/tfm/zhmetrics/cyberb;
+cyberbsl95.tfm;fonts/tfm/zhmetrics/cyberb;
+unili18.tfm;fonts/tfm/zhmetrics/unili;
+unisongsl28.tfm;fonts/tfm/zhmetrics/unisong;
+gbkkaisl24.tfm;fonts/tfm/zhmetrics/gbkkai;
+cyberbcf.tfm;fonts/tfm/zhmetrics/cyberb;
+cyberbd0.tfm;fonts/tfm/zhmetrics/cyberb;
+unifs17.tfm;fonts/tfm/zhmetrics/unifs;
+cyberbd1.tfm;fonts/tfm/zhmetrics/cyberb;
+unifs16.tfm;fonts/tfm/zhmetrics/unifs;
+cyberbd2.tfm;fonts/tfm/zhmetrics/cyberb;
+unifs15.tfm;fonts/tfm/zhmetrics/unifs;
+cyberbd3.tfm;fonts/tfm/zhmetrics/cyberb;
+unifs14.tfm;fonts/tfm/zhmetrics/unifs;
+cyberbd4.tfm;fonts/tfm/zhmetrics/cyberb;
+unifs13.tfm;fonts/tfm/zhmetrics/unifs;
+cyberbd5.tfm;fonts/tfm/zhmetrics/cyberb;
+unifs12.tfm;fonts/tfm/zhmetrics/unifs;
+cyberbda.tfm;fonts/tfm/zhmetrics/cyberb;
+unifs1f.tfm;fonts/tfm/zhmetrics/unifs;
+cyberbdb.tfm;fonts/tfm/zhmetrics/cyberb;
+unifs1e.tfm;fonts/tfm/zhmetrics/unifs;
+uniyousl98.tfm;fonts/tfm/zhmetrics/uniyou;
+gbkfssl29.tfm;fonts/tfm/zhmetrics/gbkfs;
+cyberbdc.tfm;fonts/tfm/zhmetrics/cyberb;
+unifs1d.tfm;fonts/tfm/zhmetrics/unifs;
+uniyousl99.tfm;fonts/tfm/zhmetrics/uniyou;
+gbkfssl28.tfm;fonts/tfm/zhmetrics/gbkfs;
+cyberbdf.tfm;fonts/tfm/zhmetrics/cyberb;
+unifs1a.tfm;fonts/tfm/zhmetrics/unifs;
+gbkli28.tfm;fonts/tfm/zhmetrics/gbkli;
+cyberbsl42.tfm;fonts/tfm/zhmetrics/cyberb;
+gbkkaisl11.tfm;fonts/tfm/zhmetrics/gbkkai;
+unikai32.tfm;fonts/tfm/zhmetrics/unikai;
+cyberbe0.tfm;fonts/tfm/zhmetrics/cyberb;
+cyberbsl43.tfm;fonts/tfm/zhmetrics/cyberb;
+gbkkaisl10.tfm;fonts/tfm/zhmetrics/gbkkai;
+unikai33.tfm;fonts/tfm/zhmetrics/unikai;
+cyberbe1.tfm;fonts/tfm/zhmetrics/cyberb;
+cyberbsl40.tfm;fonts/tfm/zhmetrics/cyberb;
+gbkkaisl13.tfm;fonts/tfm/zhmetrics/gbkkai;
+unikai30.tfm;fonts/tfm/zhmetrics/unikai;
+cyberbe2.tfm;fonts/tfm/zhmetrics/cyberb;
+cyberbsl41.tfm;fonts/tfm/zhmetrics/cyberb;
+gbkkaisl12.tfm;fonts/tfm/zhmetrics/gbkkai;
+unikai31.tfm;fonts/tfm/zhmetrics/unikai;
+cyberbe3.tfm;fonts/tfm/zhmetrics/cyberb;
+cyberbsl46.tfm;fonts/tfm/zhmetrics/cyberb;
+gbkkaisl15.tfm;fonts/tfm/zhmetrics/gbkkai;
+unikai36.tfm;fonts/tfm/zhmetrics/unikai;
+cyberbe4.tfm;fonts/tfm/zhmetrics/cyberb;
+cyberbsl47.tfm;fonts/tfm/zhmetrics/cyberb;
+gbkkaisl14.tfm;fonts/tfm/zhmetrics/gbkkai;
+unikai37.tfm;fonts/tfm/zhmetrics/unikai;
+cyberbe5.tfm;fonts/tfm/zhmetrics/cyberb;
+cyberbsl44.tfm;fonts/tfm/zhmetrics/cyberb;
+gbkkaisl17.tfm;fonts/tfm/zhmetrics/gbkkai;
+unikai34.tfm;fonts/tfm/zhmetrics/unikai;
+cyberbe6.tfm;fonts/tfm/zhmetrics/cyberb;
+cyberbsl45.tfm;fonts/tfm/zhmetrics/cyberb;
+gbkkaisl16.tfm;fonts/tfm/zhmetrics/gbkkai;
+unikai35.tfm;fonts/tfm/zhmetrics/unikai;
+cyberbe7.tfm;fonts/tfm/zhmetrics/cyberb;
+cyberbe8.tfm;fonts/tfm/zhmetrics/cyberb;
+cyberbslee.tfm;fonts/tfm/zhmetrics/cyberb;
+unisong72.tfm;fonts/tfm/zhmetrics/unisong;
+unikaisl77.tfm;fonts/tfm/zhmetrics/unikai;
+cyberbe9.tfm;fonts/tfm/zhmetrics/cyberb;
+cyberbsled.tfm;fonts/tfm/zhmetrics/cyberb;
+unisong73.tfm;fonts/tfm/zhmetrics/unisong;
+unikaisl76.tfm;fonts/tfm/zhmetrics/unikai;
+gbk20.tfm;fonts/tfm/zhmetrics/gbk;
+cyberbsl4c.tfm;fonts/tfm/zhmetrics/cyberb;
+gbksong02.tfm;fonts/tfm/zhmetrics/gbksong;
+unikai3c.tfm;fonts/tfm/zhmetrics/unikai;
+gbkkaisl76.tfm;fonts/tfm/zhmetrics/gbkkai;
+cyberbea.tfm;fonts/tfm/zhmetrics/cyberb;
+gbksong01.tfm;fonts/tfm/zhmetrics/gbksong;
+gbkkaisl75.tfm;fonts/tfm/zhmetrics/gbkkai;
+cyberbeb.tfm;fonts/tfm/zhmetrics/cyberb;
+gbk22.tfm;fonts/tfm/zhmetrics/gbk;
+cyberbsl4a.tfm;fonts/tfm/zhmetrics/cyberb;
+gbksong00.tfm;fonts/tfm/zhmetrics/gbksong;
+unikai3a.tfm;fonts/tfm/zhmetrics/unikai;
+gbkkaisl74.tfm;fonts/tfm/zhmetrics/gbkkai;
+cyberbec.tfm;fonts/tfm/zhmetrics/cyberb;
+gbksong07.tfm;fonts/tfm/zhmetrics/gbksong;
+unikai3f.tfm;fonts/tfm/zhmetrics/unikai;
+gbkkaisl73.tfm;fonts/tfm/zhmetrics/gbkkai;
+cyberbed.tfm;fonts/tfm/zhmetrics/cyberb;
+gbkyousl82.tfm;fonts/tfm/zhmetrics/gbkyou;
+cyberbsle9.tfm;fonts/tfm/zhmetrics/cyberb;
+unilislea.tfm;fonts/tfm/zhmetrics/unili;
+gbksongsl19.tfm;fonts/tfm/zhmetrics/gbksong;
+gbk25.tfm;fonts/tfm/zhmetrics/gbk;
+unikaib9.tfm;fonts/tfm/zhmetrics/unikai;
+cyberbsl4f.tfm;fonts/tfm/zhmetrics/cyberb;
+gbksong06.tfm;fonts/tfm/zhmetrics/gbksong;
+gbkkaisl72.tfm;fonts/tfm/zhmetrics/gbkkai;
+cyberbee.tfm;fonts/tfm/zhmetrics/cyberb;
+gbkyousl83.tfm;fonts/tfm/zhmetrics/gbkyou;
+cyberbsle8.tfm;fonts/tfm/zhmetrics/cyberb;
+unilislec.tfm;fonts/tfm/zhmetrics/unili;
+unifs89.tfm;fonts/tfm/zhmetrics/unifs;
+gbk27.tfm;fonts/tfm/zhmetrics/gbk;
+cyberbsl4d.tfm;fonts/tfm/zhmetrics/cyberb;
+gbksong05.tfm;fonts/tfm/zhmetrics/gbksong;
+unikai3d.tfm;fonts/tfm/zhmetrics/unikai;
+gbkkaisl71.tfm;fonts/tfm/zhmetrics/gbkkai;
+cyberbef.tfm;fonts/tfm/zhmetrics/cyberb;
+unifssl7f.tfm;fonts/tfm/zhmetrics/unifs;
+cyberbsl32.tfm;fonts/tfm/zhmetrics/cyberb;
+cyberbsl2a.tfm;fonts/tfm/zhmetrics/cyberb;
+unili4b.tfm;fonts/tfm/zhmetrics/unili;
+unikai42.tfm;fonts/tfm/zhmetrics/unikai;
+cyberbf0.tfm;fonts/tfm/zhmetrics/cyberb;
+cyberbsl33.tfm;fonts/tfm/zhmetrics/cyberb;
+unikai43.tfm;fonts/tfm/zhmetrics/unikai;
+cyberbf1.tfm;fonts/tfm/zhmetrics/cyberb;
+unifssl7d.tfm;fonts/tfm/zhmetrics/unifs;
+cyberbsl30.tfm;fonts/tfm/zhmetrics/cyberb;
+cyberbsl2c.tfm;fonts/tfm/zhmetrics/cyberb;
+unikai40.tfm;fonts/tfm/zhmetrics/unikai;
+cyberbf2.tfm;fonts/tfm/zhmetrics/cyberb;
+unifssl7e.tfm;fonts/tfm/zhmetrics/unifs;
+cyberbsl31.tfm;fonts/tfm/zhmetrics/cyberb;
+cyberbsl2b.tfm;fonts/tfm/zhmetrics/cyberb;
+unili4a.tfm;fonts/tfm/zhmetrics/unili;
+unikai41.tfm;fonts/tfm/zhmetrics/unikai;
+cyberbf3.tfm;fonts/tfm/zhmetrics/cyberb;
+unifssl7b.tfm;fonts/tfm/zhmetrics/unifs;
+cyberbsl36.tfm;fonts/tfm/zhmetrics/cyberb;
+cyberbsl2e.tfm;fonts/tfm/zhmetrics/cyberb;
+unili4f.tfm;fonts/tfm/zhmetrics/unili;
+unikai46.tfm;fonts/tfm/zhmetrics/unikai;
+cyberbf4.tfm;fonts/tfm/zhmetrics/cyberb;
+cyberbsl34.tfm;fonts/tfm/zhmetrics/cyberb;
+unili79.tfm;fonts/tfm/zhmetrics/unili;
+unikai44.tfm;fonts/tfm/zhmetrics/unikai;
+cyberbf6.tfm;fonts/tfm/zhmetrics/cyberb;
+cyberbsl35.tfm;fonts/tfm/zhmetrics/cyberb;
+unili78.tfm;fonts/tfm/zhmetrics/unili;
+unisongsl48.tfm;fonts/tfm/zhmetrics/unisong;
+unifssl7a.tfm;fonts/tfm/zhmetrics/unifs;
+cyberbsl2f.tfm;fonts/tfm/zhmetrics/cyberb;
+unili4e.tfm;fonts/tfm/zhmetrics/unili;
+unikai45.tfm;fonts/tfm/zhmetrics/unikai;
+cyberbf7.tfm;fonts/tfm/zhmetrics/cyberb;
+cyberbf8.tfm;fonts/tfm/zhmetrics/cyberb;
+cyberbf9.tfm;fonts/tfm/zhmetrics/cyberb;
+unifssl77.tfm;fonts/tfm/zhmetrics/unifs;
+gbkyousl42.tfm;fonts/tfm/zhmetrics/gbkyou;
+gbklisl64.tfm;fonts/tfm/zhmetrics/gbkli;
+cyberbsl3c.tfm;fonts/tfm/zhmetrics/cyberb;
+gbksong83.tfm;fonts/tfm/zhmetrics/gbksong;
+unikai4c.tfm;fonts/tfm/zhmetrics/unikai;
+cyberbfa.tfm;fonts/tfm/zhmetrics/cyberb;
+cyberbsl20.tfm;fonts/tfm/zhmetrics/cyberb;
+unili43.tfm;fonts/tfm/zhmetrics/unili;
+cyberbfb.tfm;fonts/tfm/zhmetrics/cyberb;
+gbksong80.tfm;fonts/tfm/zhmetrics/gbksong;
+cyberbsl23.tfm;fonts/tfm/zhmetrics/cyberb;
+unili40.tfm;fonts/tfm/zhmetrics/unili;
+unifssl75.tfm;fonts/tfm/zhmetrics/unifs;
+gbkyousl40.tfm;fonts/tfm/zhmetrics/gbkyou;
+gbklisl66.tfm;fonts/tfm/zhmetrics/gbkli;
+cyberbsl3a.tfm;fonts/tfm/zhmetrics/cyberb;
+gbkfs49.tfm;fonts/tfm/zhmetrics/gbkfs;
+uniyoua6.tfm;fonts/tfm/zhmetrics/uniyou;
+gbksl79.tfm;fonts/tfm/zhmetrics/gbk;
+gbksong81.tfm;fonts/tfm/zhmetrics/gbksong;
+unikai4a.tfm;fonts/tfm/zhmetrics/unikai;
+cyberbfc.tfm;fonts/tfm/zhmetrics/cyberb;
+cyberbsl22.tfm;fonts/tfm/zhmetrics/cyberb;
+unili41.tfm;fonts/tfm/zhmetrics/unili;
+unifssl72.tfm;fonts/tfm/zhmetrics/unifs;
+gbkyousl47.tfm;fonts/tfm/zhmetrics/gbkyou;
+gbklisl61.tfm;fonts/tfm/zhmetrics/gbkli;
+cyberbsl3f.tfm;fonts/tfm/zhmetrics/cyberb;
+gbksong86.tfm;fonts/tfm/zhmetrics/gbksong;
+unikai4f.tfm;fonts/tfm/zhmetrics/unikai;
+cyberbfd.tfm;fonts/tfm/zhmetrics/cyberb;
+cyberbsl25.tfm;fonts/tfm/zhmetrics/cyberb;
+unili46.tfm;fonts/tfm/zhmetrics/unili;
+cyberbfe.tfm;fonts/tfm/zhmetrics/cyberb;
+gbksong87.tfm;fonts/tfm/zhmetrics/gbksong;
+cyberbsl24.tfm;fonts/tfm/zhmetrics/cyberb;
+unili47.tfm;fonts/tfm/zhmetrics/unili;
+unifssl70.tfm;fonts/tfm/zhmetrics/unifs;
+gbkyousl45.tfm;fonts/tfm/zhmetrics/gbkyou;
+gbklisl63.tfm;fonts/tfm/zhmetrics/gbkli;
+cyberbsl3d.tfm;fonts/tfm/zhmetrics/cyberb;
+gbksong84.tfm;fonts/tfm/zhmetrics/gbksong;
+unikai4d.tfm;fonts/tfm/zhmetrics/unikai;
+cyberbff.tfm;fonts/tfm/zhmetrics/cyberb;
+cyberbsl27.tfm;fonts/tfm/zhmetrics/cyberb;
+unili44.tfm;fonts/tfm/zhmetrics/unili;
+gbkheisl51.tfm;fonts/tfm/zhmetrics/gbkhei;
+unifscd.tfm;fonts/tfm/zhmetrics/unifs;
+gbk85.tfm;fonts/tfm/zhmetrics/gbk;
+cyberbsl00.tfm;fonts/tfm/zhmetrics/cyberb;
+unili67.tfm;fonts/tfm/zhmetrics/unili;
+gbkheisl50.tfm;fonts/tfm/zhmetrics/gbkhei;
+unifsce.tfm;fonts/tfm/zhmetrics/unifs;
+gbk84.tfm;fonts/tfm/zhmetrics/gbk;
+cyberbsl01.tfm;fonts/tfm/zhmetrics/cyberb;
+unili66.tfm;fonts/tfm/zhmetrics/unili;
+gbkheisl53.tfm;fonts/tfm/zhmetrics/gbkhei;
+unifscf.tfm;fonts/tfm/zhmetrics/unifs;
+gbk87.tfm;fonts/tfm/zhmetrics/gbk;
+cyberbsl02.tfm;fonts/tfm/zhmetrics/cyberb;
+unili65.tfm;fonts/tfm/zhmetrics/unili;
+gbk86.tfm;fonts/tfm/zhmetrics/gbk;
+gbkheisl52.tfm;fonts/tfm/zhmetrics/gbkhei;
+cyberbsl03.tfm;fonts/tfm/zhmetrics/cyberb;
+unili64.tfm;fonts/tfm/zhmetrics/unili;
+gbk81.tfm;fonts/tfm/zhmetrics/gbk;
+gbkheisl55.tfm;fonts/tfm/zhmetrics/gbkhei;
+cyberbsl04.tfm;fonts/tfm/zhmetrics/cyberb;
+unili63.tfm;fonts/tfm/zhmetrics/unili;
+gbk80.tfm;fonts/tfm/zhmetrics/gbk;
+unifsca.tfm;fonts/tfm/zhmetrics/unifs;
+gbkheisl54.tfm;fonts/tfm/zhmetrics/gbkhei;
+cyberbsl05.tfm;fonts/tfm/zhmetrics/cyberb;
+unili62.tfm;fonts/tfm/zhmetrics/unili;
+unifscb.tfm;fonts/tfm/zhmetrics/unifs;
+gbkheisl57.tfm;fonts/tfm/zhmetrics/gbkhei;
+unilisla9.tfm;fonts/tfm/zhmetrics/unili;
+gbk83.tfm;fonts/tfm/zhmetrics/gbk;
+cyberbsl06.tfm;fonts/tfm/zhmetrics/cyberb;
+unili61.tfm;fonts/tfm/zhmetrics/unili;
+unifscc.tfm;fonts/tfm/zhmetrics/unifs;
+gbkheisl56.tfm;fonts/tfm/zhmetrics/gbkhei;
+unilisla8.tfm;fonts/tfm/zhmetrics/unili;
+gbk82.tfm;fonts/tfm/zhmetrics/gbk;
+cyberbsl07.tfm;fonts/tfm/zhmetrics/cyberb;
+unili60.tfm;fonts/tfm/zhmetrics/unili;
+cyberbsl08.tfm;fonts/tfm/zhmetrics/cyberb;
+cyberbsl09.tfm;fonts/tfm/zhmetrics/cyberb;
+cyberbsl0a.tfm;fonts/tfm/zhmetrics/cyberb;
+unili6f.tfm;fonts/tfm/zhmetrics/unili;
+cyberbsl0b.tfm;fonts/tfm/zhmetrics/cyberb;
+unili6e.tfm;fonts/tfm/zhmetrics/unili;
+cyberbsl0c.tfm;fonts/tfm/zhmetrics/cyberb;
+unili6d.tfm;fonts/tfm/zhmetrics/unili;
+cyberbsl0d.tfm;fonts/tfm/zhmetrics/cyberb;
+unili6c.tfm;fonts/tfm/zhmetrics/unili;
+cyberbsl0e.tfm;fonts/tfm/zhmetrics/cyberb;
+unili6b.tfm;fonts/tfm/zhmetrics/unili;
+cyberbsl0f.tfm;fonts/tfm/zhmetrics/cyberb;
+unili6a.tfm;fonts/tfm/zhmetrics/unili;
+cyberbsl7e.tfm;fonts/tfm/zhmetrics/cyberb;
+unikai63.tfm;fonts/tfm/zhmetrics/unikai;
+cyberbsl13.tfm;fonts/tfm/zhmetrics/cyberb;
+unilib8.tfm;fonts/tfm/zhmetrics/unili;
+unisongsla8.tfm;fonts/tfm/zhmetrics/unisong;
+cyberbsl7b.tfm;fonts/tfm/zhmetrics/cyberb;
+unikai64.tfm;fonts/tfm/zhmetrics/unikai;
+cyberbsl14.tfm;fonts/tfm/zhmetrics/cyberb;
+unisong4f.tfm;fonts/tfm/zhmetrics/unisong;
+cyberbsl18.tfm;fonts/tfm/zhmetrics/cyberb;
+unikaisl6e.tfm;fonts/tfm/zhmetrics/unikai;
+cyberbsl19.tfm;fonts/tfm/zhmetrics/cyberb;
+unikaisl6d.tfm;fonts/tfm/zhmetrics/unikai;
+unifssl76.tfm;fonts/tfm/zhmetrics/unifs;
+gbkyousl43.tfm;fonts/tfm/zhmetrics/gbkyou;
+gbklisl65.tfm;fonts/tfm/zhmetrics/gbkli;
+cyberbsl3b.tfm;fonts/tfm/zhmetrics/cyberb;
+gbksong82.tfm;fonts/tfm/zhmetrics/gbksong;
+unikai4b.tfm;fonts/tfm/zhmetrics/unikai;
+cyberbsl21.tfm;fonts/tfm/zhmetrics/cyberb;
+unili42.tfm;fonts/tfm/zhmetrics/unili;
+unifssl71.tfm;fonts/tfm/zhmetrics/unifs;
+gbkyousl44.tfm;fonts/tfm/zhmetrics/gbkyou;
+gbklisl62.tfm;fonts/tfm/zhmetrics/gbkli;
+cyberbsl3e.tfm;fonts/tfm/zhmetrics/cyberb;
+gbksong85.tfm;fonts/tfm/zhmetrics/gbksong;
+unikai4e.tfm;fonts/tfm/zhmetrics/unikai;
+cyberbsl26.tfm;fonts/tfm/zhmetrics/cyberb;
+unili45.tfm;fonts/tfm/zhmetrics/unili;
+cyberbsl28.tfm;fonts/tfm/zhmetrics/cyberb;
+cyberbsl29.tfm;fonts/tfm/zhmetrics/cyberb;
+gbk93.tfm;fonts/tfm/zhmetrics/gbk;
+gbkheisl47.tfm;fonts/tfm/zhmetrics/gbkhei;
+cyberbsl38.tfm;fonts/tfm/zhmetrics/cyberb;
+unili75.tfm;fonts/tfm/zhmetrics/unili;
+gbk92.tfm;fonts/tfm/zhmetrics/gbk;
+gbkheisl46.tfm;fonts/tfm/zhmetrics/gbkhei;
+cyberbsl39.tfm;fonts/tfm/zhmetrics/cyberb;
+unili74.tfm;fonts/tfm/zhmetrics/unili;
+cyberbsl48.tfm;fonts/tfm/zhmetrics/cyberb;
+cyberbslef.tfm;fonts/tfm/zhmetrics/cyberb;
+unisong71.tfm;fonts/tfm/zhmetrics/unisong;
+unikaisl74.tfm;fonts/tfm/zhmetrics/unikai;
+unikaibf.tfm;fonts/tfm/zhmetrics/unikai;
+cyberbsl49.tfm;fonts/tfm/zhmetrics/cyberb;
+gbk21.tfm;fonts/tfm/zhmetrics/gbk;
+cyberbsl4b.tfm;fonts/tfm/zhmetrics/cyberb;
+unilisleb.tfm;fonts/tfm/zhmetrics/unili;
+unifs88.tfm;fonts/tfm/zhmetrics/unifs;
+gbk26.tfm;fonts/tfm/zhmetrics/gbk;
+cyberbsl4e.tfm;fonts/tfm/zhmetrics/cyberb;
+cyberbsl50.tfm;fonts/tfm/zhmetrics/cyberb;
+unili55.tfm;fonts/tfm/zhmetrics/unili;
+gbksong94.tfm;fonts/tfm/zhmetrics/gbksong;
+cyberbsl51.tfm;fonts/tfm/zhmetrics/cyberb;
+unili54.tfm;fonts/tfm/zhmetrics/unili;
+cyberbsl52.tfm;fonts/tfm/zhmetrics/cyberb;
+unili57.tfm;fonts/tfm/zhmetrics/unili;
+cyberbsl53.tfm;fonts/tfm/zhmetrics/cyberb;
+unili56.tfm;fonts/tfm/zhmetrics/unili;
+uniyousl3b.tfm;fonts/tfm/zhmetrics/uniyou;
+gbksong91.tfm;fonts/tfm/zhmetrics/gbksong;
+cyberbsl54.tfm;fonts/tfm/zhmetrics/cyberb;
+unikaisl98.tfm;fonts/tfm/zhmetrics/unikai;
+unili51.tfm;fonts/tfm/zhmetrics/unili;
+uniyousl3c.tfm;fonts/tfm/zhmetrics/uniyou;
+gbksong90.tfm;fonts/tfm/zhmetrics/gbksong;
+cyberbsl55.tfm;fonts/tfm/zhmetrics/cyberb;
+unikaisl99.tfm;fonts/tfm/zhmetrics/unikai;
+unili50.tfm;fonts/tfm/zhmetrics/unili;
+gbksong93.tfm;fonts/tfm/zhmetrics/gbksong;
+gbkhei19.tfm;fonts/tfm/zhmetrics/gbkhei;
+cyberbsl56.tfm;fonts/tfm/zhmetrics/cyberb;
+unili53.tfm;fonts/tfm/zhmetrics/unili;
+uniyousl3a.tfm;fonts/tfm/zhmetrics/uniyou;
+gbksong92.tfm;fonts/tfm/zhmetrics/gbksong;
+gbkhei18.tfm;fonts/tfm/zhmetrics/gbkhei;
+cyberbsl57.tfm;fonts/tfm/zhmetrics/cyberb;
+unili52.tfm;fonts/tfm/zhmetrics/unili;
+cyberbsl58.tfm;fonts/tfm/zhmetrics/cyberb;
+unikaisl94.tfm;fonts/tfm/zhmetrics/unikai;
+gbkhei17.tfm;fonts/tfm/zhmetrics/gbkhei;
+gbkfs54.tfm;fonts/tfm/zhmetrics/gbkfs;
+cyberbsldf.tfm;fonts/tfm/zhmetrics/cyberb;
+unikai29.tfm;fonts/tfm/zhmetrics/unikai;
+gbksl64.tfm;fonts/tfm/zhmetrics/gbk;
+unikaisl8b.tfm;fonts/tfm/zhmetrics/unikai;
+cyberbsl59.tfm;fonts/tfm/zhmetrics/cyberb;
+unikaisl95.tfm;fonts/tfm/zhmetrics/unikai;
+gbkhei16.tfm;fonts/tfm/zhmetrics/gbkhei;
+gbkyousl60.tfm;fonts/tfm/zhmetrics/gbkyou;
+cyberbsl5a.tfm;fonts/tfm/zhmetrics/cyberb;
+unili5d.tfm;fonts/tfm/zhmetrics/unili;
+gbkfs29.tfm;fonts/tfm/zhmetrics/gbkfs;
+unifssla5.tfm;fonts/tfm/zhmetrics/unifs;
+gbksl19.tfm;fonts/tfm/zhmetrics/gbk;
+gbkyousl63.tfm;fonts/tfm/zhmetrics/gbkyou;
+cyberbsl5b.tfm;fonts/tfm/zhmetrics/cyberb;
+gbkyousl62.tfm;fonts/tfm/zhmetrics/gbkyou;
+cyberbsl5c.tfm;fonts/tfm/zhmetrics/cyberb;
+unili5f.tfm;fonts/tfm/zhmetrics/unili;
+gbkyousl65.tfm;fonts/tfm/zhmetrics/gbkyou;
+cyberbsl5d.tfm;fonts/tfm/zhmetrics/cyberb;
+unili5a.tfm;fonts/tfm/zhmetrics/unili;
+gbkyousl64.tfm;fonts/tfm/zhmetrics/gbkyou;
+cyberbsl5e.tfm;fonts/tfm/zhmetrics/cyberb;
+cyberbsld9.tfm;fonts/tfm/zhmetrics/cyberb;
+unikai2f.tfm;fonts/tfm/zhmetrics/unikai;
+gbkyousl67.tfm;fonts/tfm/zhmetrics/gbkyou;
+cyberbsl5f.tfm;fonts/tfm/zhmetrics/cyberb;
+unili5c.tfm;fonts/tfm/zhmetrics/unili;
+gbksongsl09.tfm;fonts/tfm/zhmetrics/gbksong;
+cyberbsl63.tfm;fonts/tfm/zhmetrics/cyberb;
+unili00.tfm;fonts/tfm/zhmetrics/unili;
+cyberbsl64.tfm;fonts/tfm/zhmetrics/cyberb;
+unili07.tfm;fonts/tfm/zhmetrics/unili;
+gbkkaisl09.tfm;fonts/tfm/zhmetrics/gbkkai;
+unilibb.tfm;fonts/tfm/zhmetrics/unili;
+unisongslab.tfm;fonts/tfm/zhmetrics/unisong;
+cyberbsl78.tfm;fonts/tfm/zhmetrics/cyberb;
+gbkkaisl08.tfm;fonts/tfm/zhmetrics/gbkkai;
+unilibc.tfm;fonts/tfm/zhmetrics/unili;
+unisongslac.tfm;fonts/tfm/zhmetrics/unisong;
+unifs5f.tfm;fonts/tfm/zhmetrics/unifs;
+cyberbsl79.tfm;fonts/tfm/zhmetrics/cyberb;
+cyberbsl93.tfm;fonts/tfm/zhmetrics/cyberb;
+gbkkaisl22.tfm;fonts/tfm/zhmetrics/gbkkai;
+cyberbsl94.tfm;fonts/tfm/zhmetrics/cyberb;
+unili19.tfm;fonts/tfm/zhmetrics/unili;
+unisongsl29.tfm;fonts/tfm/zhmetrics/unisong;
+gbkkaisl25.tfm;fonts/tfm/zhmetrics/gbkkai;
+uniyou5a.tfm;fonts/tfm/zhmetrics/uniyou;
+cyberbsla0.tfm;fonts/tfm/zhmetrics/cyberb;
+gbkhei57.tfm;fonts/tfm/zhmetrics/gbkhei;
+cyberbsla1.tfm;fonts/tfm/zhmetrics/cyberb;
+gbkhei56.tfm;fonts/tfm/zhmetrics/gbkhei;
+uniyou5c.tfm;fonts/tfm/zhmetrics/uniyou;
+cyberbsla2.tfm;fonts/tfm/zhmetrics/cyberb;
+gbkhei55.tfm;fonts/tfm/zhmetrics/gbkhei;
+uniyou5b.tfm;fonts/tfm/zhmetrics/uniyou;
+cyberbsla3.tfm;fonts/tfm/zhmetrics/cyberb;
+gbkhei54.tfm;fonts/tfm/zhmetrics/gbkhei;
+uniyou5e.tfm;fonts/tfm/zhmetrics/uniyou;
+cyberbsla4.tfm;fonts/tfm/zhmetrics/cyberb;
+gbkhei53.tfm;fonts/tfm/zhmetrics/gbkhei;
+uniyou5d.tfm;fonts/tfm/zhmetrics/uniyou;
+cyberbsla5.tfm;fonts/tfm/zhmetrics/cyberb;
+gbkhei52.tfm;fonts/tfm/zhmetrics/gbkhei;
+cyberbsla6.tfm;fonts/tfm/zhmetrics/cyberb;
+gbkhei51.tfm;fonts/tfm/zhmetrics/gbkhei;
+uniyou5f.tfm;fonts/tfm/zhmetrics/uniyou;
+cyberbsla7.tfm;fonts/tfm/zhmetrics/cyberb;
+gbkhei50.tfm;fonts/tfm/zhmetrics/gbkhei;
+unisongdf.tfm;fonts/tfm/zhmetrics/unisong;
+cyberbsla8.tfm;fonts/tfm/zhmetrics/cyberb;
+cyberbsla9.tfm;fonts/tfm/zhmetrics/cyberb;
+gbkfs87.tfm;fonts/tfm/zhmetrics/gbkfs;
+uniyou50.tfm;fonts/tfm/zhmetrics/uniyou;
+cyberbslaa.tfm;fonts/tfm/zhmetrics/cyberb;
+gbkfs84.tfm;fonts/tfm/zhmetrics/gbkfs;
+uniyou53.tfm;fonts/tfm/zhmetrics/uniyou;
+cyberbslab.tfm;fonts/tfm/zhmetrics/cyberb;
+gbkfs85.tfm;fonts/tfm/zhmetrics/gbkfs;
+uniyou52.tfm;fonts/tfm/zhmetrics/uniyou;
+cyberbslac.tfm;fonts/tfm/zhmetrics/cyberb;
+gbkfs82.tfm;fonts/tfm/zhmetrics/gbkfs;
+uniyou55.tfm;fonts/tfm/zhmetrics/uniyou;
+cyberbslad.tfm;fonts/tfm/zhmetrics/cyberb;
+gbkfs83.tfm;fonts/tfm/zhmetrics/gbkfs;
+uniyou54.tfm;fonts/tfm/zhmetrics/uniyou;
+cyberbslae.tfm;fonts/tfm/zhmetrics/cyberb;
+gbkyousl09.tfm;fonts/tfm/zhmetrics/gbkyou;
+gbkfs80.tfm;fonts/tfm/zhmetrics/gbkfs;
+uniyou57.tfm;fonts/tfm/zhmetrics/uniyou;
+unisongd8.tfm;fonts/tfm/zhmetrics/unisong;
+cyberbslaf.tfm;fonts/tfm/zhmetrics/cyberb;
+unifsf9.tfm;fonts/tfm/zhmetrics/unifs;
+cyberbslb0.tfm;fonts/tfm/zhmetrics/cyberb;
+gbkhei05.tfm;fonts/tfm/zhmetrics/gbkhei;
+unifsf8.tfm;fonts/tfm/zhmetrics/unifs;
+cyberbslb1.tfm;fonts/tfm/zhmetrics/cyberb;
+gbkhei04.tfm;fonts/tfm/zhmetrics/gbkhei;
+cyberbslb2.tfm;fonts/tfm/zhmetrics/cyberb;
+gbkhei07.tfm;fonts/tfm/zhmetrics/gbkhei;
+cyberbslb3.tfm;fonts/tfm/zhmetrics/cyberb;
+gbkhei06.tfm;fonts/tfm/zhmetrics/gbkhei;
+cyberbslb4.tfm;fonts/tfm/zhmetrics/cyberb;
+gbkhei01.tfm;fonts/tfm/zhmetrics/gbkhei;
+cyberbslb5.tfm;fonts/tfm/zhmetrics/cyberb;
+gbkhei00.tfm;fonts/tfm/zhmetrics/gbkhei;
+unifssl88.tfm;fonts/tfm/zhmetrics/unifs;
+cyberbslb6.tfm;fonts/tfm/zhmetrics/cyberb;
+gbkhei03.tfm;fonts/tfm/zhmetrics/gbkhei;
+unifssl89.tfm;fonts/tfm/zhmetrics/unifs;
+cyberbslb7.tfm;fonts/tfm/zhmetrics/cyberb;
+gbkhei02.tfm;fonts/tfm/zhmetrics/gbkhei;
+unifsf1.tfm;fonts/tfm/zhmetrics/unifs;
+unifssl86.tfm;fonts/tfm/zhmetrics/unifs;
+gbkyousl91.tfm;fonts/tfm/zhmetrics/gbkyou;
+cyberbslb8.tfm;fonts/tfm/zhmetrics/cyberb;
+unifsf0.tfm;fonts/tfm/zhmetrics/unifs;
+unifssl87.tfm;fonts/tfm/zhmetrics/unifs;
+gbkyousl90.tfm;fonts/tfm/zhmetrics/gbkyou;
+cyberbslb9.tfm;fonts/tfm/zhmetrics/cyberb;
+cyberbslba.tfm;fonts/tfm/zhmetrics/cyberb;
+cyberbslbb.tfm;fonts/tfm/zhmetrics/cyberb;
+gbk78.tfm;fonts/tfm/zhmetrics/gbk;
+cyberbslbc.tfm;fonts/tfm/zhmetrics/cyberb;
+gbk79.tfm;fonts/tfm/zhmetrics/gbk;
+cyberbslbd.tfm;fonts/tfm/zhmetrics/cyberb;
+cyberbslbe.tfm;fonts/tfm/zhmetrics/cyberb;
+gbkheisl28.tfm;fonts/tfm/zhmetrics/gbkhei;
+cyberbslbf.tfm;fonts/tfm/zhmetrics/cyberb;
+uniyou6a.tfm;fonts/tfm/zhmetrics/uniyou;
+gbkli94.tfm;fonts/tfm/zhmetrics/gbkli;
+unifssl99.tfm;fonts/tfm/zhmetrics/unifs;
+unili9d.tfm;fonts/tfm/zhmetrics/unili;
+cyberbslc3.tfm;fonts/tfm/zhmetrics/cyberb;
+gbkhei70.tfm;fonts/tfm/zhmetrics/gbkhei;
+unili9c.tfm;fonts/tfm/zhmetrics/unili;
+gbklisl89.tfm;fonts/tfm/zhmetrics/gbkli;
+cyberbslc4.tfm;fonts/tfm/zhmetrics/cyberb;
+gbkhei77.tfm;fonts/tfm/zhmetrics/gbkhei;
+uniyou6f.tfm;fonts/tfm/zhmetrics/uniyou;
+gbkli93.tfm;fonts/tfm/zhmetrics/gbkli;
+uniheib8.tfm;fonts/tfm/zhmetrics/unihei;
+gbklisl85.tfm;fonts/tfm/zhmetrics/gbkli;
+cyberbslc8.tfm;fonts/tfm/zhmetrics/cyberb;
+unisong1c.tfm;fonts/tfm/zhmetrics/unisong;
+unifssl92.tfm;fonts/tfm/zhmetrics/unifs;
+unikaisl5f.tfm;fonts/tfm/zhmetrics/unikai;
+gbklisl84.tfm;fonts/tfm/zhmetrics/gbkli;
+cyberbslc9.tfm;fonts/tfm/zhmetrics/cyberb;
+unisong1b.tfm;fonts/tfm/zhmetrics/unisong;
+unifssl93.tfm;fonts/tfm/zhmetrics/unifs;
+cyberbsld0.tfm;fonts/tfm/zhmetrics/cyberb;
+gbkhei25.tfm;fonts/tfm/zhmetrics/gbkhei;
+cyberbsld1.tfm;fonts/tfm/zhmetrics/cyberb;
+gbkhei24.tfm;fonts/tfm/zhmetrics/gbkhei;
+cyberbsld2.tfm;fonts/tfm/zhmetrics/cyberb;
+gbkhei27.tfm;fonts/tfm/zhmetrics/gbkhei;
+cyberbsld3.tfm;fonts/tfm/zhmetrics/cyberb;
+gbkhei26.tfm;fonts/tfm/zhmetrics/gbkhei;
+cyberbsld4.tfm;fonts/tfm/zhmetrics/cyberb;
+gbkhei21.tfm;fonts/tfm/zhmetrics/gbkhei;
+cyberbsld5.tfm;fonts/tfm/zhmetrics/cyberb;
+gbkhei20.tfm;fonts/tfm/zhmetrics/gbkhei;
+cyberbsld6.tfm;fonts/tfm/zhmetrics/cyberb;
+gbkhei23.tfm;fonts/tfm/zhmetrics/gbkhei;
+cyberbsld7.tfm;fonts/tfm/zhmetrics/cyberb;
+gbkhei22.tfm;fonts/tfm/zhmetrics/gbkhei;
+cyberbsld8.tfm;fonts/tfm/zhmetrics/cyberb;
+gbkfs53.tfm;fonts/tfm/zhmetrics/gbkfs;
+cyberbslda.tfm;fonts/tfm/zhmetrics/cyberb;
+gbksl63.tfm;fonts/tfm/zhmetrics/gbk;
+unikaisl8e.tfm;fonts/tfm/zhmetrics/unikai;
+gbkfs50.tfm;fonts/tfm/zhmetrics/gbkfs;
+cyberbsldb.tfm;fonts/tfm/zhmetrics/cyberb;
+gbksl60.tfm;fonts/tfm/zhmetrics/gbk;
+uniheisl9c.tfm;fonts/tfm/zhmetrics/unihei;
+unikaisl8f.tfm;fonts/tfm/zhmetrics/unikai;
+gbkfs51.tfm;fonts/tfm/zhmetrics/gbkfs;
+cyberbsldc.tfm;fonts/tfm/zhmetrics/cyberb;
+gbksl61.tfm;fonts/tfm/zhmetrics/gbk;
+uniheisl9b.tfm;fonts/tfm/zhmetrics/unihei;
+unilisl5c.tfm;fonts/tfm/zhmetrics/unili;
+gbkyousl79.tfm;fonts/tfm/zhmetrics/gbkyou;
+gbkfs56.tfm;fonts/tfm/zhmetrics/gbkfs;
+cyberbsldd.tfm;fonts/tfm/zhmetrics/cyberb;
+gbksl66.tfm;fonts/tfm/zhmetrics/gbk;
+uniheisl9e.tfm;fonts/tfm/zhmetrics/unihei;
+unilisl5b.tfm;fonts/tfm/zhmetrics/unili;
+gbkyousl78.tfm;fonts/tfm/zhmetrics/gbkyou;
+gbkfs57.tfm;fonts/tfm/zhmetrics/gbkfs;
+cyberbslde.tfm;fonts/tfm/zhmetrics/cyberb;
+gbksl67.tfm;fonts/tfm/zhmetrics/gbk;
+uniheisl9d.tfm;fonts/tfm/zhmetrics/unihei;
+unikaisl8a.tfm;fonts/tfm/zhmetrics/unikai;
+unikaisl7b.tfm;fonts/tfm/zhmetrics/unikai;
+cyberbsle0.tfm;fonts/tfm/zhmetrics/cyberb;
+cyberbsle1.tfm;fonts/tfm/zhmetrics/cyberb;
+unisong7f.tfm;fonts/tfm/zhmetrics/unisong;
+unikaisl7c.tfm;fonts/tfm/zhmetrics/unikai;
+gbkyousl89.tfm;fonts/tfm/zhmetrics/gbkyou;
+cyberbsle2.tfm;fonts/tfm/zhmetrics/cyberb;
+unisong7e.tfm;fonts/tfm/zhmetrics/unisong;
+gbkyousl88.tfm;fonts/tfm/zhmetrics/gbkyou;
+cyberbsle3.tfm;fonts/tfm/zhmetrics/cyberb;
+unisong7d.tfm;fonts/tfm/zhmetrics/unisong;
+c70zhyou.fd;tex/latex/zhmetrics;
+unikaisl7a.tfm;fonts/tfm/zhmetrics/unikai;
+cyberbsle4.tfm;fonts/tfm/zhmetrics/cyberb;
+unisong7c.tfm;fonts/tfm/zhmetrics/unisong;
+unikaisl7f.tfm;fonts/tfm/zhmetrics/unikai;
+cyberbsle5.tfm;fonts/tfm/zhmetrics/cyberb;
+unisong7b.tfm;fonts/tfm/zhmetrics/unisong;
+cyberbsle6.tfm;fonts/tfm/zhmetrics/cyberb;
+unisong7a.tfm;fonts/tfm/zhmetrics/unisong;
+unikaisl7d.tfm;fonts/tfm/zhmetrics/unikai;
+unikaisl7e.tfm;fonts/tfm/zhmetrics/unikai;
+cyberbsle7.tfm;fonts/tfm/zhmetrics/cyberb;
+cyberbslea.tfm;fonts/tfm/zhmetrics/cyberb;
+unisong76.tfm;fonts/tfm/zhmetrics/unisong;
+unikaisl73.tfm;fonts/tfm/zhmetrics/unikai;
+cyberbsleb.tfm;fonts/tfm/zhmetrics/cyberb;
+unisong75.tfm;fonts/tfm/zhmetrics/unisong;
+unikaisl70.tfm;fonts/tfm/zhmetrics/unikai;
+cyberbslec.tfm;fonts/tfm/zhmetrics/cyberb;
+unisong74.tfm;fonts/tfm/zhmetrics/unisong;
+unikaisl71.tfm;fonts/tfm/zhmetrics/unikai;
+cyberbslf0.tfm;fonts/tfm/zhmetrics/cyberb;
+cyberbslf1.tfm;fonts/tfm/zhmetrics/cyberb;
+cyberbslf2.tfm;fonts/tfm/zhmetrics/cyberb;
+cyberbslf3.tfm;fonts/tfm/zhmetrics/cyberb;
+cyberbslf4.tfm;fonts/tfm/zhmetrics/cyberb;
+cyberbslf5.tfm;fonts/tfm/zhmetrics/cyberb;
+cyberbslf6.tfm;fonts/tfm/zhmetrics/cyberb;
+cyberbslf7.tfm;fonts/tfm/zhmetrics/cyberb;
+cyberbslf8.tfm;fonts/tfm/zhmetrics/cyberb;
+cyberbslf9.tfm;fonts/tfm/zhmetrics/cyberb;
+cyberbslfa.tfm;fonts/tfm/zhmetrics/cyberb;
+cyberbslfb.tfm;fonts/tfm/zhmetrics/cyberb;
+cyberbslfc.tfm;fonts/tfm/zhmetrics/cyberb;
+gbksongsl46.tfm;fonts/tfm/zhmetrics/gbksong;
+gbkfs69.tfm;fonts/tfm/zhmetrics/gbkfs;
+gbksl59.tfm;fonts/tfm/zhmetrics/gbk;
+cyberbslfd.tfm;fonts/tfm/zhmetrics/cyberb;
+gbksongsl47.tfm;fonts/tfm/zhmetrics/gbksong;
+gbkfs68.tfm;fonts/tfm/zhmetrics/gbkfs;
+gbksl58.tfm;fonts/tfm/zhmetrics/gbk;
+cyberbslfe.tfm;fonts/tfm/zhmetrics/cyberb;
+cyberbslff.tfm;fonts/tfm/zhmetrics/cyberb;
+gbkfssl49.tfm;fonts/tfm/zhmetrics/gbkfs;
+gbk00.tfm;fonts/tfm/zhmetrics/gbk;
+gbkfssl48.tfm;fonts/tfm/zhmetrics/gbkfs;
+gbk01.tfm;fonts/tfm/zhmetrics/gbk;
+unifsdd.tfm;fonts/tfm/zhmetrics/unifs;
+gbkkai88.tfm;fonts/tfm/zhmetrics/gbkkai;
+gbk04.tfm;fonts/tfm/zhmetrics/gbk;
+unifsde.tfm;fonts/tfm/zhmetrics/unifs;
+gbkkai89.tfm;fonts/tfm/zhmetrics/gbkkai;
+gbk05.tfm;fonts/tfm/zhmetrics/gbk;
+gbk06.tfm;fonts/tfm/zhmetrics/gbk;
+gbk07.tfm;fonts/tfm/zhmetrics/gbk;
+gbk10.tfm;fonts/tfm/zhmetrics/gbk;
+unili8f.tfm;fonts/tfm/zhmetrics/unili;
+gbk11.tfm;fonts/tfm/zhmetrics/gbk;
+unili8e.tfm;fonts/tfm/zhmetrics/unili;
+gbk12.tfm;fonts/tfm/zhmetrics/gbk;
+unili8d.tfm;fonts/tfm/zhmetrics/unili;
+gbk13.tfm;fonts/tfm/zhmetrics/gbk;
+gbkfssl79.tfm;fonts/tfm/zhmetrics/gbkfs;
+unili8a.tfm;fonts/tfm/zhmetrics/unili;
+gbk16.tfm;fonts/tfm/zhmetrics/gbk;
+gbkfssl78.tfm;fonts/tfm/zhmetrics/gbkfs;
+gbk17.tfm;fonts/tfm/zhmetrics/gbk;
+gbk23.tfm;fonts/tfm/zhmetrics/gbk;
+gbksongsl18.tfm;fonts/tfm/zhmetrics/gbksong;
+gbk24.tfm;fonts/tfm/zhmetrics/gbk;
+unifs86.tfm;fonts/tfm/zhmetrics/unifs;
+gbksongsl14.tfm;fonts/tfm/zhmetrics/gbksong;
+uniheifb.tfm;fonts/tfm/zhmetrics/unihei;
+uniheisl0a.tfm;fonts/tfm/zhmetrics/unihei;
+gbk28.tfm;fonts/tfm/zhmetrics/gbk;
+unifs87.tfm;fonts/tfm/zhmetrics/unifs;
+gbksongsl15.tfm;fonts/tfm/zhmetrics/gbksong;
+uniheifc.tfm;fonts/tfm/zhmetrics/unihei;
+gbk29.tfm;fonts/tfm/zhmetrics/gbk;
+unifs92.tfm;fonts/tfm/zhmetrics/unifs;
+gbk38.tfm;fonts/tfm/zhmetrics/gbk;
+unifs93.tfm;fonts/tfm/zhmetrics/unifs;
+unisongbf.tfm;fonts/tfm/zhmetrics/unisong;
+gbk39.tfm;fonts/tfm/zhmetrics/gbk;
+gbkkai44.tfm;fonts/tfm/zhmetrics/gbkkai;
+gbk40.tfm;fonts/tfm/zhmetrics/gbk;
+gbkkai45.tfm;fonts/tfm/zhmetrics/gbkkai;
+gbk41.tfm;fonts/tfm/zhmetrics/gbk;
+gbkkai46.tfm;fonts/tfm/zhmetrics/gbkkai;
+gbk42.tfm;fonts/tfm/zhmetrics/gbk;
+gbkkai47.tfm;fonts/tfm/zhmetrics/gbkkai;
+gbk43.tfm;fonts/tfm/zhmetrics/gbk;
+gbkkai40.tfm;fonts/tfm/zhmetrics/gbkkai;
+gbkheisl18.tfm;fonts/tfm/zhmetrics/gbkhei;
+gbk44.tfm;fonts/tfm/zhmetrics/gbk;
+gbkkai41.tfm;fonts/tfm/zhmetrics/gbkkai;
+gbkheisl19.tfm;fonts/tfm/zhmetrics/gbkhei;
+gbk45.tfm;fonts/tfm/zhmetrics/gbk;
+gbkkai42.tfm;fonts/tfm/zhmetrics/gbkkai;
+gbk46.tfm;fonts/tfm/zhmetrics/gbk;
+gbkkai43.tfm;fonts/tfm/zhmetrics/gbkkai;
+gbk47.tfm;fonts/tfm/zhmetrics/gbk;
+gbkheisl14.tfm;fonts/tfm/zhmetrics/gbkhei;
+gbk48.tfm;fonts/tfm/zhmetrics/gbk;
+gbkheisl15.tfm;fonts/tfm/zhmetrics/gbkhei;
+gbk49.tfm;fonts/tfm/zhmetrics/gbk;
+gbkkai54.tfm;fonts/tfm/zhmetrics/gbkkai;
+gbk50.tfm;fonts/tfm/zhmetrics/gbk;
+gbkkai55.tfm;fonts/tfm/zhmetrics/gbkkai;
+unifsaa.tfm;fonts/tfm/zhmetrics/unifs;
+gbk51.tfm;fonts/tfm/zhmetrics/gbk;
+gbkkai56.tfm;fonts/tfm/zhmetrics/gbkkai;
+unifsab.tfm;fonts/tfm/zhmetrics/unifs;
+gbk52.tfm;fonts/tfm/zhmetrics/gbk;
+gbkkai57.tfm;fonts/tfm/zhmetrics/gbkkai;
+unifsac.tfm;fonts/tfm/zhmetrics/unifs;
+gbk53.tfm;fonts/tfm/zhmetrics/gbk;
+gbkkai50.tfm;fonts/tfm/zhmetrics/gbkkai;
+unifsad.tfm;fonts/tfm/zhmetrics/unifs;
+gbkheisl08.tfm;fonts/tfm/zhmetrics/gbkhei;
+gbk54.tfm;fonts/tfm/zhmetrics/gbk;
+gbkkai51.tfm;fonts/tfm/zhmetrics/gbkkai;
+unifsae.tfm;fonts/tfm/zhmetrics/unifs;
+gbkheisl09.tfm;fonts/tfm/zhmetrics/gbkhei;
+gbk55.tfm;fonts/tfm/zhmetrics/gbk;
+gbkkai52.tfm;fonts/tfm/zhmetrics/gbkkai;
+unifsaf.tfm;fonts/tfm/zhmetrics/unifs;
+gbk56.tfm;fonts/tfm/zhmetrics/gbk;
+gbkkai53.tfm;fonts/tfm/zhmetrics/gbkkai;
+gbk57.tfm;fonts/tfm/zhmetrics/gbk;
+gbkheisl04.tfm;fonts/tfm/zhmetrics/gbkhei;
+gbk58.tfm;fonts/tfm/zhmetrics/gbk;
+gbkheisl05.tfm;fonts/tfm/zhmetrics/gbkhei;
+gbk59.tfm;fonts/tfm/zhmetrics/gbk;
+uniyou8b.tfm;fonts/tfm/zhmetrics/uniyou;
+gbkfssl61.tfm;fonts/tfm/zhmetrics/gbkfs;
+gbk68.tfm;fonts/tfm/zhmetrics/gbk;
+uniyou8c.tfm;fonts/tfm/zhmetrics/uniyou;
+gbkfssl60.tfm;fonts/tfm/zhmetrics/gbkfs;
+unilicf.tfm;fonts/tfm/zhmetrics/unili;
+gbk69.tfm;fonts/tfm/zhmetrics/gbk;
+gbkheisl24.tfm;fonts/tfm/zhmetrics/gbkhei;
+unifsfc.tfm;fonts/tfm/zhmetrics/unifs;
+unifssl8d.tfm;fonts/tfm/zhmetrics/unifs;
+gbk70.tfm;fonts/tfm/zhmetrics/gbk;
+gbkheisl25.tfm;fonts/tfm/zhmetrics/gbkhei;
+unifsfb.tfm;fonts/tfm/zhmetrics/unifs;
+unifssl8e.tfm;fonts/tfm/zhmetrics/unifs;
+gbk71.tfm;fonts/tfm/zhmetrics/gbk;
+gbkheisl26.tfm;fonts/tfm/zhmetrics/gbkhei;
+unifsfa.tfm;fonts/tfm/zhmetrics/unifs;
+unifssl8f.tfm;fonts/tfm/zhmetrics/unifs;
+gbk72.tfm;fonts/tfm/zhmetrics/gbk;
+gbkheisl27.tfm;fonts/tfm/zhmetrics/gbkhei;
+gbk73.tfm;fonts/tfm/zhmetrics/gbk;
+gbkheisl20.tfm;fonts/tfm/zhmetrics/gbkhei;
+gbk74.tfm;fonts/tfm/zhmetrics/gbk;
+gbkheisl21.tfm;fonts/tfm/zhmetrics/gbkhei;
+unifsff.tfm;fonts/tfm/zhmetrics/unifs;
+unifssl8a.tfm;fonts/tfm/zhmetrics/unifs;
+gbk75.tfm;fonts/tfm/zhmetrics/gbk;
+gbkheisl22.tfm;fonts/tfm/zhmetrics/gbkhei;
+unifsfe.tfm;fonts/tfm/zhmetrics/unifs;
+unifssl8b.tfm;fonts/tfm/zhmetrics/unifs;
+gbk76.tfm;fonts/tfm/zhmetrics/gbk;
+gbkheisl23.tfm;fonts/tfm/zhmetrics/gbkhei;
+unifsfd.tfm;fonts/tfm/zhmetrics/unifs;
+unifssl8c.tfm;fonts/tfm/zhmetrics/unifs;
+gbk77.tfm;fonts/tfm/zhmetrics/gbk;
+unilisla2.tfm;fonts/tfm/zhmetrics/unili;
+gbk88.tfm;fonts/tfm/zhmetrics/gbk;
+unilisla3.tfm;fonts/tfm/zhmetrics/unili;
+gbk89.tfm;fonts/tfm/zhmetrics/gbk;
+gbk90.tfm;fonts/tfm/zhmetrics/gbk;
+gbkheisl44.tfm;fonts/tfm/zhmetrics/gbkhei;
+gbk91.tfm;fonts/tfm/zhmetrics/gbk;
+gbkheisl45.tfm;fonts/tfm/zhmetrics/gbkhei;
+gbk94.tfm;fonts/tfm/zhmetrics/gbk;
+gbkheisl40.tfm;fonts/tfm/zhmetrics/gbkhei;
+unilieb.tfm;fonts/tfm/zhmetrics/unili;
+unisongslfb.tfm;fonts/tfm/zhmetrics/unisong;
+unifs4a.tfm;fonts/tfm/zhmetrics/unifs;
+gbkfs30.tfm;fonts/tfm/zhmetrics/gbkfs;
+gbksl00.tfm;fonts/tfm/zhmetrics/gbk;
+gbkfs31.tfm;fonts/tfm/zhmetrics/gbkfs;
+gbksl01.tfm;fonts/tfm/zhmetrics/gbk;
+unifs4c.tfm;fonts/tfm/zhmetrics/unifs;
+gbkfs32.tfm;fonts/tfm/zhmetrics/gbkfs;
+gbksl02.tfm;fonts/tfm/zhmetrics/gbk;
+uniliea.tfm;fonts/tfm/zhmetrics/unili;
+unisongslfa.tfm;fonts/tfm/zhmetrics/unisong;
+unifs4b.tfm;fonts/tfm/zhmetrics/unifs;
+gbkfs33.tfm;fonts/tfm/zhmetrics/gbkfs;
+gbksl03.tfm;fonts/tfm/zhmetrics/gbk;
+unilief.tfm;fonts/tfm/zhmetrics/unili;
+unisongslff.tfm;fonts/tfm/zhmetrics/unisong;
+unifs4e.tfm;fonts/tfm/zhmetrics/unifs;
+gbksongsl39.tfm;fonts/tfm/zhmetrics/gbksong;
+gbkfs34.tfm;fonts/tfm/zhmetrics/gbkfs;
+gbksl04.tfm;fonts/tfm/zhmetrics/gbk;
+unifs4d.tfm;fonts/tfm/zhmetrics/unifs;
+gbksongsl38.tfm;fonts/tfm/zhmetrics/gbksong;
+gbkfs35.tfm;fonts/tfm/zhmetrics/gbkfs;
+gbksl05.tfm;fonts/tfm/zhmetrics/gbk;
+gbkfs36.tfm;fonts/tfm/zhmetrics/gbkfs;
+gbksl06.tfm;fonts/tfm/zhmetrics/gbk;
+uniliee.tfm;fonts/tfm/zhmetrics/unili;
+unisongslfe.tfm;fonts/tfm/zhmetrics/unisong;
+unifs4f.tfm;fonts/tfm/zhmetrics/unifs;
+gbkfs37.tfm;fonts/tfm/zhmetrics/gbkfs;
+gbksl07.tfm;fonts/tfm/zhmetrics/gbk;
+uniyoueb.tfm;fonts/tfm/zhmetrics/uniyou;
+gbksongsl35.tfm;fonts/tfm/zhmetrics/gbksong;
+gbkfs38.tfm;fonts/tfm/zhmetrics/gbkfs;
+gbksl08.tfm;fonts/tfm/zhmetrics/gbk;
+unifssl3a.tfm;fonts/tfm/zhmetrics/unifs;
+uniyouec.tfm;fonts/tfm/zhmetrics/uniyou;
+gbksongsl34.tfm;fonts/tfm/zhmetrics/gbksong;
+gbkfs39.tfm;fonts/tfm/zhmetrics/gbkfs;
+gbksl09.tfm;fonts/tfm/zhmetrics/gbk;
+gbkyousl69.tfm;fonts/tfm/zhmetrics/gbkyou;
+unikaisl9d.tfm;fonts/tfm/zhmetrics/unikai;
+gbksongsl07.tfm;fonts/tfm/zhmetrics/gbksong;
+gbkfs20.tfm;fonts/tfm/zhmetrics/gbkfs;
+unikaic7.tfm;fonts/tfm/zhmetrics/unikai;
+gbksl10.tfm;fonts/tfm/zhmetrics/gbk;
+gbkyousl68.tfm;fonts/tfm/zhmetrics/gbkyou;
+unikaisl9e.tfm;fonts/tfm/zhmetrics/unikai;
+gbksongsl06.tfm;fonts/tfm/zhmetrics/gbksong;
+gbkfs21.tfm;fonts/tfm/zhmetrics/gbkfs;
+unikaic6.tfm;fonts/tfm/zhmetrics/unikai;
+gbksl11.tfm;fonts/tfm/zhmetrics/gbk;
+gbksongsl05.tfm;fonts/tfm/zhmetrics/gbksong;
+gbkfs22.tfm;fonts/tfm/zhmetrics/gbkfs;
+unikaic5.tfm;fonts/tfm/zhmetrics/unikai;
+gbksl12.tfm;fonts/tfm/zhmetrics/gbk;
+gbksongsl04.tfm;fonts/tfm/zhmetrics/gbksong;
+gbkfs23.tfm;fonts/tfm/zhmetrics/gbkfs;
+unikaic4.tfm;fonts/tfm/zhmetrics/unikai;
+gbksl13.tfm;fonts/tfm/zhmetrics/gbk;
+gbksongsl03.tfm;fonts/tfm/zhmetrics/gbksong;
+gbkfs24.tfm;fonts/tfm/zhmetrics/gbkfs;
+unifssla8.tfm;fonts/tfm/zhmetrics/unifs;
+unikaic3.tfm;fonts/tfm/zhmetrics/unikai;
+gbksl14.tfm;fonts/tfm/zhmetrics/gbk;
+gbksongsl02.tfm;fonts/tfm/zhmetrics/gbksong;
+gbkfs25.tfm;fonts/tfm/zhmetrics/gbkfs;
+unifssla9.tfm;fonts/tfm/zhmetrics/unifs;
+unikaic2.tfm;fonts/tfm/zhmetrics/unikai;
+gbksl15.tfm;fonts/tfm/zhmetrics/gbk;
+gbksongsl01.tfm;fonts/tfm/zhmetrics/gbksong;
+gbkfs26.tfm;fonts/tfm/zhmetrics/gbkfs;
+unikaic1.tfm;fonts/tfm/zhmetrics/unikai;
+gbksl16.tfm;fonts/tfm/zhmetrics/gbk;
+gbksongsl00.tfm;fonts/tfm/zhmetrics/gbksong;
+gbkfs27.tfm;fonts/tfm/zhmetrics/gbkfs;
+unikaic0.tfm;fonts/tfm/zhmetrics/unikai;
+gbksl17.tfm;fonts/tfm/zhmetrics/gbk;
+gbkyousl61.tfm;fonts/tfm/zhmetrics/gbkyou;
+unili5e.tfm;fonts/tfm/zhmetrics/unili;
+gbkfs28.tfm;fonts/tfm/zhmetrics/gbkfs;
+unifssla4.tfm;fonts/tfm/zhmetrics/unifs;
+gbksl18.tfm;fonts/tfm/zhmetrics/gbk;
+unifs2a.tfm;fonts/tfm/zhmetrics/unifs;
+uniyoucf.tfm;fonts/tfm/zhmetrics/uniyou;
+gbkfs10.tfm;fonts/tfm/zhmetrics/gbkfs;
+gbksl20.tfm;fonts/tfm/zhmetrics/gbk;
+gbkfs11.tfm;fonts/tfm/zhmetrics/gbkfs;
+gbksl21.tfm;fonts/tfm/zhmetrics/gbk;
+unifs2c.tfm;fonts/tfm/zhmetrics/unifs;
+uniyoucd.tfm;fonts/tfm/zhmetrics/uniyou;
+gbkfs12.tfm;fonts/tfm/zhmetrics/gbkfs;
+gbksl22.tfm;fonts/tfm/zhmetrics/gbk;
+unifs2b.tfm;fonts/tfm/zhmetrics/unifs;
+uniyouce.tfm;fonts/tfm/zhmetrics/uniyou;
+gbkfs13.tfm;fonts/tfm/zhmetrics/gbkfs;
+gbksl23.tfm;fonts/tfm/zhmetrics/gbk;
+gbkheisl39.tfm;fonts/tfm/zhmetrics/gbkhei;
+unifs2e.tfm;fonts/tfm/zhmetrics/unifs;
+uniyoucb.tfm;fonts/tfm/zhmetrics/uniyou;
+gbkfs14.tfm;fonts/tfm/zhmetrics/gbkfs;
+gbksl24.tfm;fonts/tfm/zhmetrics/gbk;
+uniheislc9.tfm;fonts/tfm/zhmetrics/unihei;
+gbkheisl38.tfm;fonts/tfm/zhmetrics/gbkhei;
+unifs2d.tfm;fonts/tfm/zhmetrics/unifs;
+uniyoucc.tfm;fonts/tfm/zhmetrics/uniyou;
+gbkfs15.tfm;fonts/tfm/zhmetrics/gbkfs;
+gbksl25.tfm;fonts/tfm/zhmetrics/gbk;
+uniheislc8.tfm;fonts/tfm/zhmetrics/unihei;
+gbkfs16.tfm;fonts/tfm/zhmetrics/gbkfs;
+gbksl26.tfm;fonts/tfm/zhmetrics/gbk;
+unifs2f.tfm;fonts/tfm/zhmetrics/unifs;
+uniyouca.tfm;fonts/tfm/zhmetrics/uniyou;
+gbkfs17.tfm;fonts/tfm/zhmetrics/gbkfs;
+gbksl27.tfm;fonts/tfm/zhmetrics/gbk;
+gbkfs18.tfm;fonts/tfm/zhmetrics/gbkfs;
+unikai7b.tfm;fonts/tfm/zhmetrics/unikai;
+gbkheisl35.tfm;fonts/tfm/zhmetrics/gbkhei;
+gbksl28.tfm;fonts/tfm/zhmetrics/gbk;
+unifssl5a.tfm;fonts/tfm/zhmetrics/unifs;
+uniheislc5.tfm;fonts/tfm/zhmetrics/unihei;
+gbkfs19.tfm;fonts/tfm/zhmetrics/gbkfs;
+unikai7c.tfm;fonts/tfm/zhmetrics/unikai;
+gbkheisl34.tfm;fonts/tfm/zhmetrics/gbkhei;
+gbksl29.tfm;fonts/tfm/zhmetrics/gbk;
+uniheislc4.tfm;fonts/tfm/zhmetrics/unihei;
+gbkfs00.tfm;fonts/tfm/zhmetrics/gbkfs;
+gbksl30.tfm;fonts/tfm/zhmetrics/gbk;
+unilisl1f.tfm;fonts/tfm/zhmetrics/unili;
+gbkfs01.tfm;fonts/tfm/zhmetrics/gbkfs;
+gbksl31.tfm;fonts/tfm/zhmetrics/gbk;
+gbksongsl29.tfm;fonts/tfm/zhmetrics/gbksong;
+gbkfs02.tfm;fonts/tfm/zhmetrics/gbkfs;
+gbksl32.tfm;fonts/tfm/zhmetrics/gbk;
+unilisl1d.tfm;fonts/tfm/zhmetrics/unili;
+unikaia9.tfm;fonts/tfm/zhmetrics/unikai;
+gbksongsl28.tfm;fonts/tfm/zhmetrics/gbksong;
+gbkfs03.tfm;fonts/tfm/zhmetrics/gbkfs;
+gbksl33.tfm;fonts/tfm/zhmetrics/gbk;
+unilisl1e.tfm;fonts/tfm/zhmetrics/unili;
+unikaia8.tfm;fonts/tfm/zhmetrics/unikai;
+gbkfs04.tfm;fonts/tfm/zhmetrics/gbkfs;
+gbksl34.tfm;fonts/tfm/zhmetrics/gbk;
+unilisl1b.tfm;fonts/tfm/zhmetrics/unili;
+gbkfs05.tfm;fonts/tfm/zhmetrics/gbkfs;
+gbksl35.tfm;fonts/tfm/zhmetrics/gbk;
+unilisl1c.tfm;fonts/tfm/zhmetrics/unili;
+gbkfs06.tfm;fonts/tfm/zhmetrics/gbkfs;
+gbksl36.tfm;fonts/tfm/zhmetrics/gbk;
+gbkfs07.tfm;fonts/tfm/zhmetrics/gbkfs;
+gbksl37.tfm;fonts/tfm/zhmetrics/gbk;
+unilisl1a.tfm;fonts/tfm/zhmetrics/unili;
+gbksongsl23.tfm;fonts/tfm/zhmetrics/gbksong;
+gbkfs08.tfm;fonts/tfm/zhmetrics/gbkfs;
+uniheiae.tfm;fonts/tfm/zhmetrics/unihei;
+unikaia3.tfm;fonts/tfm/zhmetrics/unikai;
+gbksl38.tfm;fonts/tfm/zhmetrics/gbk;
+gbksongsl22.tfm;fonts/tfm/zhmetrics/gbksong;
+gbkfs09.tfm;fonts/tfm/zhmetrics/gbkfs;
+uniheiad.tfm;fonts/tfm/zhmetrics/unihei;
+uniheisl5a.tfm;fonts/tfm/zhmetrics/unihei;
+unikaia2.tfm;fonts/tfm/zhmetrics/unikai;
+gbksl39.tfm;fonts/tfm/zhmetrics/gbk;
+gbksongsl74.tfm;fonts/tfm/zhmetrics/gbksong;
+gbkfs71.tfm;fonts/tfm/zhmetrics/gbkfs;
+unikaid4.tfm;fonts/tfm/zhmetrics/unikai;
+gbksl41.tfm;fonts/tfm/zhmetrics/gbk;
+gbksongsl73.tfm;fonts/tfm/zhmetrics/gbksong;
+gbkfs76.tfm;fonts/tfm/zhmetrics/gbkfs;
+unikaid3.tfm;fonts/tfm/zhmetrics/unikai;
+gbksl46.tfm;fonts/tfm/zhmetrics/gbk;
+unilislce.tfm;fonts/tfm/zhmetrics/unili;
+gbkfs78.tfm;fonts/tfm/zhmetrics/gbkfs;
+gbksl48.tfm;fonts/tfm/zhmetrics/gbk;
+unilislcd.tfm;fonts/tfm/zhmetrics/unili;
+gbkfs79.tfm;fonts/tfm/zhmetrics/gbkfs;
+uniheidf.tfm;fonts/tfm/zhmetrics/unihei;
+uniheisl2a.tfm;fonts/tfm/zhmetrics/unihei;
+gbksl49.tfm;fonts/tfm/zhmetrics/gbk;
+gbkfs60.tfm;fonts/tfm/zhmetrics/gbkfs;
+unilisl7f.tfm;fonts/tfm/zhmetrics/unili;
+unihei0d.tfm;fonts/tfm/zhmetrics/unihei;
+gbksl50.tfm;fonts/tfm/zhmetrics/gbk;
+unihei0e.tfm;fonts/tfm/zhmetrics/unihei;
+gbkfs61.tfm;fonts/tfm/zhmetrics/gbkfs;
+gbksl51.tfm;fonts/tfm/zhmetrics/gbk;
+gbkfs62.tfm;fonts/tfm/zhmetrics/gbkfs;
+unilisl7d.tfm;fonts/tfm/zhmetrics/unili;
+unihei0f.tfm;fonts/tfm/zhmetrics/unihei;
+gbksl52.tfm;fonts/tfm/zhmetrics/gbk;
+gbkfs63.tfm;fonts/tfm/zhmetrics/gbkfs;
+unilisl7e.tfm;fonts/tfm/zhmetrics/unili;
+gbksl53.tfm;fonts/tfm/zhmetrics/gbk;
+gbkfs64.tfm;fonts/tfm/zhmetrics/gbkfs;
+unilisl7b.tfm;fonts/tfm/zhmetrics/unili;
+gbksl54.tfm;fonts/tfm/zhmetrics/gbk;
+gbkfs65.tfm;fonts/tfm/zhmetrics/gbkfs;
+unilisl7c.tfm;fonts/tfm/zhmetrics/unili;
+unihei0a.tfm;fonts/tfm/zhmetrics/unihei;
+gbksl55.tfm;fonts/tfm/zhmetrics/gbk;
+unihei0b.tfm;fonts/tfm/zhmetrics/unihei;
+gbksongsl49.tfm;fonts/tfm/zhmetrics/gbksong;
+gbkfs66.tfm;fonts/tfm/zhmetrics/gbkfs;
+gbksl56.tfm;fonts/tfm/zhmetrics/gbk;
+gbksongsl48.tfm;fonts/tfm/zhmetrics/gbksong;
+gbkfs67.tfm;fonts/tfm/zhmetrics/gbkfs;
+unilisl7a.tfm;fonts/tfm/zhmetrics/unili;
+unihei0c.tfm;fonts/tfm/zhmetrics/unihei;
+gbksl57.tfm;fonts/tfm/zhmetrics/gbk;
+gbkfs52.tfm;fonts/tfm/zhmetrics/gbkfs;
+gbksl62.tfm;fonts/tfm/zhmetrics/gbk;
+uniheisl9a.tfm;fonts/tfm/zhmetrics/unihei;
+unikaisl8d.tfm;fonts/tfm/zhmetrics/unikai;
+gbkfs55.tfm;fonts/tfm/zhmetrics/gbkfs;
+gbksl65.tfm;fonts/tfm/zhmetrics/gbk;
+uniheisl9f.tfm;fonts/tfm/zhmetrics/unihei;
+unikaisl8c.tfm;fonts/tfm/zhmetrics/unikai;
+gbkyousl77.tfm;fonts/tfm/zhmetrics/gbkyou;
+unihei6c.tfm;fonts/tfm/zhmetrics/unihei;
+unifssl64.tfm;fonts/tfm/zhmetrics/unifs;
+gbkfs58.tfm;fonts/tfm/zhmetrics/gbkfs;
+gbksl68.tfm;fonts/tfm/zhmetrics/gbk;
+unili2e.tfm;fonts/tfm/zhmetrics/unili;
+gbkyousl76.tfm;fonts/tfm/zhmetrics/gbkyou;
+unihei6b.tfm;fonts/tfm/zhmetrics/unihei;
+unifssl65.tfm;fonts/tfm/zhmetrics/unifs;
+gbkfs59.tfm;fonts/tfm/zhmetrics/gbkfs;
+gbksl69.tfm;fonts/tfm/zhmetrics/gbk;
+unili2d.tfm;fonts/tfm/zhmetrics/unili;
+gbkyousl49.tfm;fonts/tfm/zhmetrics/gbkyou;
+unili7e.tfm;fonts/tfm/zhmetrics/unili;
+gbkfs40.tfm;fonts/tfm/zhmetrics/gbkfs;
+gbksl70.tfm;fonts/tfm/zhmetrics/gbk;
+gbkyousl48.tfm;fonts/tfm/zhmetrics/gbkyou;
+unili7d.tfm;fonts/tfm/zhmetrics/unili;
+gbkfs41.tfm;fonts/tfm/zhmetrics/gbkfs;
+uniheisldf.tfm;fonts/tfm/zhmetrics/unihei;
+gbksl71.tfm;fonts/tfm/zhmetrics/gbk;
+gbkfs42.tfm;fonts/tfm/zhmetrics/gbkfs;
+uniheislde.tfm;fonts/tfm/zhmetrics/unihei;
+gbksl72.tfm;fonts/tfm/zhmetrics/gbk;
+gbkfs43.tfm;fonts/tfm/zhmetrics/gbkfs;
+uniheisldd.tfm;fonts/tfm/zhmetrics/unihei;
+gbksl73.tfm;fonts/tfm/zhmetrics/gbk;
+gbkfs44.tfm;fonts/tfm/zhmetrics/gbkfs;
+uniheisldc.tfm;fonts/tfm/zhmetrics/unihei;
+gbksl74.tfm;fonts/tfm/zhmetrics/gbk;
+gbkfs45.tfm;fonts/tfm/zhmetrics/gbkfs;
+uniheisldb.tfm;fonts/tfm/zhmetrics/unihei;
+gbksl75.tfm;fonts/tfm/zhmetrics/gbk;
+gbklisl69.tfm;fonts/tfm/zhmetrics/gbkli;
+unili7c.tfm;fonts/tfm/zhmetrics/unili;
+gbkfs46.tfm;fonts/tfm/zhmetrics/gbkfs;
+uniheislda.tfm;fonts/tfm/zhmetrics/unihei;
+uniyoua9.tfm;fonts/tfm/zhmetrics/uniyou;
+gbksl76.tfm;fonts/tfm/zhmetrics/gbk;
+gbklisl68.tfm;fonts/tfm/zhmetrics/gbkli;
+unili7b.tfm;fonts/tfm/zhmetrics/unili;
+gbkfs47.tfm;fonts/tfm/zhmetrics/gbkfs;
+uniyoua8.tfm;fonts/tfm/zhmetrics/uniyou;
+gbksl77.tfm;fonts/tfm/zhmetrics/gbk;
+unifssl74.tfm;fonts/tfm/zhmetrics/unifs;
+gbkyousl41.tfm;fonts/tfm/zhmetrics/gbkyou;
+gbklisl67.tfm;fonts/tfm/zhmetrics/gbkli;
+gbkfs48.tfm;fonts/tfm/zhmetrics/gbkfs;
+uniyoua7.tfm;fonts/tfm/zhmetrics/uniyou;
+gbksl78.tfm;fonts/tfm/zhmetrics/gbk;
+gbksl80.tfm;fonts/tfm/zhmetrics/gbk;
+gbksl81.tfm;fonts/tfm/zhmetrics/gbk;
+gbksl82.tfm;fonts/tfm/zhmetrics/gbk;
+gbksl83.tfm;fonts/tfm/zhmetrics/gbk;
+gbksl84.tfm;fonts/tfm/zhmetrics/gbk;
+gbksl85.tfm;fonts/tfm/zhmetrics/gbk;
+gbksl86.tfm;fonts/tfm/zhmetrics/gbk;
+gbksl87.tfm;fonts/tfm/zhmetrics/gbk;
+gbksl88.tfm;fonts/tfm/zhmetrics/gbk;
+gbksl89.tfm;fonts/tfm/zhmetrics/gbk;
+gbksl93.tfm;fonts/tfm/zhmetrics/gbk;
+unikaisl44.tfm;fonts/tfm/zhmetrics/unikai;
+gbksl94.tfm;fonts/tfm/zhmetrics/gbk;
+unikaisl43.tfm;fonts/tfm/zhmetrics/unikai;
+gbkyousl08.tfm;fonts/tfm/zhmetrics/gbkyou;
+gbkfs81.tfm;fonts/tfm/zhmetrics/gbkfs;
+gbkfs86.tfm;fonts/tfm/zhmetrics/gbkfs;
+gbkyousl01.tfm;fonts/tfm/zhmetrics/gbkyou;
+gbkfs88.tfm;fonts/tfm/zhmetrics/gbkfs;
+gbkyousl00.tfm;fonts/tfm/zhmetrics/gbkyou;
+gbkfs89.tfm;fonts/tfm/zhmetrics/gbkfs;
+gbksongsl55.tfm;fonts/tfm/zhmetrics/gbksong;
+gbkfs90.tfm;fonts/tfm/zhmetrics/gbkfs;
+gbksongsl54.tfm;fonts/tfm/zhmetrics/gbksong;
+gbkfs91.tfm;fonts/tfm/zhmetrics/gbkfs;
+gbksongsl57.tfm;fonts/tfm/zhmetrics/gbksong;
+gbkfs92.tfm;fonts/tfm/zhmetrics/gbkfs;
+gbksongsl56.tfm;fonts/tfm/zhmetrics/gbksong;
+gbkfs93.tfm;fonts/tfm/zhmetrics/gbkfs;
+gbksongsl51.tfm;fonts/tfm/zhmetrics/gbksong;
+gbkfs94.tfm;fonts/tfm/zhmetrics/gbkfs;
+gbkfssl18.tfm;fonts/tfm/zhmetrics/gbkfs;
+gbkfssl19.tfm;fonts/tfm/zhmetrics/gbkfs;
+uniyousl67.tfm;fonts/tfm/zhmetrics/uniyou;
+gbkfssl38.tfm;fonts/tfm/zhmetrics/gbkfs;
+uniyousl66.tfm;fonts/tfm/zhmetrics/uniyou;
+gbkfssl39.tfm;fonts/tfm/zhmetrics/gbkfs;
+uniyousl83.tfm;fonts/tfm/zhmetrics/uniyou;
+gbkfssl50.tfm;fonts/tfm/zhmetrics/gbkfs;
+uniyousl82.tfm;fonts/tfm/zhmetrics/uniyou;
+gbkfssl51.tfm;fonts/tfm/zhmetrics/gbkfs;
+uniyousl81.tfm;fonts/tfm/zhmetrics/uniyou;
+gbkfssl52.tfm;fonts/tfm/zhmetrics/gbkfs;
+uniyousl80.tfm;fonts/tfm/zhmetrics/uniyou;
+gbkfssl53.tfm;fonts/tfm/zhmetrics/gbkfs;
+uniyousl87.tfm;fonts/tfm/zhmetrics/uniyou;
+gbkfssl54.tfm;fonts/tfm/zhmetrics/gbkfs;
+uniyousl86.tfm;fonts/tfm/zhmetrics/uniyou;
+gbkfssl55.tfm;fonts/tfm/zhmetrics/gbkfs;
+uniyousl85.tfm;fonts/tfm/zhmetrics/uniyou;
+gbkfssl56.tfm;fonts/tfm/zhmetrics/gbkfs;
+uniyousl84.tfm;fonts/tfm/zhmetrics/uniyou;
+gbkfssl57.tfm;fonts/tfm/zhmetrics/gbkfs;
+gbksongsl90.tfm;fonts/tfm/zhmetrics/gbksong;
+uniheisl8e.tfm;fonts/tfm/zhmetrics/unihei;
+gbkfssl58.tfm;fonts/tfm/zhmetrics/gbkfs;
+gbksongsl91.tfm;fonts/tfm/zhmetrics/gbksong;
+uniheisl8d.tfm;fonts/tfm/zhmetrics/unihei;
+gbkfssl59.tfm;fonts/tfm/zhmetrics/gbkfs;
+uniyou8a.tfm;fonts/tfm/zhmetrics/uniyou;
+gbkfssl62.tfm;fonts/tfm/zhmetrics/gbkfs;
+gbkfssl63.tfm;fonts/tfm/zhmetrics/gbkfs;
+gbkfssl64.tfm;fonts/tfm/zhmetrics/gbkfs;
+uniyou8f.tfm;fonts/tfm/zhmetrics/uniyou;
+gbkfssl65.tfm;fonts/tfm/zhmetrics/gbkfs;
+gbkfssl88.tfm;fonts/tfm/zhmetrics/gbkfs;
+gbkfssl89.tfm;fonts/tfm/zhmetrics/gbkfs;
+unifsf4.tfm;fonts/tfm/zhmetrics/unifs;
+unifssl83.tfm;fonts/tfm/zhmetrics/unifs;
+gbkyousl94.tfm;fonts/tfm/zhmetrics/gbkyou;
+gbkhei08.tfm;fonts/tfm/zhmetrics/gbkhei;
+unifsf5.tfm;fonts/tfm/zhmetrics/unifs;
+unifssl82.tfm;fonts/tfm/zhmetrics/unifs;
+gbkhei09.tfm;fonts/tfm/zhmetrics/gbkhei;
+gbkhei10.tfm;fonts/tfm/zhmetrics/gbkhei;
+gbkhei11.tfm;fonts/tfm/zhmetrics/gbkhei;
+gbkhei12.tfm;fonts/tfm/zhmetrics/gbkhei;
+gbkhei13.tfm;fonts/tfm/zhmetrics/gbkhei;
+gbkhei14.tfm;fonts/tfm/zhmetrics/gbkhei;
+gbkhei15.tfm;fonts/tfm/zhmetrics/gbkhei;
+gbkhei28.tfm;fonts/tfm/zhmetrics/gbkhei;
+unikai2b.tfm;fonts/tfm/zhmetrics/unikai;
+gbkhei29.tfm;fonts/tfm/zhmetrics/gbkhei;
+unikai2c.tfm;fonts/tfm/zhmetrics/unikai;
+gbkhei30.tfm;fonts/tfm/zhmetrics/gbkhei;
+gbkhei31.tfm;fonts/tfm/zhmetrics/gbkhei;
+gbkhei32.tfm;fonts/tfm/zhmetrics/gbkhei;
+gbkhei33.tfm;fonts/tfm/zhmetrics/gbkhei;
+gbkhei34.tfm;fonts/tfm/zhmetrics/gbkhei;
+gbkhei35.tfm;fonts/tfm/zhmetrics/gbkhei;
+gbkhei36.tfm;fonts/tfm/zhmetrics/gbkhei;
+gbkhei37.tfm;fonts/tfm/zhmetrics/gbkhei;
+gbkhei38.tfm;fonts/tfm/zhmetrics/gbkhei;
+gbkhei39.tfm;fonts/tfm/zhmetrics/gbkhei;
+gbkhei40.tfm;fonts/tfm/zhmetrics/gbkhei;
+gbkhei41.tfm;fonts/tfm/zhmetrics/gbkhei;
+gbkhei42.tfm;fonts/tfm/zhmetrics/gbkhei;
+gbkhei43.tfm;fonts/tfm/zhmetrics/gbkhei;
+gbkhei44.tfm;fonts/tfm/zhmetrics/gbkhei;
+gbkhei45.tfm;fonts/tfm/zhmetrics/gbkhei;
+gbkhei46.tfm;fonts/tfm/zhmetrics/gbkhei;
+gbkhei47.tfm;fonts/tfm/zhmetrics/gbkhei;
+gbkhei48.tfm;fonts/tfm/zhmetrics/gbkhei;
+gbkhei49.tfm;fonts/tfm/zhmetrics/gbkhei;
+unisongda.tfm;fonts/tfm/zhmetrics/unisong;
+gbkhei58.tfm;fonts/tfm/zhmetrics/gbkhei;
+gbkhei59.tfm;fonts/tfm/zhmetrics/gbkhei;
+gbkli84.tfm;fonts/tfm/zhmetrics/gbkli;
+uniheia9.tfm;fonts/tfm/zhmetrics/unihei;
+gbkhei60.tfm;fonts/tfm/zhmetrics/gbkhei;
+gbkli85.tfm;fonts/tfm/zhmetrics/gbkli;
+uniheia8.tfm;fonts/tfm/zhmetrics/unihei;
+gbkhei61.tfm;fonts/tfm/zhmetrics/gbkhei;
+gbkli86.tfm;fonts/tfm/zhmetrics/gbkli;
+gbkhei62.tfm;fonts/tfm/zhmetrics/gbkhei;
+gbkli87.tfm;fonts/tfm/zhmetrics/gbkli;
+gbkhei63.tfm;fonts/tfm/zhmetrics/gbkhei;
+gbkli80.tfm;fonts/tfm/zhmetrics/gbkli;
+uniheisl58.tfm;fonts/tfm/zhmetrics/unihei;
+gbkhei64.tfm;fonts/tfm/zhmetrics/gbkhei;
+gbkli81.tfm;fonts/tfm/zhmetrics/gbkli;
+uniheisl59.tfm;fonts/tfm/zhmetrics/unihei;
+gbkhei65.tfm;fonts/tfm/zhmetrics/gbkhei;
+gbkli82.tfm;fonts/tfm/zhmetrics/gbkli;
+gbkhei66.tfm;fonts/tfm/zhmetrics/gbkhei;
+gbkli83.tfm;fonts/tfm/zhmetrics/gbkli;
+gbkhei67.tfm;fonts/tfm/zhmetrics/gbkhei;
+gbklisl92.tfm;fonts/tfm/zhmetrics/gbkli;
+gbkhei68.tfm;fonts/tfm/zhmetrics/gbkhei;
+gbklisl93.tfm;fonts/tfm/zhmetrics/gbkli;
+gbkhei69.tfm;fonts/tfm/zhmetrics/gbkhei;
+unifssl91.tfm;fonts/tfm/zhmetrics/unifs;
+unikaisl5e.tfm;fonts/tfm/zhmetrics/unikai;
+gbklisl86.tfm;fonts/tfm/zhmetrics/gbkli;
+gbkhei78.tfm;fonts/tfm/zhmetrics/gbkhei;
+gbklisl87.tfm;fonts/tfm/zhmetrics/gbkli;
+gbkhei79.tfm;fonts/tfm/zhmetrics/gbkhei;
+unisong1a.tfm;fonts/tfm/zhmetrics/unisong;
+unifssl90.tfm;fonts/tfm/zhmetrics/unifs;
+unikaisl5d.tfm;fonts/tfm/zhmetrics/unikai;
+unilislbe.tfm;fonts/tfm/zhmetrics/unili;
+gbklisl36.tfm;fonts/tfm/zhmetrics/gbkli;
+gbkhei80.tfm;fonts/tfm/zhmetrics/gbkhei;
+uniheiec.tfm;fonts/tfm/zhmetrics/unihei;
+unilislbd.tfm;fonts/tfm/zhmetrics/unili;
+gbklisl37.tfm;fonts/tfm/zhmetrics/gbkli;
+gbkhei81.tfm;fonts/tfm/zhmetrics/gbkhei;
+uniheieb.tfm;fonts/tfm/zhmetrics/unihei;
+gbklisl34.tfm;fonts/tfm/zhmetrics/gbkli;
+gbkhei82.tfm;fonts/tfm/zhmetrics/gbkhei;
+uniheiea.tfm;fonts/tfm/zhmetrics/unihei;
+unilislbf.tfm;fonts/tfm/zhmetrics/unili;
+gbklisl35.tfm;fonts/tfm/zhmetrics/gbkli;
+gbkhei83.tfm;fonts/tfm/zhmetrics/gbkhei;
+unilislba.tfm;fonts/tfm/zhmetrics/unili;
+gbklisl32.tfm;fonts/tfm/zhmetrics/gbkli;
+gbkhei84.tfm;fonts/tfm/zhmetrics/gbkhei;
+gbklisl33.tfm;fonts/tfm/zhmetrics/gbkli;
+gbkhei85.tfm;fonts/tfm/zhmetrics/gbkhei;
+uniheief.tfm;fonts/tfm/zhmetrics/unihei;
+gbkyou48.tfm;fonts/tfm/zhmetrics/gbkyou;
+unilislbc.tfm;fonts/tfm/zhmetrics/unili;
+gbklisl30.tfm;fonts/tfm/zhmetrics/gbkli;
+gbkhei86.tfm;fonts/tfm/zhmetrics/gbkhei;
+uniheiee.tfm;fonts/tfm/zhmetrics/unihei;
+gbkyou49.tfm;fonts/tfm/zhmetrics/gbkyou;
+unilislbb.tfm;fonts/tfm/zhmetrics/unili;
+gbklisl31.tfm;fonts/tfm/zhmetrics/gbkli;
+gbkhei87.tfm;fonts/tfm/zhmetrics/gbkhei;
+uniheied.tfm;fonts/tfm/zhmetrics/unihei;
+gbkyou47.tfm;fonts/tfm/zhmetrics/gbkyou;
+gbkhei89.tfm;fonts/tfm/zhmetrics/gbkhei;
+unikaisl13.tfm;fonts/tfm/zhmetrics/unikai;
+gbkyou52.tfm;fonts/tfm/zhmetrics/gbkyou;
+unifssl39.tfm;fonts/tfm/zhmetrics/unifs;
+gbkhei90.tfm;fonts/tfm/zhmetrics/gbkhei;
+unikaisl12.tfm;fonts/tfm/zhmetrics/unikai;
+gbkyou53.tfm;fonts/tfm/zhmetrics/gbkyou;
+unifssl38.tfm;fonts/tfm/zhmetrics/unifs;
+gbkhei91.tfm;fonts/tfm/zhmetrics/gbkhei;
+unikaisl11.tfm;fonts/tfm/zhmetrics/unikai;
+gbkyou50.tfm;fonts/tfm/zhmetrics/gbkyou;
+gbklisl28.tfm;fonts/tfm/zhmetrics/gbkli;
+gbkhei92.tfm;fonts/tfm/zhmetrics/gbkhei;
+unikaisl10.tfm;fonts/tfm/zhmetrics/unikai;
+gbkyou51.tfm;fonts/tfm/zhmetrics/gbkyou;
+gbklisl29.tfm;fonts/tfm/zhmetrics/gbkli;
+gbkhei93.tfm;fonts/tfm/zhmetrics/gbkhei;
+unikaisl17.tfm;fonts/tfm/zhmetrics/unikai;
+gbkyou56.tfm;fonts/tfm/zhmetrics/gbkyou;
+gbkhei94.tfm;fonts/tfm/zhmetrics/gbkhei;
+unifssl1a.tfm;fonts/tfm/zhmetrics/unifs;
+gbkkai58.tfm;fonts/tfm/zhmetrics/gbkkai;
+gbkheisl00.tfm;fonts/tfm/zhmetrics/gbkhei;
+gbkkai59.tfm;fonts/tfm/zhmetrics/gbkkai;
+gbkheisl01.tfm;fonts/tfm/zhmetrics/gbkhei;
+gbkheisl02.tfm;fonts/tfm/zhmetrics/gbkhei;
+gbkheisl03.tfm;fonts/tfm/zhmetrics/gbkhei;
+gbkheisl06.tfm;fonts/tfm/zhmetrics/gbkhei;
+gbkheisl07.tfm;fonts/tfm/zhmetrics/gbkhei;
+gbkkai48.tfm;fonts/tfm/zhmetrics/gbkkai;
+gbkheisl10.tfm;fonts/tfm/zhmetrics/gbkhei;
+gbkkai49.tfm;fonts/tfm/zhmetrics/gbkkai;
+gbkheisl11.tfm;fonts/tfm/zhmetrics/gbkhei;
+gbkheisl12.tfm;fonts/tfm/zhmetrics/gbkhei;
+gbkheisl13.tfm;fonts/tfm/zhmetrics/gbkhei;
+gbkheisl16.tfm;fonts/tfm/zhmetrics/gbkhei;
+gbkheisl17.tfm;fonts/tfm/zhmetrics/gbkhei;
+gbkheisl29.tfm;fonts/tfm/zhmetrics/gbkhei;
+gbkheisl30.tfm;fonts/tfm/zhmetrics/gbkhei;
+unikai7f.tfm;fonts/tfm/zhmetrics/unikai;
+gbkheisl31.tfm;fonts/tfm/zhmetrics/gbkhei;
+unikai7e.tfm;fonts/tfm/zhmetrics/unikai;
+gbkheisl32.tfm;fonts/tfm/zhmetrics/gbkhei;
+unikai7d.tfm;fonts/tfm/zhmetrics/unikai;
+gbkheisl33.tfm;fonts/tfm/zhmetrics/gbkhei;
+unikai7a.tfm;fonts/tfm/zhmetrics/unikai;
+gbkheisl36.tfm;fonts/tfm/zhmetrics/gbkhei;
+gbkheisl37.tfm;fonts/tfm/zhmetrics/gbkhei;
+gbkheisl41.tfm;fonts/tfm/zhmetrics/gbkhei;
+gbkheisl42.tfm;fonts/tfm/zhmetrics/gbkhei;
+gbkheisl43.tfm;fonts/tfm/zhmetrics/gbkhei;
+gbkheisl48.tfm;fonts/tfm/zhmetrics/gbkhei;
+uniyouaa.tfm;fonts/tfm/zhmetrics/uniyou;
+gbkheisl49.tfm;fonts/tfm/zhmetrics/gbkhei;
+gbkheisl58.tfm;fonts/tfm/zhmetrics/gbkhei;
+unilisla6.tfm;fonts/tfm/zhmetrics/unili;
+gbkheisl59.tfm;fonts/tfm/zhmetrics/gbkhei;
+unilisla7.tfm;fonts/tfm/zhmetrics/unili;
+gbksongsl88.tfm;fonts/tfm/zhmetrics/gbksong;
+unikai0e.tfm;fonts/tfm/zhmetrics/unikai;
+gbkheisl60.tfm;fonts/tfm/zhmetrics/gbkhei;
+unikai0b.tfm;fonts/tfm/zhmetrics/unikai;
+gbkheisl67.tfm;fonts/tfm/zhmetrics/gbkhei;
+gbksongsl80.tfm;fonts/tfm/zhmetrics/gbksong;
+gbkheisl68.tfm;fonts/tfm/zhmetrics/gbkhei;
+gbksongsl81.tfm;fonts/tfm/zhmetrics/gbksong;
+gbkheisl69.tfm;fonts/tfm/zhmetrics/gbkhei;
+gbkkai28.tfm;fonts/tfm/zhmetrics/gbkkai;
+gbkheisl70.tfm;fonts/tfm/zhmetrics/gbkhei;
+gbkkai29.tfm;fonts/tfm/zhmetrics/gbkkai;
+gbkheisl71.tfm;fonts/tfm/zhmetrics/gbkhei;
+gbkheisl72.tfm;fonts/tfm/zhmetrics/gbkhei;
+gbkheisl73.tfm;fonts/tfm/zhmetrics/gbkhei;
+gbkheisl74.tfm;fonts/tfm/zhmetrics/gbkhei;
+gbkheisl75.tfm;fonts/tfm/zhmetrics/gbkhei;
+gbkheisl76.tfm;fonts/tfm/zhmetrics/gbkhei;
+gbkheisl77.tfm;fonts/tfm/zhmetrics/gbkhei;
+gbkkai20.tfm;fonts/tfm/zhmetrics/gbkkai;
+unikaifd.tfm;fonts/tfm/zhmetrics/unikai;
+gbkheisl78.tfm;fonts/tfm/zhmetrics/gbkhei;
+gbkkai21.tfm;fonts/tfm/zhmetrics/gbkkai;
+unikaife.tfm;fonts/tfm/zhmetrics/unikai;
+gbkheisl79.tfm;fonts/tfm/zhmetrics/gbkhei;
+gbkheisl80.tfm;fonts/tfm/zhmetrics/gbkhei;
+gbkheisl81.tfm;fonts/tfm/zhmetrics/gbkhei;
+unifssl2a.tfm;fonts/tfm/zhmetrics/unifs;
+gbkheisl82.tfm;fonts/tfm/zhmetrics/gbkhei;
+unifssl2b.tfm;fonts/tfm/zhmetrics/unifs;
+unilisld8.tfm;fonts/tfm/zhmetrics/unili;
+gbkheisl83.tfm;fonts/tfm/zhmetrics/gbkhei;
+unifssl2c.tfm;fonts/tfm/zhmetrics/unifs;
+unilisld9.tfm;fonts/tfm/zhmetrics/unili;
+uniheisl79.tfm;fonts/tfm/zhmetrics/unihei;
+gbkheisl84.tfm;fonts/tfm/zhmetrics/gbkhei;
+unifssl2d.tfm;fonts/tfm/zhmetrics/unifs;
+uniheisl78.tfm;fonts/tfm/zhmetrics/unihei;
+gbkheisl85.tfm;fonts/tfm/zhmetrics/gbkhei;
+unifssl2e.tfm;fonts/tfm/zhmetrics/unifs;
+gbkheisl86.tfm;fonts/tfm/zhmetrics/gbkhei;
+unifssl2f.tfm;fonts/tfm/zhmetrics/unifs;
+gbkheisl87.tfm;fonts/tfm/zhmetrics/gbkhei;
+gbkheisl88.tfm;fonts/tfm/zhmetrics/gbkhei;
+unilisld2.tfm;fonts/tfm/zhmetrics/unili;
+uniheisl75.tfm;fonts/tfm/zhmetrics/unihei;
+gbkheisl89.tfm;fonts/tfm/zhmetrics/gbkhei;
+unilisld3.tfm;fonts/tfm/zhmetrics/unili;
+uniheisl74.tfm;fonts/tfm/zhmetrics/unihei;
+gbkheisl90.tfm;fonts/tfm/zhmetrics/gbkhei;
+unilisle6.tfm;fonts/tfm/zhmetrics/unili;
+uniheif8.tfm;fonts/tfm/zhmetrics/unihei;
+gbkheisl91.tfm;fonts/tfm/zhmetrics/gbkhei;
+unilisle7.tfm;fonts/tfm/zhmetrics/unili;
+uniheif9.tfm;fonts/tfm/zhmetrics/unihei;
+gbkheisl92.tfm;fonts/tfm/zhmetrics/gbkhei;
+unilisle4.tfm;fonts/tfm/zhmetrics/unili;
+uniheisl09.tfm;fonts/tfm/zhmetrics/unihei;
+gbkheisl93.tfm;fonts/tfm/zhmetrics/gbkhei;
+unilisle5.tfm;fonts/tfm/zhmetrics/unili;
+uniheisl08.tfm;fonts/tfm/zhmetrics/unihei;
+gbkheisl94.tfm;fonts/tfm/zhmetrics/gbkhei;
+unilisle2.tfm;fonts/tfm/zhmetrics/unili;
+unilisl16.tfm;fonts/tfm/zhmetrics/unili;
+gbkkai00.tfm;fonts/tfm/zhmetrics/gbkkai;
+unilisl17.tfm;fonts/tfm/zhmetrics/unili;
+gbkkai01.tfm;fonts/tfm/zhmetrics/gbkkai;
+unilisl14.tfm;fonts/tfm/zhmetrics/unili;
+gbkkai02.tfm;fonts/tfm/zhmetrics/gbkkai;
+unilisl15.tfm;fonts/tfm/zhmetrics/unili;
+gbkkai03.tfm;fonts/tfm/zhmetrics/gbkkai;
+unilisl12.tfm;fonts/tfm/zhmetrics/unili;
+gbkkai04.tfm;fonts/tfm/zhmetrics/gbkkai;
+unilisl13.tfm;fonts/tfm/zhmetrics/unili;
+gbkkai05.tfm;fonts/tfm/zhmetrics/gbkkai;
+unilisl10.tfm;fonts/tfm/zhmetrics/unili;
+gbkkai06.tfm;fonts/tfm/zhmetrics/gbkkai;
+unilisl11.tfm;fonts/tfm/zhmetrics/unili;
+gbkkai07.tfm;fonts/tfm/zhmetrics/gbkkai;
+gbkkai08.tfm;fonts/tfm/zhmetrics/gbkkai;
+unikaiac.tfm;fonts/tfm/zhmetrics/unikai;
+gbkkai09.tfm;fonts/tfm/zhmetrics/gbkkai;
+unikaiab.tfm;fonts/tfm/zhmetrics/unikai;
+unilisl02.tfm;fonts/tfm/zhmetrics/unili;
+gbkkai10.tfm;fonts/tfm/zhmetrics/gbkkai;
+unilisl03.tfm;fonts/tfm/zhmetrics/unili;
+gbkkai11.tfm;fonts/tfm/zhmetrics/gbkkai;
+unilisl00.tfm;fonts/tfm/zhmetrics/unili;
+gbkkai12.tfm;fonts/tfm/zhmetrics/gbkkai;
+unilisl01.tfm;fonts/tfm/zhmetrics/unili;
+gbkkai13.tfm;fonts/tfm/zhmetrics/gbkkai;
+unilisl06.tfm;fonts/tfm/zhmetrics/unili;
+gbkkai14.tfm;fonts/tfm/zhmetrics/gbkkai;
+unilisl07.tfm;fonts/tfm/zhmetrics/unili;
+gbkkai15.tfm;fonts/tfm/zhmetrics/gbkkai;
+unilisl04.tfm;fonts/tfm/zhmetrics/unili;
+gbkkai16.tfm;fonts/tfm/zhmetrics/gbkkai;
+unilisl05.tfm;fonts/tfm/zhmetrics/unili;
+gbkkai17.tfm;fonts/tfm/zhmetrics/gbkkai;
+gbkkai18.tfm;fonts/tfm/zhmetrics/gbkkai;
+unifs0c.tfm;fonts/tfm/zhmetrics/unifs;
+gbkkai19.tfm;fonts/tfm/zhmetrics/gbkkai;
+uniliaa.tfm;fonts/tfm/zhmetrics/unili;
+unisongslba.tfm;fonts/tfm/zhmetrics/unisong;
+unifs0b.tfm;fonts/tfm/zhmetrics/unifs;
+gbkkai22.tfm;fonts/tfm/zhmetrics/gbkkai;
+gbkkai23.tfm;fonts/tfm/zhmetrics/gbkkai;
+gbkkai24.tfm;fonts/tfm/zhmetrics/gbkkai;
+gbkkai25.tfm;fonts/tfm/zhmetrics/gbkkai;
+gbkkai26.tfm;fonts/tfm/zhmetrics/gbkkai;
+gbkkai27.tfm;fonts/tfm/zhmetrics/gbkkai;
+gbkkai30.tfm;fonts/tfm/zhmetrics/gbkkai;
+gbkkai31.tfm;fonts/tfm/zhmetrics/gbkkai;
+gbkkai32.tfm;fonts/tfm/zhmetrics/gbkkai;
+gbkkai33.tfm;fonts/tfm/zhmetrics/gbkkai;
+gbkkai34.tfm;fonts/tfm/zhmetrics/gbkkai;
+gbkkai35.tfm;fonts/tfm/zhmetrics/gbkkai;
+gbkkai36.tfm;fonts/tfm/zhmetrics/gbkkai;
+gbkkai37.tfm;fonts/tfm/zhmetrics/gbkkai;
+gbkkai38.tfm;fonts/tfm/zhmetrics/gbkkai;
+gbkkai39.tfm;fonts/tfm/zhmetrics/gbkkai;
+gbkkai68.tfm;fonts/tfm/zhmetrics/gbkkai;
+gbkkai69.tfm;fonts/tfm/zhmetrics/gbkkai;
+gbkkai70.tfm;fonts/tfm/zhmetrics/gbkkai;
+unikaide.tfm;fonts/tfm/zhmetrics/unikai;
+gbkkai71.tfm;fonts/tfm/zhmetrics/gbkkai;
+unikaidd.tfm;fonts/tfm/zhmetrics/unikai;
+gbkkai72.tfm;fonts/tfm/zhmetrics/gbkkai;
+gbkkai73.tfm;fonts/tfm/zhmetrics/gbkkai;
+unikaidf.tfm;fonts/tfm/zhmetrics/unikai;
+gbkkai74.tfm;fonts/tfm/zhmetrics/gbkkai;
+unikaida.tfm;fonts/tfm/zhmetrics/unikai;
+gbkkai75.tfm;fonts/tfm/zhmetrics/gbkkai;
+gbkkai76.tfm;fonts/tfm/zhmetrics/gbkkai;
+unikaidc.tfm;fonts/tfm/zhmetrics/unikai;
+gbkkai77.tfm;fonts/tfm/zhmetrics/gbkkai;
+unikaidb.tfm;fonts/tfm/zhmetrics/unikai;
+gbkkai78.tfm;fonts/tfm/zhmetrics/gbkkai;
+gbkkai79.tfm;fonts/tfm/zhmetrics/gbkkai;
+unilisl96.tfm;fonts/tfm/zhmetrics/unili;
+gbkkai80.tfm;fonts/tfm/zhmetrics/gbkkai;
+unilisl97.tfm;fonts/tfm/zhmetrics/unili;
+gbkkai81.tfm;fonts/tfm/zhmetrics/gbkkai;
+unilisl94.tfm;fonts/tfm/zhmetrics/unili;
+gbkkai82.tfm;fonts/tfm/zhmetrics/gbkkai;
+unilisl95.tfm;fonts/tfm/zhmetrics/unili;
+gbkkai83.tfm;fonts/tfm/zhmetrics/gbkkai;
+unilisl90.tfm;fonts/tfm/zhmetrics/unili;
+gbkkai86.tfm;fonts/tfm/zhmetrics/gbkkai;
+unilisl91.tfm;fonts/tfm/zhmetrics/unili;
+gbkkai87.tfm;fonts/tfm/zhmetrics/gbkkai;
+unilisl82.tfm;fonts/tfm/zhmetrics/unili;
+gbkkai90.tfm;fonts/tfm/zhmetrics/gbkkai;
+uniyou9a.tfm;fonts/tfm/zhmetrics/uniyou;
+unilisl83.tfm;fonts/tfm/zhmetrics/unili;
+gbkkai91.tfm;fonts/tfm/zhmetrics/gbkkai;
+uniyou9b.tfm;fonts/tfm/zhmetrics/uniyou;
+unikai89.tfm;fonts/tfm/zhmetrics/unikai;
+unilisl80.tfm;fonts/tfm/zhmetrics/unili;
+gbkkai92.tfm;fonts/tfm/zhmetrics/gbkkai;
+uniyou9c.tfm;fonts/tfm/zhmetrics/uniyou;
+unikai88.tfm;fonts/tfm/zhmetrics/unikai;
+unilisl81.tfm;fonts/tfm/zhmetrics/unili;
+gbkkai93.tfm;fonts/tfm/zhmetrics/gbkkai;
+gbkkaisl18.tfm;fonts/tfm/zhmetrics/gbkkai;
+unikaibd.tfm;fonts/tfm/zhmetrics/unikai;
+gbkkaisl19.tfm;fonts/tfm/zhmetrics/gbkkai;
+unikaibe.tfm;fonts/tfm/zhmetrics/unikai;
+gbkkaisl30.tfm;fonts/tfm/zhmetrics/gbkkai;
+gbkkaisl31.tfm;fonts/tfm/zhmetrics/gbkkai;
+gbkkaisl32.tfm;fonts/tfm/zhmetrics/gbkkai;
+gbkkaisl33.tfm;fonts/tfm/zhmetrics/gbkkai;
+unili08.tfm;fonts/tfm/zhmetrics/unili;
+unisongsl38.tfm;fonts/tfm/zhmetrics/unisong;
+gbkkaisl34.tfm;fonts/tfm/zhmetrics/gbkkai;
+unili09.tfm;fonts/tfm/zhmetrics/unili;
+unisongsl39.tfm;fonts/tfm/zhmetrics/unisong;
+gbkkaisl35.tfm;fonts/tfm/zhmetrics/gbkkai;
+uniheislbd.tfm;fonts/tfm/zhmetrics/unihei;
+gbkkaisl40.tfm;fonts/tfm/zhmetrics/gbkkai;
+uniheislbe.tfm;fonts/tfm/zhmetrics/unihei;
+gbkkaisl41.tfm;fonts/tfm/zhmetrics/gbkkai;
+uniheislbf.tfm;fonts/tfm/zhmetrics/unihei;
+gbkkaisl42.tfm;fonts/tfm/zhmetrics/gbkkai;
+gbkkaisl43.tfm;fonts/tfm/zhmetrics/gbkkai;
+gbkkaisl44.tfm;fonts/tfm/zhmetrics/gbkkai;
+uniheislba.tfm;fonts/tfm/zhmetrics/unihei;
+gbkkaisl45.tfm;fonts/tfm/zhmetrics/gbkkai;
+uniheislbb.tfm;fonts/tfm/zhmetrics/unihei;
+gbkkaisl46.tfm;fonts/tfm/zhmetrics/gbkkai;
+uniheislbc.tfm;fonts/tfm/zhmetrics/unihei;
+gbkkaisl47.tfm;fonts/tfm/zhmetrics/gbkkai;
+gbkkaisl48.tfm;fonts/tfm/zhmetrics/gbkkai;
+gbkkaisl49.tfm;fonts/tfm/zhmetrics/gbkkai;
+gbkyou64.tfm;fonts/tfm/zhmetrics/gbkyou;
+gbkkaisl58.tfm;fonts/tfm/zhmetrics/gbkkai;
+gbkyou65.tfm;fonts/tfm/zhmetrics/gbkyou;
+gbkkaisl59.tfm;fonts/tfm/zhmetrics/gbkkai;
+gbksong17.tfm;fonts/tfm/zhmetrics/gbksong;
+gbkkaisl63.tfm;fonts/tfm/zhmetrics/gbkkai;
+gbksong10.tfm;fonts/tfm/zhmetrics/gbksong;
+gbkkaisl64.tfm;fonts/tfm/zhmetrics/gbkkai;
+gbkkaisl68.tfm;fonts/tfm/zhmetrics/gbkkai;
+gbkkaisl69.tfm;fonts/tfm/zhmetrics/gbkkai;
+gbksong04.tfm;fonts/tfm/zhmetrics/gbksong;
+unikai3e.tfm;fonts/tfm/zhmetrics/unikai;
+gbkkaisl70.tfm;fonts/tfm/zhmetrics/gbkkai;
+gbksong03.tfm;fonts/tfm/zhmetrics/gbksong;
+unikai3b.tfm;fonts/tfm/zhmetrics/unikai;
+gbkkaisl77.tfm;fonts/tfm/zhmetrics/gbkkai;
+gbkkaisl78.tfm;fonts/tfm/zhmetrics/gbkkai;
+gbkkaisl79.tfm;fonts/tfm/zhmetrics/gbkkai;
+gbksong77.tfm;fonts/tfm/zhmetrics/gbksong;
+unisongc3.tfm;fonts/tfm/zhmetrics/unisong;
+unisongsl87.tfm;fonts/tfm/zhmetrics/unisong;
+gbkkaisl83.tfm;fonts/tfm/zhmetrics/gbkkai;
+unikaisl39.tfm;fonts/tfm/zhmetrics/unikai;
+unisongsl80.tfm;fonts/tfm/zhmetrics/unisong;
+gbkyou38.tfm;fonts/tfm/zhmetrics/gbkyou;
+gbkkaisl84.tfm;fonts/tfm/zhmetrics/gbkkai;
+gbksong70.tfm;fonts/tfm/zhmetrics/gbksong;
+unisongc4.tfm;fonts/tfm/zhmetrics/unisong;
+unikaisl35.tfm;fonts/tfm/zhmetrics/unikai;
+gbkyou34.tfm;fonts/tfm/zhmetrics/gbkyou;
+gbkkaisl88.tfm;fonts/tfm/zhmetrics/gbkkai;
+uniheisl3f.tfm;fonts/tfm/zhmetrics/unihei;
+unikaisl34.tfm;fonts/tfm/zhmetrics/unikai;
+gbkyou35.tfm;fonts/tfm/zhmetrics/gbkyou;
+gbkkaisl89.tfm;fonts/tfm/zhmetrics/gbkkai;
+unifs9e.tfm;fonts/tfm/zhmetrics/unifs;
+unisongb0.tfm;fonts/tfm/zhmetrics/unisong;
+gbkkaisl90.tfm;fonts/tfm/zhmetrics/gbkkai;
+unifs9d.tfm;fonts/tfm/zhmetrics/unifs;
+unisongb1.tfm;fonts/tfm/zhmetrics/unisong;
+gbkkaisl91.tfm;fonts/tfm/zhmetrics/gbkkai;
+gbkkaisl92.tfm;fonts/tfm/zhmetrics/gbkkai;
+unifs9f.tfm;fonts/tfm/zhmetrics/unifs;
+unisongb3.tfm;fonts/tfm/zhmetrics/unisong;
+gbkkaisl93.tfm;fonts/tfm/zhmetrics/gbkkai;
+unifs9a.tfm;fonts/tfm/zhmetrics/unifs;
+gbksong68.tfm;fonts/tfm/zhmetrics/gbksong;
+unisongb4.tfm;fonts/tfm/zhmetrics/unisong;
+unisongsl98.tfm;fonts/tfm/zhmetrics/unisong;
+gbkkaisl94.tfm;fonts/tfm/zhmetrics/gbkkai;
+gbkli08.tfm;fonts/tfm/zhmetrics/gbkli;
+gbkli09.tfm;fonts/tfm/zhmetrics/gbkli;
+gbkli29.tfm;fonts/tfm/zhmetrics/gbkli;
+gbkli40.tfm;fonts/tfm/zhmetrics/gbkli;
+gbkli41.tfm;fonts/tfm/zhmetrics/gbkli;
+gbkli42.tfm;fonts/tfm/zhmetrics/gbkli;
+gbkli43.tfm;fonts/tfm/zhmetrics/gbkli;
+gbkli60.tfm;fonts/tfm/zhmetrics/gbkli;
+unihei1c.tfm;fonts/tfm/zhmetrics/unihei;
+unikaisled.tfm;fonts/tfm/zhmetrics/unikai;
+gbkli61.tfm;fonts/tfm/zhmetrics/gbkli;
+unihei1b.tfm;fonts/tfm/zhmetrics/unihei;
+unikaislee.tfm;fonts/tfm/zhmetrics/unikai;
+gbkli62.tfm;fonts/tfm/zhmetrics/gbkli;
+unihei1a.tfm;fonts/tfm/zhmetrics/unihei;
+unikaislef.tfm;fonts/tfm/zhmetrics/unikai;
+gbkli63.tfm;fonts/tfm/zhmetrics/gbkli;
+uniyousle8.tfm;fonts/tfm/zhmetrics/uniyou;
+gbkli64.tfm;fonts/tfm/zhmetrics/gbkli;
+uniyousle9.tfm;fonts/tfm/zhmetrics/uniyou;
+gbkli65.tfm;fonts/tfm/zhmetrics/gbkli;
+unihei1f.tfm;fonts/tfm/zhmetrics/unihei;
+unikaislea.tfm;fonts/tfm/zhmetrics/unikai;
+gbkli66.tfm;fonts/tfm/zhmetrics/gbkli;
+unihei1e.tfm;fonts/tfm/zhmetrics/unihei;
+unikaisleb.tfm;fonts/tfm/zhmetrics/unikai;
+gbkli67.tfm;fonts/tfm/zhmetrics/gbkli;
+unihei1d.tfm;fonts/tfm/zhmetrics/unihei;
+unikaislec.tfm;fonts/tfm/zhmetrics/unikai;
+uniyousle4.tfm;fonts/tfm/zhmetrics/uniyou;
+gbkli68.tfm;fonts/tfm/zhmetrics/gbkli;
+uniyousle5.tfm;fonts/tfm/zhmetrics/uniyou;
+gbkli69.tfm;fonts/tfm/zhmetrics/gbkli;
+gbkli88.tfm;fonts/tfm/zhmetrics/gbkli;
+uniheia5.tfm;fonts/tfm/zhmetrics/unihei;
+uniheisl50.tfm;fonts/tfm/zhmetrics/unihei;
+gbkli89.tfm;fonts/tfm/zhmetrics/gbkli;
+uniheia4.tfm;fonts/tfm/zhmetrics/unihei;
+uniheisl51.tfm;fonts/tfm/zhmetrics/unihei;
+unifssl17.tfm;fonts/tfm/zhmetrics/unifs;
+gbklisl00.tfm;fonts/tfm/zhmetrics/gbkli;
+unifssl16.tfm;fonts/tfm/zhmetrics/unifs;
+gbklisl01.tfm;fonts/tfm/zhmetrics/gbkli;
+unifsa8.tfm;fonts/tfm/zhmetrics/unifs;
+unifssl15.tfm;fonts/tfm/zhmetrics/unifs;
+gbklisl02.tfm;fonts/tfm/zhmetrics/gbkli;
+unifsa9.tfm;fonts/tfm/zhmetrics/unifs;
+unifssl14.tfm;fonts/tfm/zhmetrics/unifs;
+gbklisl03.tfm;fonts/tfm/zhmetrics/gbkli;
+unifssl13.tfm;fonts/tfm/zhmetrics/unifs;
+gbklisl04.tfm;fonts/tfm/zhmetrics/gbkli;
+unifssl12.tfm;fonts/tfm/zhmetrics/unifs;
+gbklisl05.tfm;fonts/tfm/zhmetrics/gbkli;
+unifssl11.tfm;fonts/tfm/zhmetrics/unifs;
+gbklisl06.tfm;fonts/tfm/zhmetrics/gbkli;
+unifssl10.tfm;fonts/tfm/zhmetrics/unifs;
+gbklisl07.tfm;fonts/tfm/zhmetrics/gbkli;
+gbklisl08.tfm;fonts/tfm/zhmetrics/gbkli;
+unifsa2.tfm;fonts/tfm/zhmetrics/unifs;
+gbklisl09.tfm;fonts/tfm/zhmetrics/gbkli;
+unifsa3.tfm;fonts/tfm/zhmetrics/unifs;
+gbklisl10.tfm;fonts/tfm/zhmetrics/gbkli;
+unikaiea.tfm;fonts/tfm/zhmetrics/unikai;
+gbklisl11.tfm;fonts/tfm/zhmetrics/gbkli;
+gbklisl12.tfm;fonts/tfm/zhmetrics/gbkli;
+unikaiec.tfm;fonts/tfm/zhmetrics/unikai;
+gbklisl13.tfm;fonts/tfm/zhmetrics/gbkli;
+unikaieb.tfm;fonts/tfm/zhmetrics/unikai;
+gbklisl14.tfm;fonts/tfm/zhmetrics/gbkli;
+unikaiee.tfm;fonts/tfm/zhmetrics/unikai;
+gbklisl15.tfm;fonts/tfm/zhmetrics/gbkli;
+unikaied.tfm;fonts/tfm/zhmetrics/unikai;
+gbklisl16.tfm;fonts/tfm/zhmetrics/gbkli;
+gbklisl17.tfm;fonts/tfm/zhmetrics/gbkli;
+unikaief.tfm;fonts/tfm/zhmetrics/unikai;
+gbklisl18.tfm;fonts/tfm/zhmetrics/gbkli;
+gbklisl19.tfm;fonts/tfm/zhmetrics/gbkli;
+unikaisl19.tfm;fonts/tfm/zhmetrics/unikai;
+gbkyou58.tfm;fonts/tfm/zhmetrics/gbkyou;
+unifssl33.tfm;fonts/tfm/zhmetrics/unifs;
+gbklisl20.tfm;fonts/tfm/zhmetrics/gbkli;
+unikaisl18.tfm;fonts/tfm/zhmetrics/unikai;
+gbkyou59.tfm;fonts/tfm/zhmetrics/gbkyou;
+unifssl32.tfm;fonts/tfm/zhmetrics/unifs;
+gbklisl21.tfm;fonts/tfm/zhmetrics/gbkli;
+unifssl31.tfm;fonts/tfm/zhmetrics/unifs;
+gbklisl22.tfm;fonts/tfm/zhmetrics/gbkli;
+unifssl30.tfm;fonts/tfm/zhmetrics/unifs;
+gbklisl23.tfm;fonts/tfm/zhmetrics/gbkli;
+unifssl37.tfm;fonts/tfm/zhmetrics/unifs;
+gbklisl24.tfm;fonts/tfm/zhmetrics/gbkli;
+unifssl36.tfm;fonts/tfm/zhmetrics/unifs;
+gbklisl25.tfm;fonts/tfm/zhmetrics/gbkli;
+unifssl35.tfm;fonts/tfm/zhmetrics/unifs;
+gbklisl26.tfm;fonts/tfm/zhmetrics/gbkli;
+unifssl34.tfm;fonts/tfm/zhmetrics/unifs;
+gbklisl27.tfm;fonts/tfm/zhmetrics/gbkli;
+gbkyou40.tfm;fonts/tfm/zhmetrics/gbkyou;
+gbklisl38.tfm;fonts/tfm/zhmetrics/gbkli;
+gbklisl40.tfm;fonts/tfm/zhmetrics/gbkli;
+gbklisl41.tfm;fonts/tfm/zhmetrics/gbkli;
+gbkyousl28.tfm;fonts/tfm/zhmetrics/gbkyou;
+gbklisl42.tfm;fonts/tfm/zhmetrics/gbkli;
+gbkyousl29.tfm;fonts/tfm/zhmetrics/gbkyou;
+gbklisl43.tfm;fonts/tfm/zhmetrics/gbkli;
+gbklisl44.tfm;fonts/tfm/zhmetrics/gbkli;
+gbklisl45.tfm;fonts/tfm/zhmetrics/gbkli;
+unifssl59.tfm;fonts/tfm/zhmetrics/unifs;
+gbklisl46.tfm;fonts/tfm/zhmetrics/gbkli;
+unifssl58.tfm;fonts/tfm/zhmetrics/unifs;
+gbklisl47.tfm;fonts/tfm/zhmetrics/gbkli;
+unifssl57.tfm;fonts/tfm/zhmetrics/unifs;
+uniheislcc.tfm;fonts/tfm/zhmetrics/unihei;
+gbkyousl22.tfm;fonts/tfm/zhmetrics/gbkyou;
+gbklisl48.tfm;fonts/tfm/zhmetrics/gbkli;
+unifssl56.tfm;fonts/tfm/zhmetrics/unifs;
+uniheislcb.tfm;fonts/tfm/zhmetrics/unihei;
+gbkyousl23.tfm;fonts/tfm/zhmetrics/gbkyou;
+gbklisl49.tfm;fonts/tfm/zhmetrics/gbkli;
+unifssl25.tfm;fonts/tfm/zhmetrics/unifs;
+gbkyousl36.tfm;fonts/tfm/zhmetrics/gbkyou;
+gbklisl50.tfm;fonts/tfm/zhmetrics/gbkli;
+gbkyou28.tfm;fonts/tfm/zhmetrics/gbkyou;
+unikaislcf.tfm;fonts/tfm/zhmetrics/unikai;
+unifssl24.tfm;fonts/tfm/zhmetrics/unifs;
+gbkyousl37.tfm;fonts/tfm/zhmetrics/gbkyou;
+gbklisl51.tfm;fonts/tfm/zhmetrics/gbkli;
+gbkyou29.tfm;fonts/tfm/zhmetrics/gbkyou;
+unifssl27.tfm;fonts/tfm/zhmetrics/unifs;
+gbkyousl34.tfm;fonts/tfm/zhmetrics/gbkyou;
+gbklisl52.tfm;fonts/tfm/zhmetrics/gbkli;
+unifssl26.tfm;fonts/tfm/zhmetrics/unifs;
+gbkyousl35.tfm;fonts/tfm/zhmetrics/gbkyou;
+gbklisl53.tfm;fonts/tfm/zhmetrics/gbkli;
+unifssl21.tfm;fonts/tfm/zhmetrics/unifs;
+gbkyousl32.tfm;fonts/tfm/zhmetrics/gbkyou;
+gbklisl54.tfm;fonts/tfm/zhmetrics/gbkli;
+unifssl20.tfm;fonts/tfm/zhmetrics/unifs;
+gbkyousl33.tfm;fonts/tfm/zhmetrics/gbkyou;
+gbklisl55.tfm;fonts/tfm/zhmetrics/gbkli;
+unifssl23.tfm;fonts/tfm/zhmetrics/unifs;
+gbkyousl30.tfm;fonts/tfm/zhmetrics/gbkyou;
+gbklisl56.tfm;fonts/tfm/zhmetrics/gbkli;
+unifssl22.tfm;fonts/tfm/zhmetrics/unifs;
+gbkyousl31.tfm;fonts/tfm/zhmetrics/gbkyou;
+gbklisl57.tfm;fonts/tfm/zhmetrics/gbkli;
+gbkyou20.tfm;fonts/tfm/zhmetrics/gbkyou;
+unisong24.tfm;fonts/tfm/zhmetrics/unisong;
+unikaisl03.tfm;fonts/tfm/zhmetrics/unikai;
+gbklisl58.tfm;fonts/tfm/zhmetrics/gbkli;
+gbkyou21.tfm;fonts/tfm/zhmetrics/gbkyou;
+unisong25.tfm;fonts/tfm/zhmetrics/unisong;
+unikaisl02.tfm;fonts/tfm/zhmetrics/unikai;
+unilisldf.tfm;fonts/tfm/zhmetrics/unili;
+gbklisl59.tfm;fonts/tfm/zhmetrics/gbkli;
+uniheisl7a.tfm;fonts/tfm/zhmetrics/unihei;
+unifssl73.tfm;fonts/tfm/zhmetrics/unifs;
+gbkyousl46.tfm;fonts/tfm/zhmetrics/gbkyou;
+gbklisl60.tfm;fonts/tfm/zhmetrics/gbkli;
+unifssl45.tfm;fonts/tfm/zhmetrics/unifs;
+gbklisl70.tfm;fonts/tfm/zhmetrics/gbkli;
+unifssl44.tfm;fonts/tfm/zhmetrics/unifs;
+gbklisl71.tfm;fonts/tfm/zhmetrics/gbkli;
+unifssl47.tfm;fonts/tfm/zhmetrics/unifs;
+gbkyousl58.tfm;fonts/tfm/zhmetrics/gbkyou;
+gbklisl72.tfm;fonts/tfm/zhmetrics/gbkli;
+unifssl46.tfm;fonts/tfm/zhmetrics/unifs;
+gbkyousl59.tfm;fonts/tfm/zhmetrics/gbkyou;
+gbklisl73.tfm;fonts/tfm/zhmetrics/gbkli;
+unifssl41.tfm;fonts/tfm/zhmetrics/unifs;
+gbklisl74.tfm;fonts/tfm/zhmetrics/gbkli;
+unifssl40.tfm;fonts/tfm/zhmetrics/unifs;
+gbklisl75.tfm;fonts/tfm/zhmetrics/gbkli;
+unifssl43.tfm;fonts/tfm/zhmetrics/unifs;
+gbklisl76.tfm;fonts/tfm/zhmetrics/gbkli;
+unifssl42.tfm;fonts/tfm/zhmetrics/unifs;
+gbklisl77.tfm;fonts/tfm/zhmetrics/gbkli;
+unilisl3d.tfm;fonts/tfm/zhmetrics/unili;
+gbkyousl52.tfm;fonts/tfm/zhmetrics/gbkyou;
+gbklisl78.tfm;fonts/tfm/zhmetrics/gbkli;
+unihei4f.tfm;fonts/tfm/zhmetrics/unihei;
+unilisl3e.tfm;fonts/tfm/zhmetrics/unili;
+gbkyousl53.tfm;fonts/tfm/zhmetrics/gbkyou;
+gbklisl79.tfm;fonts/tfm/zhmetrics/gbkli;
+gbklisl80.tfm;fonts/tfm/zhmetrics/gbkli;
+unisong1f.tfm;fonts/tfm/zhmetrics/unisong;
+unifssl97.tfm;fonts/tfm/zhmetrics/unifs;
+unikaisl5c.tfm;fonts/tfm/zhmetrics/unikai;
+unifssl96.tfm;fonts/tfm/zhmetrics/unifs;
+unikaisl5b.tfm;fonts/tfm/zhmetrics/unikai;
+gbklisl81.tfm;fonts/tfm/zhmetrics/gbkli;
+gbklisl82.tfm;fonts/tfm/zhmetrics/gbkli;
+unisong1d.tfm;fonts/tfm/zhmetrics/unisong;
+unifssl95.tfm;fonts/tfm/zhmetrics/unifs;
+unikaisl5a.tfm;fonts/tfm/zhmetrics/unikai;
+gbklisl83.tfm;fonts/tfm/zhmetrics/gbkli;
+unisong1e.tfm;fonts/tfm/zhmetrics/unisong;
+unifssl94.tfm;fonts/tfm/zhmetrics/unifs;
+gbklisl90.tfm;fonts/tfm/zhmetrics/gbkli;
+gbklisl91.tfm;fonts/tfm/zhmetrics/gbkli;
+gbklisl94.tfm;fonts/tfm/zhmetrics/gbkli;
+gbksong08.tfm;fonts/tfm/zhmetrics/gbksong;
+gbksong09.tfm;fonts/tfm/zhmetrics/gbksong;
+gbksong18.tfm;fonts/tfm/zhmetrics/gbksong;
+gbksong19.tfm;fonts/tfm/zhmetrics/gbksong;
+gbkyou60.tfm;fonts/tfm/zhmetrics/gbkyou;
+uniyousl6e.tfm;fonts/tfm/zhmetrics/uniyou;
+gbksong28.tfm;fonts/tfm/zhmetrics/gbksong;
+gbkyou61.tfm;fonts/tfm/zhmetrics/gbkyou;
+uniyousl6d.tfm;fonts/tfm/zhmetrics/uniyou;
+gbksong29.tfm;fonts/tfm/zhmetrics/gbksong;
+gbksong32.tfm;fonts/tfm/zhmetrics/gbksong;
+gbksong35.tfm;fonts/tfm/zhmetrics/gbksong;
+gbkyou70.tfm;fonts/tfm/zhmetrics/gbkyou;
+unifsslec.tfm;fonts/tfm/zhmetrics/unifs;
+gbksong38.tfm;fonts/tfm/zhmetrics/gbksong;
+gbkyou71.tfm;fonts/tfm/zhmetrics/gbkyou;
+unifssleb.tfm;fonts/tfm/zhmetrics/unifs;
+gbksong39.tfm;fonts/tfm/zhmetrics/gbksong;
+unili80.tfm;fonts/tfm/zhmetrics/unili;
+gbkyou08.tfm;fonts/tfm/zhmetrics/gbkyou;
+gbksong40.tfm;fonts/tfm/zhmetrics/gbksong;
+unili81.tfm;fonts/tfm/zhmetrics/unili;
+gbkyou09.tfm;fonts/tfm/zhmetrics/gbkyou;
+gbksong41.tfm;fonts/tfm/zhmetrics/gbksong;
+unikai8a.tfm;fonts/tfm/zhmetrics/unikai;
+uniyou99.tfm;fonts/tfm/zhmetrics/uniyou;
+gbksong42.tfm;fonts/tfm/zhmetrics/gbksong;
+unikai8b.tfm;fonts/tfm/zhmetrics/unikai;
+uniyou98.tfm;fonts/tfm/zhmetrics/uniyou;
+gbksong43.tfm;fonts/tfm/zhmetrics/gbksong;
+unikai8c.tfm;fonts/tfm/zhmetrics/unikai;
+gbksong44.tfm;fonts/tfm/zhmetrics/gbksong;
+unikai8d.tfm;fonts/tfm/zhmetrics/unikai;
+gbksong45.tfm;fonts/tfm/zhmetrics/gbksong;
+unikai8e.tfm;fonts/tfm/zhmetrics/unikai;
+gbksong46.tfm;fonts/tfm/zhmetrics/gbksong;
+unikai8f.tfm;fonts/tfm/zhmetrics/unikai;
+gbksong47.tfm;fonts/tfm/zhmetrics/gbksong;
+gbkyou00.tfm;fonts/tfm/zhmetrics/gbkyou;
+unisong04.tfm;fonts/tfm/zhmetrics/unisong;
+unikaisl27.tfm;fonts/tfm/zhmetrics/unikai;
+unili88.tfm;fonts/tfm/zhmetrics/unili;
+uniyou93.tfm;fonts/tfm/zhmetrics/uniyou;
+gbksong48.tfm;fonts/tfm/zhmetrics/gbksong;
+unilisl8a.tfm;fonts/tfm/zhmetrics/unili;
+gbkyou01.tfm;fonts/tfm/zhmetrics/gbkyou;
+unisong05.tfm;fonts/tfm/zhmetrics/unisong;
+unikaisl26.tfm;fonts/tfm/zhmetrics/unikai;
+unili89.tfm;fonts/tfm/zhmetrics/unili;
+uniyou92.tfm;fonts/tfm/zhmetrics/uniyou;
+gbksong49.tfm;fonts/tfm/zhmetrics/gbksong;
+unikaisl59.tfm;fonts/tfm/zhmetrics/unikai;
+unili90.tfm;fonts/tfm/zhmetrics/unili;
+gbkyou18.tfm;fonts/tfm/zhmetrics/gbkyou;
+uniyou65.tfm;fonts/tfm/zhmetrics/uniyou;
+gbksong50.tfm;fonts/tfm/zhmetrics/gbksong;
+uniyou62.tfm;fonts/tfm/zhmetrics/uniyou;
+gbksong57.tfm;fonts/tfm/zhmetrics/gbksong;
+gbkyou10.tfm;fonts/tfm/zhmetrics/gbkyou;
+unisong14.tfm;fonts/tfm/zhmetrics/unisong;
+unifssl9e.tfm;fonts/tfm/zhmetrics/unifs;
+unikaisl51.tfm;fonts/tfm/zhmetrics/unikai;
+unili98.tfm;fonts/tfm/zhmetrics/unili;
+uniyousla5.tfm;fonts/tfm/zhmetrics/uniyou;
+gbksong58.tfm;fonts/tfm/zhmetrics/gbksong;
+uniheibc.tfm;fonts/tfm/zhmetrics/unihei;
+gbkyou11.tfm;fonts/tfm/zhmetrics/gbkyou;
+unisong15.tfm;fonts/tfm/zhmetrics/unisong;
+unifssl9d.tfm;fonts/tfm/zhmetrics/unifs;
+unikaisl50.tfm;fonts/tfm/zhmetrics/unikai;
+unili99.tfm;fonts/tfm/zhmetrics/unili;
+uniyousla4.tfm;fonts/tfm/zhmetrics/uniyou;
+gbksong59.tfm;fonts/tfm/zhmetrics/gbksong;
+uniheibb.tfm;fonts/tfm/zhmetrics/unihei;
+uniheisl4a.tfm;fonts/tfm/zhmetrics/unihei;
+gbksong60.tfm;fonts/tfm/zhmetrics/gbksong;
+gbksong61.tfm;fonts/tfm/zhmetrics/gbksong;
+gbksong62.tfm;fonts/tfm/zhmetrics/gbksong;
+gbksong63.tfm;fonts/tfm/zhmetrics/gbksong;
+gbksong64.tfm;fonts/tfm/zhmetrics/gbksong;
+unisongb8.tfm;fonts/tfm/zhmetrics/unisong;
+gbksong65.tfm;fonts/tfm/zhmetrics/gbksong;
+unisongb9.tfm;fonts/tfm/zhmetrics/unisong;
+gbksong66.tfm;fonts/tfm/zhmetrics/gbksong;
+gbksong67.tfm;fonts/tfm/zhmetrics/gbksong;
+gbksong69.tfm;fonts/tfm/zhmetrics/gbksong;
+unisongb5.tfm;fonts/tfm/zhmetrics/unisong;
+uniheisl3c.tfm;fonts/tfm/zhmetrics/unihei;
+unikaisl31.tfm;fonts/tfm/zhmetrics/unikai;
+unisongsl88.tfm;fonts/tfm/zhmetrics/unisong;
+gbkyou30.tfm;fonts/tfm/zhmetrics/gbkyou;
+uniyou85.tfm;fonts/tfm/zhmetrics/uniyou;
+gbksong78.tfm;fonts/tfm/zhmetrics/gbksong;
+uniheisl3b.tfm;fonts/tfm/zhmetrics/unihei;
+unikaisl30.tfm;fonts/tfm/zhmetrics/unikai;
+unisongsl89.tfm;fonts/tfm/zhmetrics/unisong;
+gbkyou31.tfm;fonts/tfm/zhmetrics/gbkyou;
+uniyou84.tfm;fonts/tfm/zhmetrics/uniyou;
+gbksong79.tfm;fonts/tfm/zhmetrics/gbksong;
+gbksong88.tfm;fonts/tfm/zhmetrics/gbksong;
+gbksong89.tfm;fonts/tfm/zhmetrics/gbksong;
+gbkyousl66.tfm;fonts/tfm/zhmetrics/gbkyou;
+unili5b.tfm;fonts/tfm/zhmetrics/unili;
+gbksongsl08.tfm;fonts/tfm/zhmetrics/gbksong;
+unifs82.tfm;fonts/tfm/zhmetrics/unifs;
+gbksongsl10.tfm;fonts/tfm/zhmetrics/gbksong;
+uniheiff.tfm;fonts/tfm/zhmetrics/unihei;
+uniheisl0e.tfm;fonts/tfm/zhmetrics/unihei;
+unifs83.tfm;fonts/tfm/zhmetrics/unifs;
+gbksongsl11.tfm;fonts/tfm/zhmetrics/gbksong;
+uniheisl0d.tfm;fonts/tfm/zhmetrics/unihei;
+unifs80.tfm;fonts/tfm/zhmetrics/unifs;
+gbksongsl12.tfm;fonts/tfm/zhmetrics/gbksong;
+uniheifd.tfm;fonts/tfm/zhmetrics/unihei;
+unifs81.tfm;fonts/tfm/zhmetrics/unifs;
+gbksongsl13.tfm;fonts/tfm/zhmetrics/gbksong;
+uniheife.tfm;fonts/tfm/zhmetrics/unihei;
+uniheisl0f.tfm;fonts/tfm/zhmetrics/unihei;
+unifs84.tfm;fonts/tfm/zhmetrics/unifs;
+gbksongsl16.tfm;fonts/tfm/zhmetrics/gbksong;
+uniheisl0c.tfm;fonts/tfm/zhmetrics/unihei;
+unifs85.tfm;fonts/tfm/zhmetrics/unifs;
+gbksongsl17.tfm;fonts/tfm/zhmetrics/gbksong;
+uniheifa.tfm;fonts/tfm/zhmetrics/unihei;
+uniheisl0b.tfm;fonts/tfm/zhmetrics/unihei;
+gbksongsl20.tfm;fonts/tfm/zhmetrics/gbksong;
+uniheiaf.tfm;fonts/tfm/zhmetrics/unihei;
+uniheisl5c.tfm;fonts/tfm/zhmetrics/unihei;
+gbksongsl21.tfm;fonts/tfm/zhmetrics/gbksong;
+uniheisl5b.tfm;fonts/tfm/zhmetrics/unihei;
+gbksongsl24.tfm;fonts/tfm/zhmetrics/gbksong;
+uniheiab.tfm;fonts/tfm/zhmetrics/unihei;
+gbksongsl25.tfm;fonts/tfm/zhmetrics/gbksong;
+uniheiac.tfm;fonts/tfm/zhmetrics/unihei;
+uniheisl5f.tfm;fonts/tfm/zhmetrics/unihei;
+gbksongsl26.tfm;fonts/tfm/zhmetrics/gbksong;
+uniheisl5e.tfm;fonts/tfm/zhmetrics/unihei;
+gbksongsl27.tfm;fonts/tfm/zhmetrics/gbksong;
+uniheiaa.tfm;fonts/tfm/zhmetrics/unihei;
+uniheisl5d.tfm;fonts/tfm/zhmetrics/unihei;
+gbksongsl30.tfm;fonts/tfm/zhmetrics/gbksong;
+uniyouef.tfm;fonts/tfm/zhmetrics/uniyou;
+gbksongsl31.tfm;fonts/tfm/zhmetrics/gbksong;
+uniyouee.tfm;fonts/tfm/zhmetrics/uniyou;
+gbksongsl32.tfm;fonts/tfm/zhmetrics/gbksong;
+uniyoued.tfm;fonts/tfm/zhmetrics/uniyou;
+gbksongsl33.tfm;fonts/tfm/zhmetrics/gbksong;
+uniyouea.tfm;fonts/tfm/zhmetrics/uniyou;
+gbksongsl36.tfm;fonts/tfm/zhmetrics/gbksong;
+gbksongsl37.tfm;fonts/tfm/zhmetrics/gbksong;
+gbksongsl40.tfm;fonts/tfm/zhmetrics/gbksong;
+gbksongsl41.tfm;fonts/tfm/zhmetrics/gbksong;
+gbksongsl42.tfm;fonts/tfm/zhmetrics/gbksong;
+gbksongsl43.tfm;fonts/tfm/zhmetrics/gbksong;
+gbksongsl44.tfm;fonts/tfm/zhmetrics/gbksong;
+gbksongsl45.tfm;fonts/tfm/zhmetrics/gbksong;
+gbksongsl50.tfm;fonts/tfm/zhmetrics/gbksong;
+gbksongsl52.tfm;fonts/tfm/zhmetrics/gbksong;
+gbksongsl53.tfm;fonts/tfm/zhmetrics/gbksong;
+gbksongsl58.tfm;fonts/tfm/zhmetrics/gbksong;
+gbksongsl59.tfm;fonts/tfm/zhmetrics/gbksong;
+uniyoufa.tfm;fonts/tfm/zhmetrics/uniyou;
+gbksongsl60.tfm;fonts/tfm/zhmetrics/gbksong;
+gbksongsl61.tfm;fonts/tfm/zhmetrics/gbksong;
+uniyoufc.tfm;fonts/tfm/zhmetrics/uniyou;
+gbksongsl62.tfm;fonts/tfm/zhmetrics/gbksong;
+uniyoufb.tfm;fonts/tfm/zhmetrics/uniyou;
+gbksongsl63.tfm;fonts/tfm/zhmetrics/gbksong;
+uniyoufe.tfm;fonts/tfm/zhmetrics/uniyou;
+gbksongsl64.tfm;fonts/tfm/zhmetrics/gbksong;
+uniyoufd.tfm;fonts/tfm/zhmetrics/uniyou;
+gbksongsl65.tfm;fonts/tfm/zhmetrics/gbksong;
+gbksongsl66.tfm;fonts/tfm/zhmetrics/gbksong;
+uniyouff.tfm;fonts/tfm/zhmetrics/uniyou;
+gbksongsl67.tfm;fonts/tfm/zhmetrics/gbksong;
+gbksongsl68.tfm;fonts/tfm/zhmetrics/gbksong;
+gbksongsl69.tfm;fonts/tfm/zhmetrics/gbksong;
+gbksongsl78.tfm;fonts/tfm/zhmetrics/gbksong;
+uniheidb.tfm;fonts/tfm/zhmetrics/unihei;
+uniheisl2e.tfm;fonts/tfm/zhmetrics/unihei;
+unilislca.tfm;fonts/tfm/zhmetrics/unili;
+gbksongsl79.tfm;fonts/tfm/zhmetrics/gbksong;
+uniheidc.tfm;fonts/tfm/zhmetrics/unihei;
+uniheisl2d.tfm;fonts/tfm/zhmetrics/unihei;
+gbksongsl82.tfm;fonts/tfm/zhmetrics/gbksong;
+gbksongsl83.tfm;fonts/tfm/zhmetrics/gbksong;
+gbksongsl84.tfm;fonts/tfm/zhmetrics/gbksong;
+gbksongsl85.tfm;fonts/tfm/zhmetrics/gbksong;
+gbksongsl86.tfm;fonts/tfm/zhmetrics/gbksong;
+gbksongsl87.tfm;fonts/tfm/zhmetrics/gbksong;
+gbksongsl92.tfm;fonts/tfm/zhmetrics/gbksong;
+gbksongsl93.tfm;fonts/tfm/zhmetrics/gbksong;
+uniheisl8f.tfm;fonts/tfm/zhmetrics/unihei;
+gbksongsl94.tfm;fonts/tfm/zhmetrics/gbksong;
+uniheisl8a.tfm;fonts/tfm/zhmetrics/unihei;
+gbkyou02.tfm;fonts/tfm/zhmetrics/gbkyou;
+unisong06.tfm;fonts/tfm/zhmetrics/unisong;
+unikaisl25.tfm;fonts/tfm/zhmetrics/unikai;
+gbkyou03.tfm;fonts/tfm/zhmetrics/gbkyou;
+unisong07.tfm;fonts/tfm/zhmetrics/unisong;
+unikaisl24.tfm;fonts/tfm/zhmetrics/unikai;
+gbkyou04.tfm;fonts/tfm/zhmetrics/gbkyou;
+unisong00.tfm;fonts/tfm/zhmetrics/unisong;
+unikaisl23.tfm;fonts/tfm/zhmetrics/unikai;
+gbkyou05.tfm;fonts/tfm/zhmetrics/gbkyou;
+unisong01.tfm;fonts/tfm/zhmetrics/unisong;
+unikaisl22.tfm;fonts/tfm/zhmetrics/unikai;
+gbkyou06.tfm;fonts/tfm/zhmetrics/gbkyou;
+unisong02.tfm;fonts/tfm/zhmetrics/unisong;
+unikaisl21.tfm;fonts/tfm/zhmetrics/unikai;
+gbkyou07.tfm;fonts/tfm/zhmetrics/gbkyou;
+unisong03.tfm;fonts/tfm/zhmetrics/unisong;
+unikaisl20.tfm;fonts/tfm/zhmetrics/unikai;
+gbkyou12.tfm;fonts/tfm/zhmetrics/gbkyou;
+unisong16.tfm;fonts/tfm/zhmetrics/unisong;
+unikaisl53.tfm;fonts/tfm/zhmetrics/unikai;
+gbkyou13.tfm;fonts/tfm/zhmetrics/gbkyou;
+unisong17.tfm;fonts/tfm/zhmetrics/unisong;
+unifssl9f.tfm;fonts/tfm/zhmetrics/unifs;
+unikaisl52.tfm;fonts/tfm/zhmetrics/unikai;
+gbkyou14.tfm;fonts/tfm/zhmetrics/gbkyou;
+unisong10.tfm;fonts/tfm/zhmetrics/unisong;
+unifssl9a.tfm;fonts/tfm/zhmetrics/unifs;
+unikaisl55.tfm;fonts/tfm/zhmetrics/unikai;
+gbkyou15.tfm;fonts/tfm/zhmetrics/gbkyou;
+unisong11.tfm;fonts/tfm/zhmetrics/unisong;
+unikaisl54.tfm;fonts/tfm/zhmetrics/unikai;
+gbkyou16.tfm;fonts/tfm/zhmetrics/gbkyou;
+unisong12.tfm;fonts/tfm/zhmetrics/unisong;
+unifssl9c.tfm;fonts/tfm/zhmetrics/unifs;
+unikaisl57.tfm;fonts/tfm/zhmetrics/unikai;
+gbkyou17.tfm;fonts/tfm/zhmetrics/gbkyou;
+unisong13.tfm;fonts/tfm/zhmetrics/unisong;
+unifssl9b.tfm;fonts/tfm/zhmetrics/unifs;
+unikaisl56.tfm;fonts/tfm/zhmetrics/unikai;
+gbkyou22.tfm;fonts/tfm/zhmetrics/gbkyou;
+unisong26.tfm;fonts/tfm/zhmetrics/unisong;
+unikaisl01.tfm;fonts/tfm/zhmetrics/unikai;
+gbkyou23.tfm;fonts/tfm/zhmetrics/gbkyou;
+unisong27.tfm;fonts/tfm/zhmetrics/unisong;
+unikaisl00.tfm;fonts/tfm/zhmetrics/unikai;
+gbkyou24.tfm;fonts/tfm/zhmetrics/gbkyou;
+unisong20.tfm;fonts/tfm/zhmetrics/unisong;
+unikaisl07.tfm;fonts/tfm/zhmetrics/unikai;
+gbkyou25.tfm;fonts/tfm/zhmetrics/gbkyou;
+unisong21.tfm;fonts/tfm/zhmetrics/unisong;
+unikaisl06.tfm;fonts/tfm/zhmetrics/unikai;
+unilislda.tfm;fonts/tfm/zhmetrics/unili;
+gbkyousl38.tfm;fonts/tfm/zhmetrics/gbkyou;
+uniheisl7f.tfm;fonts/tfm/zhmetrics/unihei;
+gbkyou26.tfm;fonts/tfm/zhmetrics/gbkyou;
+unisong22.tfm;fonts/tfm/zhmetrics/unisong;
+unikaisl05.tfm;fonts/tfm/zhmetrics/unikai;
+gbkyousl39.tfm;fonts/tfm/zhmetrics/gbkyou;
+gbkyou27.tfm;fonts/tfm/zhmetrics/gbkyou;
+unisong23.tfm;fonts/tfm/zhmetrics/unisong;
+unikaisl04.tfm;fonts/tfm/zhmetrics/unikai;
+uniheisl3a.tfm;fonts/tfm/zhmetrics/unihei;
+unikaisl33.tfm;fonts/tfm/zhmetrics/unikai;
+gbkyou32.tfm;fonts/tfm/zhmetrics/gbkyou;
+unikaisl32.tfm;fonts/tfm/zhmetrics/unikai;
+gbkyou33.tfm;fonts/tfm/zhmetrics/gbkyou;
+uniheisl3e.tfm;fonts/tfm/zhmetrics/unihei;
+unikaisl37.tfm;fonts/tfm/zhmetrics/unikai;
+gbkyou36.tfm;fonts/tfm/zhmetrics/gbkyou;
+uniheisl3d.tfm;fonts/tfm/zhmetrics/unihei;
+unikaisl36.tfm;fonts/tfm/zhmetrics/unikai;
+gbkyou37.tfm;fonts/tfm/zhmetrics/gbkyou;
+unikaisl15.tfm;fonts/tfm/zhmetrics/unikai;
+gbkyou54.tfm;fonts/tfm/zhmetrics/gbkyou;
+unikaisl14.tfm;fonts/tfm/zhmetrics/unikai;
+gbkyou55.tfm;fonts/tfm/zhmetrics/gbkyou;
+unikaisl16.tfm;fonts/tfm/zhmetrics/unikai;
+gbkyou57.tfm;fonts/tfm/zhmetrics/gbkyou;
+gbkyou62.tfm;fonts/tfm/zhmetrics/gbkyou;
+gbkyou63.tfm;fonts/tfm/zhmetrics/gbkyou;
+gbkyou72.tfm;fonts/tfm/zhmetrics/gbkyou;
+unifsslea.tfm;fonts/tfm/zhmetrics/unifs;
+gbkyou73.tfm;fonts/tfm/zhmetrics/gbkyou;
+gbkyou74.tfm;fonts/tfm/zhmetrics/gbkyou;
+gbkyou75.tfm;fonts/tfm/zhmetrics/gbkyou;
+unifsslef.tfm;fonts/tfm/zhmetrics/unifs;
+gbkyou76.tfm;fonts/tfm/zhmetrics/gbkyou;
+unifsslee.tfm;fonts/tfm/zhmetrics/unifs;
+gbkyou77.tfm;fonts/tfm/zhmetrics/gbkyou;
+unifssled.tfm;fonts/tfm/zhmetrics/unifs;
+gbkyou80.tfm;fonts/tfm/zhmetrics/gbkyou;
+unikaie7.tfm;fonts/tfm/zhmetrics/unikai;
+gbkyou81.tfm;fonts/tfm/zhmetrics/gbkyou;
+unikaie6.tfm;fonts/tfm/zhmetrics/unikai;
+gbkyou82.tfm;fonts/tfm/zhmetrics/gbkyou;
+unikaie5.tfm;fonts/tfm/zhmetrics/unikai;
+gbkyou83.tfm;fonts/tfm/zhmetrics/gbkyou;
+unikaie4.tfm;fonts/tfm/zhmetrics/unikai;
+gbkyou84.tfm;fonts/tfm/zhmetrics/gbkyou;
+unikaie3.tfm;fonts/tfm/zhmetrics/unikai;
+gbkyou85.tfm;fonts/tfm/zhmetrics/gbkyou;
+unikaie2.tfm;fonts/tfm/zhmetrics/unikai;
+gbkyou86.tfm;fonts/tfm/zhmetrics/gbkyou;
+unikaie1.tfm;fonts/tfm/zhmetrics/unikai;
+gbkyou87.tfm;fonts/tfm/zhmetrics/gbkyou;
+unikaie0.tfm;fonts/tfm/zhmetrics/unikai;
+c19zhfs.fd;tex/latex/zhmetrics;
+gbkyou88.tfm;fonts/tfm/zhmetrics/gbkyou;
+gbkyou89.tfm;fonts/tfm/zhmetrics/gbkyou;
+gbkyou90.tfm;fonts/tfm/zhmetrics/gbkyou;
+unikaib1.tfm;fonts/tfm/zhmetrics/unikai;
+gbkyou91.tfm;fonts/tfm/zhmetrics/gbkyou;
+unikaib0.tfm;fonts/tfm/zhmetrics/unikai;
+gbkyou92.tfm;fonts/tfm/zhmetrics/gbkyou;
+unikaib3.tfm;fonts/tfm/zhmetrics/unikai;
+gbkyou93.tfm;fonts/tfm/zhmetrics/gbkyou;
+unikaib2.tfm;fonts/tfm/zhmetrics/unikai;
+gbkyou94.tfm;fonts/tfm/zhmetrics/gbkyou;
+unikaib5.tfm;fonts/tfm/zhmetrics/unikai;
+gbkyousl02.tfm;fonts/tfm/zhmetrics/gbkyou;
+gbkyousl03.tfm;fonts/tfm/zhmetrics/gbkyou;
+gbkyousl04.tfm;fonts/tfm/zhmetrics/gbkyou;
+gbkyousl05.tfm;fonts/tfm/zhmetrics/gbkyou;
+gbkyousl06.tfm;fonts/tfm/zhmetrics/gbkyou;
+gbkyousl07.tfm;fonts/tfm/zhmetrics/gbkyou;
+unifssl07.tfm;fonts/tfm/zhmetrics/unifs;
+gbkyousl10.tfm;fonts/tfm/zhmetrics/gbkyou;
+unifssl06.tfm;fonts/tfm/zhmetrics/unifs;
+gbkyousl11.tfm;fonts/tfm/zhmetrics/gbkyou;
+unifssl05.tfm;fonts/tfm/zhmetrics/unifs;
+gbkyousl12.tfm;fonts/tfm/zhmetrics/gbkyou;
+unifssl04.tfm;fonts/tfm/zhmetrics/unifs;
+gbkyousl13.tfm;fonts/tfm/zhmetrics/gbkyou;
+unifssl03.tfm;fonts/tfm/zhmetrics/unifs;
+gbkyousl14.tfm;fonts/tfm/zhmetrics/gbkyou;
+unifssl02.tfm;fonts/tfm/zhmetrics/unifs;
+gbkyousl15.tfm;fonts/tfm/zhmetrics/gbkyou;
+unifssl01.tfm;fonts/tfm/zhmetrics/unifs;
+gbkyousl16.tfm;fonts/tfm/zhmetrics/gbkyou;
+unifssl00.tfm;fonts/tfm/zhmetrics/unifs;
+gbkyousl17.tfm;fonts/tfm/zhmetrics/gbkyou;
+gbkyousl18.tfm;fonts/tfm/zhmetrics/gbkyou;
+gbkyousl19.tfm;fonts/tfm/zhmetrics/gbkyou;
+unifssl55.tfm;fonts/tfm/zhmetrics/unifs;
+uniheislca.tfm;fonts/tfm/zhmetrics/unihei;
+gbkyousl20.tfm;fonts/tfm/zhmetrics/gbkyou;
+unifssl54.tfm;fonts/tfm/zhmetrics/unifs;
+gbkyousl21.tfm;fonts/tfm/zhmetrics/gbkyou;
+unifssl51.tfm;fonts/tfm/zhmetrics/unifs;
+uniheislce.tfm;fonts/tfm/zhmetrics/unihei;
+gbkyousl24.tfm;fonts/tfm/zhmetrics/gbkyou;
+unifssl50.tfm;fonts/tfm/zhmetrics/unifs;
+uniheislcd.tfm;fonts/tfm/zhmetrics/unihei;
+gbkyousl25.tfm;fonts/tfm/zhmetrics/gbkyou;
+unifssl53.tfm;fonts/tfm/zhmetrics/unifs;
+gbkyousl26.tfm;fonts/tfm/zhmetrics/gbkyou;
+unifssl52.tfm;fonts/tfm/zhmetrics/unifs;
+uniheislcf.tfm;fonts/tfm/zhmetrics/unihei;
+gbkyousl27.tfm;fonts/tfm/zhmetrics/gbkyou;
+unilisl3f.tfm;fonts/tfm/zhmetrics/unili;
+gbkyousl50.tfm;fonts/tfm/zhmetrics/gbkyou;
+unihei4d.tfm;fonts/tfm/zhmetrics/unihei;
+gbkyousl51.tfm;fonts/tfm/zhmetrics/gbkyou;
+unihei4e.tfm;fonts/tfm/zhmetrics/unihei;
+unilisl3b.tfm;fonts/tfm/zhmetrics/unili;
+gbkyousl54.tfm;fonts/tfm/zhmetrics/gbkyou;
+unilisl3c.tfm;fonts/tfm/zhmetrics/unili;
+gbkyousl55.tfm;fonts/tfm/zhmetrics/gbkyou;
+unihei4a.tfm;fonts/tfm/zhmetrics/unihei;
+gbkyousl56.tfm;fonts/tfm/zhmetrics/gbkyou;
+unihei4b.tfm;fonts/tfm/zhmetrics/unihei;
+unifssl49.tfm;fonts/tfm/zhmetrics/unifs;
+unifssl48.tfm;fonts/tfm/zhmetrics/unifs;
+unilisl3a.tfm;fonts/tfm/zhmetrics/unili;
+gbkyousl57.tfm;fonts/tfm/zhmetrics/gbkyou;
+unihei4c.tfm;fonts/tfm/zhmetrics/unihei;
+gbkyousl70.tfm;fonts/tfm/zhmetrics/gbkyou;
+unihei6d.tfm;fonts/tfm/zhmetrics/unihei;
+unifssl63.tfm;fonts/tfm/zhmetrics/unifs;
+gbkyousl71.tfm;fonts/tfm/zhmetrics/gbkyou;
+unihei6e.tfm;fonts/tfm/zhmetrics/unihei;
+unifssl62.tfm;fonts/tfm/zhmetrics/unifs;
+gbkyousl72.tfm;fonts/tfm/zhmetrics/gbkyou;
+unihei6f.tfm;fonts/tfm/zhmetrics/unihei;
+unifssl61.tfm;fonts/tfm/zhmetrics/unifs;
+unifssl60.tfm;fonts/tfm/zhmetrics/unifs;
+gbkyousl73.tfm;fonts/tfm/zhmetrics/gbkyou;
+unifssl67.tfm;fonts/tfm/zhmetrics/unifs;
+gbkyousl74.tfm;fonts/tfm/zhmetrics/gbkyou;
+gbkyousl75.tfm;fonts/tfm/zhmetrics/gbkyou;
+unihei6a.tfm;fonts/tfm/zhmetrics/unihei;
+unifssl66.tfm;fonts/tfm/zhmetrics/unifs;
+gbkyousl80.tfm;fonts/tfm/zhmetrics/gbkyou;
+gbkyousl81.tfm;fonts/tfm/zhmetrics/gbkyou;
+gbkyousl84.tfm;fonts/tfm/zhmetrics/gbkyou;
+gbkyousl85.tfm;fonts/tfm/zhmetrics/gbkyou;
+gbkyousl86.tfm;fonts/tfm/zhmetrics/gbkyou;
+gbkyousl87.tfm;fonts/tfm/zhmetrics/gbkyou;
+unifsf2.tfm;fonts/tfm/zhmetrics/unifs;
+unifssl85.tfm;fonts/tfm/zhmetrics/unifs;
+gbkyousl92.tfm;fonts/tfm/zhmetrics/gbkyou;
+unifsf3.tfm;fonts/tfm/zhmetrics/unifs;
+unifssl84.tfm;fonts/tfm/zhmetrics/unifs;
+gbkyousl93.tfm;fonts/tfm/zhmetrics/gbkyou;
+unilia3.tfm;fonts/tfm/zhmetrics/unili;
+unisongslb3.tfm;fonts/tfm/zhmetrics/unisong;
+unifs00.tfm;fonts/tfm/zhmetrics/unifs;
+unilia2.tfm;fonts/tfm/zhmetrics/unili;
+unisongslb2.tfm;fonts/tfm/zhmetrics/unisong;
+unifs01.tfm;fonts/tfm/zhmetrics/unifs;
+unilia1.tfm;fonts/tfm/zhmetrics/unili;
+unisongslb1.tfm;fonts/tfm/zhmetrics/unisong;
+unifs02.tfm;fonts/tfm/zhmetrics/unifs;
+unilia0.tfm;fonts/tfm/zhmetrics/unili;
+unisongslb0.tfm;fonts/tfm/zhmetrics/unisong;
+unifs03.tfm;fonts/tfm/zhmetrics/unifs;
+unilia7.tfm;fonts/tfm/zhmetrics/unili;
+unisongslb7.tfm;fonts/tfm/zhmetrics/unisong;
+unifs04.tfm;fonts/tfm/zhmetrics/unifs;
+unilia6.tfm;fonts/tfm/zhmetrics/unili;
+unisongslb6.tfm;fonts/tfm/zhmetrics/unisong;
+unifs05.tfm;fonts/tfm/zhmetrics/unifs;
+unilia5.tfm;fonts/tfm/zhmetrics/unili;
+unisongslb5.tfm;fonts/tfm/zhmetrics/unisong;
+unifs06.tfm;fonts/tfm/zhmetrics/unifs;
+unilia4.tfm;fonts/tfm/zhmetrics/unili;
+unisongslb4.tfm;fonts/tfm/zhmetrics/unisong;
+unifs07.tfm;fonts/tfm/zhmetrics/unifs;
+unifs08.tfm;fonts/tfm/zhmetrics/unifs;
+unilisl0a.tfm;fonts/tfm/zhmetrics/unili;
+unifs09.tfm;fonts/tfm/zhmetrics/unifs;
+unisongslbb.tfm;fonts/tfm/zhmetrics/unisong;
+unifs0a.tfm;fonts/tfm/zhmetrics/unifs;
+unilisl08.tfm;fonts/tfm/zhmetrics/unili;
+uniliab.tfm;fonts/tfm/zhmetrics/unili;
+unifs0d.tfm;fonts/tfm/zhmetrics/unifs;
+uniliaf.tfm;fonts/tfm/zhmetrics/unili;
+unisongslbf.tfm;fonts/tfm/zhmetrics/unisong;
+unifs0e.tfm;fonts/tfm/zhmetrics/unifs;
+uniliae.tfm;fonts/tfm/zhmetrics/unili;
+unisongslbe.tfm;fonts/tfm/zhmetrics/unisong;
+unifs0f.tfm;fonts/tfm/zhmetrics/unifs;
+unifs20.tfm;fonts/tfm/zhmetrics/unifs;
+unifs21.tfm;fonts/tfm/zhmetrics/unifs;
+unifs22.tfm;fonts/tfm/zhmetrics/unifs;
+unikai79.tfm;fonts/tfm/zhmetrics/unikai;
+unifs23.tfm;fonts/tfm/zhmetrics/unifs;
+unikai78.tfm;fonts/tfm/zhmetrics/unikai;
+unifs24.tfm;fonts/tfm/zhmetrics/unifs;
+unifs25.tfm;fonts/tfm/zhmetrics/unifs;
+unifs26.tfm;fonts/tfm/zhmetrics/unifs;
+unifs27.tfm;fonts/tfm/zhmetrics/unifs;
+unifs28.tfm;fonts/tfm/zhmetrics/unifs;
+unikai73.tfm;fonts/tfm/zhmetrics/unikai;
+unifs29.tfm;fonts/tfm/zhmetrics/unifs;
+unikai72.tfm;fonts/tfm/zhmetrics/unikai;
+unisongslc5.tfm;fonts/tfm/zhmetrics/unisong;
+unifs30.tfm;fonts/tfm/zhmetrics/unifs;
+unisongslc2.tfm;fonts/tfm/zhmetrics/unisong;
+unifs37.tfm;fonts/tfm/zhmetrics/unifs;
+unifs38.tfm;fonts/tfm/zhmetrics/unifs;
+unifs39.tfm;fonts/tfm/zhmetrics/unifs;
+unilie3.tfm;fonts/tfm/zhmetrics/unili;
+unisongslf3.tfm;fonts/tfm/zhmetrics/unisong;
+unifs40.tfm;fonts/tfm/zhmetrics/unifs;
+unilie2.tfm;fonts/tfm/zhmetrics/unili;
+unisongslf2.tfm;fonts/tfm/zhmetrics/unisong;
+unifs41.tfm;fonts/tfm/zhmetrics/unifs;
+unilie1.tfm;fonts/tfm/zhmetrics/unili;
+unisongslf1.tfm;fonts/tfm/zhmetrics/unisong;
+unifs42.tfm;fonts/tfm/zhmetrics/unifs;
+unilie0.tfm;fonts/tfm/zhmetrics/unili;
+unisongslf0.tfm;fonts/tfm/zhmetrics/unisong;
+unifs43.tfm;fonts/tfm/zhmetrics/unifs;
+unilie7.tfm;fonts/tfm/zhmetrics/unili;
+unisongslf7.tfm;fonts/tfm/zhmetrics/unisong;
+unifs44.tfm;fonts/tfm/zhmetrics/unifs;
+unilie6.tfm;fonts/tfm/zhmetrics/unili;
+unisongslf6.tfm;fonts/tfm/zhmetrics/unisong;
+unifs45.tfm;fonts/tfm/zhmetrics/unifs;
+unilie5.tfm;fonts/tfm/zhmetrics/unili;
+unisongslf5.tfm;fonts/tfm/zhmetrics/unisong;
+unifs46.tfm;fonts/tfm/zhmetrics/unifs;
+unilie4.tfm;fonts/tfm/zhmetrics/unili;
+unisongslf4.tfm;fonts/tfm/zhmetrics/unisong;
+unifs47.tfm;fonts/tfm/zhmetrics/unifs;
+unifs48.tfm;fonts/tfm/zhmetrics/unifs;
+unifs49.tfm;fonts/tfm/zhmetrics/unifs;
+c70kai.fd;tex/latex/zhmetrics;
+unilib5.tfm;fonts/tfm/zhmetrics/unili;
+unisongsla5.tfm;fonts/tfm/zhmetrics/unisong;
+unifs50.tfm;fonts/tfm/zhmetrics/unifs;
+unikai69.tfm;fonts/tfm/zhmetrics/unikai;
+unilib4.tfm;fonts/tfm/zhmetrics/unili;
+unisongsla4.tfm;fonts/tfm/zhmetrics/unisong;
+unifs51.tfm;fonts/tfm/zhmetrics/unifs;
+unikai68.tfm;fonts/tfm/zhmetrics/unikai;
+unilib7.tfm;fonts/tfm/zhmetrics/unili;
+unisongsla7.tfm;fonts/tfm/zhmetrics/unisong;
+unifs52.tfm;fonts/tfm/zhmetrics/unifs;
+unilib6.tfm;fonts/tfm/zhmetrics/unili;
+unisongsla6.tfm;fonts/tfm/zhmetrics/unisong;
+unifs53.tfm;fonts/tfm/zhmetrics/unifs;
+unilib1.tfm;fonts/tfm/zhmetrics/unili;
+unisongsla1.tfm;fonts/tfm/zhmetrics/unisong;
+unifs54.tfm;fonts/tfm/zhmetrics/unifs;
+unilib0.tfm;fonts/tfm/zhmetrics/unili;
+unisongsla0.tfm;fonts/tfm/zhmetrics/unisong;
+unifs55.tfm;fonts/tfm/zhmetrics/unifs;
+unilib3.tfm;fonts/tfm/zhmetrics/unili;
+unisongsla3.tfm;fonts/tfm/zhmetrics/unisong;
+unifs56.tfm;fonts/tfm/zhmetrics/unifs;
+unilib2.tfm;fonts/tfm/zhmetrics/unili;
+unisongsla2.tfm;fonts/tfm/zhmetrics/unisong;
+unifs57.tfm;fonts/tfm/zhmetrics/unifs;
+unifs58.tfm;fonts/tfm/zhmetrics/unifs;
+unikai61.tfm;fonts/tfm/zhmetrics/unikai;
+unili3b.tfm;fonts/tfm/zhmetrics/unili;
+unilibd.tfm;fonts/tfm/zhmetrics/unili;
+unisongslad.tfm;fonts/tfm/zhmetrics/unisong;
+unifs5a.tfm;fonts/tfm/zhmetrics/unifs;
+unifs5b.tfm;fonts/tfm/zhmetrics/unifs;
+unili38.tfm;fonts/tfm/zhmetrics/unili;
+unisongsl09.tfm;fonts/tfm/zhmetrics/unisong;
+unilibf.tfm;fonts/tfm/zhmetrics/unili;
+unisongslaf.tfm;fonts/tfm/zhmetrics/unisong;
+unifs5c.tfm;fonts/tfm/zhmetrics/unifs;
+unili39.tfm;fonts/tfm/zhmetrics/unili;
+uniliba.tfm;fonts/tfm/zhmetrics/unili;
+unisongslaa.tfm;fonts/tfm/zhmetrics/unisong;
+unifs5d.tfm;fonts/tfm/zhmetrics/unifs;
+unifs5e.tfm;fonts/tfm/zhmetrics/unifs;
+unisongsld5.tfm;fonts/tfm/zhmetrics/unisong;
+unifs62.tfm;fonts/tfm/zhmetrics/unifs;
+unisongsld2.tfm;fonts/tfm/zhmetrics/unisong;
+unifs65.tfm;fonts/tfm/zhmetrics/unifs;
+unifs68.tfm;fonts/tfm/zhmetrics/unifs;
+unifs69.tfm;fonts/tfm/zhmetrics/unifs;
+unifs70.tfm;fonts/tfm/zhmetrics/unifs;
+unifs71.tfm;fonts/tfm/zhmetrics/unifs;
+unifs72.tfm;fonts/tfm/zhmetrics/unifs;
+unifs73.tfm;fonts/tfm/zhmetrics/unifs;
+unilid9.tfm;fonts/tfm/zhmetrics/unili;
+unifs74.tfm;fonts/tfm/zhmetrics/unifs;
+unilid8.tfm;fonts/tfm/zhmetrics/unili;
+unifs75.tfm;fonts/tfm/zhmetrics/unifs;
+unifs76.tfm;fonts/tfm/zhmetrics/unifs;
+unifs77.tfm;fonts/tfm/zhmetrics/unifs;
+unilid5.tfm;fonts/tfm/zhmetrics/unili;
+unifs78.tfm;fonts/tfm/zhmetrics/unifs;
+unilid4.tfm;fonts/tfm/zhmetrics/unili;
+unifs79.tfm;fonts/tfm/zhmetrics/unifs;
+unifs7a.tfm;fonts/tfm/zhmetrics/unifs;
+unifs7b.tfm;fonts/tfm/zhmetrics/unifs;
+unifs7c.tfm;fonts/tfm/zhmetrics/unifs;
+unifs7d.tfm;fonts/tfm/zhmetrics/unifs;
+unifs7e.tfm;fonts/tfm/zhmetrics/unifs;
+unifs7f.tfm;fonts/tfm/zhmetrics/unifs;
+unifs8a.tfm;fonts/tfm/zhmetrics/unifs;
+uniheif5.tfm;fonts/tfm/zhmetrics/unihei;
+uniheisl06.tfm;fonts/tfm/zhmetrics/unihei;
+unilisle8.tfm;fonts/tfm/zhmetrics/unili;
+unifs8b.tfm;fonts/tfm/zhmetrics/unifs;
+uniheif6.tfm;fonts/tfm/zhmetrics/unihei;
+uniheisl05.tfm;fonts/tfm/zhmetrics/unihei;
+unilisle9.tfm;fonts/tfm/zhmetrics/unili;
+unifs8c.tfm;fonts/tfm/zhmetrics/unifs;
+uniheif7.tfm;fonts/tfm/zhmetrics/unihei;
+uniheisl04.tfm;fonts/tfm/zhmetrics/unihei;
+unifs8d.tfm;fonts/tfm/zhmetrics/unifs;
+uniheif0.tfm;fonts/tfm/zhmetrics/unihei;
+uniheisl03.tfm;fonts/tfm/zhmetrics/unihei;
+unifs8e.tfm;fonts/tfm/zhmetrics/unifs;
+uniheif1.tfm;fonts/tfm/zhmetrics/unihei;
+uniheisl02.tfm;fonts/tfm/zhmetrics/unihei;
+unifs8f.tfm;fonts/tfm/zhmetrics/unifs;
+uniheif2.tfm;fonts/tfm/zhmetrics/unihei;
+uniheisl01.tfm;fonts/tfm/zhmetrics/unihei;
+unifs90.tfm;fonts/tfm/zhmetrics/unifs;
+unisongbe.tfm;fonts/tfm/zhmetrics/unisong;
+unifs91.tfm;fonts/tfm/zhmetrics/unifs;
+unisongbd.tfm;fonts/tfm/zhmetrics/unisong;
+unifs94.tfm;fonts/tfm/zhmetrics/unifs;
+unisongba.tfm;fonts/tfm/zhmetrics/unisong;
+unifs95.tfm;fonts/tfm/zhmetrics/unifs;
+unifs96.tfm;fonts/tfm/zhmetrics/unifs;
+unisongbc.tfm;fonts/tfm/zhmetrics/unisong;
+unifs97.tfm;fonts/tfm/zhmetrics/unifs;
+unisongbb.tfm;fonts/tfm/zhmetrics/unisong;
+unifs9b.tfm;fonts/tfm/zhmetrics/unifs;
+unisongb7.tfm;fonts/tfm/zhmetrics/unisong;
+unifs9c.tfm;fonts/tfm/zhmetrics/unifs;
+unisongb6.tfm;fonts/tfm/zhmetrics/unisong;
+unifsa0.tfm;fonts/tfm/zhmetrics/unifs;
+unifsa1.tfm;fonts/tfm/zhmetrics/unifs;
+unifsa4.tfm;fonts/tfm/zhmetrics/unifs;
+unifssl19.tfm;fonts/tfm/zhmetrics/unifs;
+unifsa5.tfm;fonts/tfm/zhmetrics/unifs;
+unifssl18.tfm;fonts/tfm/zhmetrics/unifs;
+unifsa6.tfm;fonts/tfm/zhmetrics/unifs;
+unifsa7.tfm;fonts/tfm/zhmetrics/unifs;
+unifsb0.tfm;fonts/tfm/zhmetrics/unifs;
+unikai9a.tfm;fonts/tfm/zhmetrics/unikai;
+unifsb1.tfm;fonts/tfm/zhmetrics/unifs;
+unifsb2.tfm;fonts/tfm/zhmetrics/unifs;
+unikai9c.tfm;fonts/tfm/zhmetrics/unikai;
+unifsb3.tfm;fonts/tfm/zhmetrics/unifs;
+unikai9b.tfm;fonts/tfm/zhmetrics/unikai;
+unifsb4.tfm;fonts/tfm/zhmetrics/unifs;
+unikai9e.tfm;fonts/tfm/zhmetrics/unikai;
+unifsb5.tfm;fonts/tfm/zhmetrics/unifs;
+unikai9d.tfm;fonts/tfm/zhmetrics/unikai;
+unifsb6.tfm;fonts/tfm/zhmetrics/unifs;
+unifsb7.tfm;fonts/tfm/zhmetrics/unifs;
+unikai9f.tfm;fonts/tfm/zhmetrics/unikai;
+unifsb8.tfm;fonts/tfm/zhmetrics/unifs;
+unifsb9.tfm;fonts/tfm/zhmetrics/unifs;
+unifsc0.tfm;fonts/tfm/zhmetrics/unifs;
+unifsc1.tfm;fonts/tfm/zhmetrics/unifs;
+unifsc2.tfm;fonts/tfm/zhmetrics/unifs;
+unifsc3.tfm;fonts/tfm/zhmetrics/unifs;
+unifsc4.tfm;fonts/tfm/zhmetrics/unifs;
+unifsc5.tfm;fonts/tfm/zhmetrics/unifs;
+unifsc6.tfm;fonts/tfm/zhmetrics/unifs;
+unifsc7.tfm;fonts/tfm/zhmetrics/unifs;
+unifsc8.tfm;fonts/tfm/zhmetrics/unifs;
+unilislac.tfm;fonts/tfm/zhmetrics/unili;
+unifsc9.tfm;fonts/tfm/zhmetrics/unifs;
+unilislab.tfm;fonts/tfm/zhmetrics/unili;
+unifsd0.tfm;fonts/tfm/zhmetrics/unifs;
+unifsd1.tfm;fonts/tfm/zhmetrics/unifs;
+unifsd2.tfm;fonts/tfm/zhmetrics/unifs;
+unifsd3.tfm;fonts/tfm/zhmetrics/unifs;
+unifsd4.tfm;fonts/tfm/zhmetrics/unifs;
+unifsd5.tfm;fonts/tfm/zhmetrics/unifs;
+unifsd6.tfm;fonts/tfm/zhmetrics/unifs;
+c70li.fd;tex/latex/zhmetrics;
+unifsd7.tfm;fonts/tfm/zhmetrics/unifs;
+unifsd8.tfm;fonts/tfm/zhmetrics/unifs;
+unilisl9b.tfm;fonts/tfm/zhmetrics/unili;
+unifsd9.tfm;fonts/tfm/zhmetrics/unifs;
+unilisl9c.tfm;fonts/tfm/zhmetrics/unili;
+unifsda.tfm;fonts/tfm/zhmetrics/unifs;
+unifsdb.tfm;fonts/tfm/zhmetrics/unifs;
+unilisl98.tfm;fonts/tfm/zhmetrics/unili;
+unifsdc.tfm;fonts/tfm/zhmetrics/unifs;
+unilisl99.tfm;fonts/tfm/zhmetrics/unili;
+unifsdf.tfm;fonts/tfm/zhmetrics/unifs;
+unifse0.tfm;fonts/tfm/zhmetrics/unifs;
+unifse1.tfm;fonts/tfm/zhmetrics/unifs;
+unifse2.tfm;fonts/tfm/zhmetrics/unifs;
+unifse3.tfm;fonts/tfm/zhmetrics/unifs;
+unifse4.tfm;fonts/tfm/zhmetrics/unifs;
+unifse5.tfm;fonts/tfm/zhmetrics/unifs;
+unifse6.tfm;fonts/tfm/zhmetrics/unifs;
+unifse7.tfm;fonts/tfm/zhmetrics/unifs;
+unifsea.tfm;fonts/tfm/zhmetrics/unifs;
+unifsed.tfm;fonts/tfm/zhmetrics/unifs;
+unifsee.tfm;fonts/tfm/zhmetrics/unifs;
+unifsef.tfm;fonts/tfm/zhmetrics/unifs;
+unifsf6.tfm;fonts/tfm/zhmetrics/unifs;
+unifssl81.tfm;fonts/tfm/zhmetrics/unifs;
+unifsf7.tfm;fonts/tfm/zhmetrics/unifs;
+unifssl80.tfm;fonts/tfm/zhmetrics/unifs;
+unifssl08.tfm;fonts/tfm/zhmetrics/unifs;
+unifssl09.tfm;fonts/tfm/zhmetrics/unifs;
+unifssl0a.tfm;fonts/tfm/zhmetrics/unifs;
+unifssl0b.tfm;fonts/tfm/zhmetrics/unifs;
+unifssl0c.tfm;fonts/tfm/zhmetrics/unifs;
+unifssl0d.tfm;fonts/tfm/zhmetrics/unifs;
+unifssl0e.tfm;fonts/tfm/zhmetrics/unifs;
+unifssl0f.tfm;fonts/tfm/zhmetrics/unifs;
+unifssl1b.tfm;fonts/tfm/zhmetrics/unifs;
+unifssl1c.tfm;fonts/tfm/zhmetrics/unifs;
+unifssl1d.tfm;fonts/tfm/zhmetrics/unifs;
+unifssl1e.tfm;fonts/tfm/zhmetrics/unifs;
+unifssl1f.tfm;fonts/tfm/zhmetrics/unifs;
+unifssl28.tfm;fonts/tfm/zhmetrics/unifs;
+unilisldb.tfm;fonts/tfm/zhmetrics/unili;
+uniheisl7e.tfm;fonts/tfm/zhmetrics/unihei;
+unifssl29.tfm;fonts/tfm/zhmetrics/unifs;
+unilisldc.tfm;fonts/tfm/zhmetrics/unili;
+uniheisl7d.tfm;fonts/tfm/zhmetrics/unihei;
+unifssl3b.tfm;fonts/tfm/zhmetrics/unifs;
+unifssl3c.tfm;fonts/tfm/zhmetrics/unifs;
+unifssl3d.tfm;fonts/tfm/zhmetrics/unifs;
+unifssl3e.tfm;fonts/tfm/zhmetrics/unifs;
+unifssl3f.tfm;fonts/tfm/zhmetrics/unifs;
+unifssl4a.tfm;fonts/tfm/zhmetrics/unifs;
+unilisl38.tfm;fonts/tfm/zhmetrics/unili;
+unihei49.tfm;fonts/tfm/zhmetrics/unihei;
+unifssl4b.tfm;fonts/tfm/zhmetrics/unifs;
+unihei48.tfm;fonts/tfm/zhmetrics/unihei;
+unifssl4c.tfm;fonts/tfm/zhmetrics/unifs;
+unifssl4d.tfm;fonts/tfm/zhmetrics/unifs;
+unifssl4e.tfm;fonts/tfm/zhmetrics/unifs;
+unifssl4f.tfm;fonts/tfm/zhmetrics/unifs;
+unifssl5b.tfm;fonts/tfm/zhmetrics/unifs;
+uniheislc6.tfm;fonts/tfm/zhmetrics/unihei;
+unifssl5c.tfm;fonts/tfm/zhmetrics/unifs;
+uniheislc7.tfm;fonts/tfm/zhmetrics/unihei;
+unifssl5d.tfm;fonts/tfm/zhmetrics/unifs;
+uniheislc0.tfm;fonts/tfm/zhmetrics/unihei;
+unifssl5e.tfm;fonts/tfm/zhmetrics/unifs;
+uniheislc1.tfm;fonts/tfm/zhmetrics/unihei;
+unifssl5f.tfm;fonts/tfm/zhmetrics/unifs;
+uniheislc2.tfm;fonts/tfm/zhmetrics/unihei;
+unifssl68.tfm;fonts/tfm/zhmetrics/unifs;
+unilisl5a.tfm;fonts/tfm/zhmetrics/unili;
+unifssl69.tfm;fonts/tfm/zhmetrics/unifs;
+unifssl6a.tfm;fonts/tfm/zhmetrics/unifs;
+unilisl58.tfm;fonts/tfm/zhmetrics/unili;
+unihei66.tfm;fonts/tfm/zhmetrics/unihei;
+unihei65.tfm;fonts/tfm/zhmetrics/unihei;
+unifssl6b.tfm;fonts/tfm/zhmetrics/unifs;
+unihei64.tfm;fonts/tfm/zhmetrics/unihei;
+unifssl6c.tfm;fonts/tfm/zhmetrics/unifs;
+unihei63.tfm;fonts/tfm/zhmetrics/unihei;
+unifssl6d.tfm;fonts/tfm/zhmetrics/unifs;
+unihei62.tfm;fonts/tfm/zhmetrics/unihei;
+unifssl6e.tfm;fonts/tfm/zhmetrics/unifs;
+unihei61.tfm;fonts/tfm/zhmetrics/unihei;
+c70zhli.fd;tex/latex/zhmetrics;
+unifssl6f.tfm;fonts/tfm/zhmetrics/unifs;
+unili7a.tfm;fonts/tfm/zhmetrics/unili;
+unisongsl4a.tfm;fonts/tfm/zhmetrics/unisong;
+unifssl78.tfm;fonts/tfm/zhmetrics/unifs;
+unifssl79.tfm;fonts/tfm/zhmetrics/unifs;
+unifssla0.tfm;fonts/tfm/zhmetrics/unifs;
+unifssla1.tfm;fonts/tfm/zhmetrics/unifs;
+unifssla2.tfm;fonts/tfm/zhmetrics/unifs;
+unikaic9.tfm;fonts/tfm/zhmetrics/unikai;
+unifssla3.tfm;fonts/tfm/zhmetrics/unifs;
+unikaic8.tfm;fonts/tfm/zhmetrics/unikai;
+unifssla6.tfm;fonts/tfm/zhmetrics/unifs;
+unifssla7.tfm;fonts/tfm/zhmetrics/unifs;
+unifsslaa.tfm;fonts/tfm/zhmetrics/unifs;
+unifsslab.tfm;fonts/tfm/zhmetrics/unifs;
+unifsslac.tfm;fonts/tfm/zhmetrics/unifs;
+unifsslad.tfm;fonts/tfm/zhmetrics/unifs;
+unifsslae.tfm;fonts/tfm/zhmetrics/unifs;
+unifsslaf.tfm;fonts/tfm/zhmetrics/unifs;
+unifsslb0.tfm;fonts/tfm/zhmetrics/unifs;
+unifsslb1.tfm;fonts/tfm/zhmetrics/unifs;
+unifsslb2.tfm;fonts/tfm/zhmetrics/unifs;
+unifsslb3.tfm;fonts/tfm/zhmetrics/unifs;
+unifsslb4.tfm;fonts/tfm/zhmetrics/unifs;
+unifsslb5.tfm;fonts/tfm/zhmetrics/unifs;
+unifsslb6.tfm;fonts/tfm/zhmetrics/unifs;
+unifsslb7.tfm;fonts/tfm/zhmetrics/unifs;
+unifsslb8.tfm;fonts/tfm/zhmetrics/unifs;
+unifsslb9.tfm;fonts/tfm/zhmetrics/unifs;
+unifsslba.tfm;fonts/tfm/zhmetrics/unifs;
+unifsslbb.tfm;fonts/tfm/zhmetrics/unifs;
+unifsslbc.tfm;fonts/tfm/zhmetrics/unifs;
+unifsslbd.tfm;fonts/tfm/zhmetrics/unifs;
+unifsslbe.tfm;fonts/tfm/zhmetrics/unifs;
+unifsslbf.tfm;fonts/tfm/zhmetrics/unifs;
+unifsslc0.tfm;fonts/tfm/zhmetrics/unifs;
+unili1f.tfm;fonts/tfm/zhmetrics/unili;
+unisongsl2f.tfm;fonts/tfm/zhmetrics/unisong;
+unifsslc1.tfm;fonts/tfm/zhmetrics/unifs;
+unili1e.tfm;fonts/tfm/zhmetrics/unili;
+unisongsl2e.tfm;fonts/tfm/zhmetrics/unisong;
+unifsslc2.tfm;fonts/tfm/zhmetrics/unifs;
+unili1d.tfm;fonts/tfm/zhmetrics/unili;
+unisongsl2d.tfm;fonts/tfm/zhmetrics/unisong;
+unifsslc3.tfm;fonts/tfm/zhmetrics/unifs;
+unili1c.tfm;fonts/tfm/zhmetrics/unili;
+unisongsl2c.tfm;fonts/tfm/zhmetrics/unisong;
+unifsslc4.tfm;fonts/tfm/zhmetrics/unifs;
+unili1b.tfm;fonts/tfm/zhmetrics/unili;
+unisongsl2b.tfm;fonts/tfm/zhmetrics/unisong;
+unifsslc5.tfm;fonts/tfm/zhmetrics/unifs;
+unili1a.tfm;fonts/tfm/zhmetrics/unili;
+unisongsl2a.tfm;fonts/tfm/zhmetrics/unisong;
+unifsslc6.tfm;fonts/tfm/zhmetrics/unifs;
+unifsslc7.tfm;fonts/tfm/zhmetrics/unifs;
+unili16.tfm;fonts/tfm/zhmetrics/unili;
+unisongsl26.tfm;fonts/tfm/zhmetrics/unisong;
+unifsslca.tfm;fonts/tfm/zhmetrics/unifs;
+unili13.tfm;fonts/tfm/zhmetrics/unili;
+unisongsl23.tfm;fonts/tfm/zhmetrics/unisong;
+unifsslcd.tfm;fonts/tfm/zhmetrics/unifs;
+unili12.tfm;fonts/tfm/zhmetrics/unili;
+unisongsl22.tfm;fonts/tfm/zhmetrics/unisong;
+unifsslce.tfm;fonts/tfm/zhmetrics/unifs;
+unili11.tfm;fonts/tfm/zhmetrics/unili;
+unisongsl21.tfm;fonts/tfm/zhmetrics/unisong;
+unifsslcf.tfm;fonts/tfm/zhmetrics/unifs;
+unifssld0.tfm;fonts/tfm/zhmetrics/unifs;
+unifssld1.tfm;fonts/tfm/zhmetrics/unifs;
+unifssld2.tfm;fonts/tfm/zhmetrics/unifs;
+unifssld3.tfm;fonts/tfm/zhmetrics/unifs;
+unifssld4.tfm;fonts/tfm/zhmetrics/unifs;
+unifssld5.tfm;fonts/tfm/zhmetrics/unifs;
+unifssld6.tfm;fonts/tfm/zhmetrics/unifs;
+unifssld7.tfm;fonts/tfm/zhmetrics/unifs;
+unilifc.tfm;fonts/tfm/zhmetrics/unili;
+unisongslec.tfm;fonts/tfm/zhmetrics/unisong;
+unifssld8.tfm;fonts/tfm/zhmetrics/unifs;
+unilifb.tfm;fonts/tfm/zhmetrics/unili;
+unisongsleb.tfm;fonts/tfm/zhmetrics/unisong;
+unifssld9.tfm;fonts/tfm/zhmetrics/unifs;
+unifsslda.tfm;fonts/tfm/zhmetrics/unifs;
+unilif9.tfm;fonts/tfm/zhmetrics/unili;
+unisongsle9.tfm;fonts/tfm/zhmetrics/unisong;
+unifssldb.tfm;fonts/tfm/zhmetrics/unifs;
+unilif8.tfm;fonts/tfm/zhmetrics/unili;
+unisongsle8.tfm;fonts/tfm/zhmetrics/unisong;
+unifssldc.tfm;fonts/tfm/zhmetrics/unifs;
+unifssldd.tfm;fonts/tfm/zhmetrics/unifs;
+unifsslde.tfm;fonts/tfm/zhmetrics/unifs;
+unifssldf.tfm;fonts/tfm/zhmetrics/unifs;
+unifssle0.tfm;fonts/tfm/zhmetrics/unifs;
+unifssle1.tfm;fonts/tfm/zhmetrics/unifs;
+unifssle2.tfm;fonts/tfm/zhmetrics/unifs;
+unifssle3.tfm;fonts/tfm/zhmetrics/unifs;
+unifssle4.tfm;fonts/tfm/zhmetrics/unifs;
+unifssle5.tfm;fonts/tfm/zhmetrics/unifs;
+unifssle6.tfm;fonts/tfm/zhmetrics/unifs;
+unifssle7.tfm;fonts/tfm/zhmetrics/unifs;
+unifssle8.tfm;fonts/tfm/zhmetrics/unifs;
+unifssle9.tfm;fonts/tfm/zhmetrics/unifs;
+unilisl4f.tfm;fonts/tfm/zhmetrics/unili;
+unifsslf0.tfm;fonts/tfm/zhmetrics/unifs;
+unihei7d.tfm;fonts/tfm/zhmetrics/unihei;
+unifsslf1.tfm;fonts/tfm/zhmetrics/unifs;
+unihei7e.tfm;fonts/tfm/zhmetrics/unihei;
+unilisl4d.tfm;fonts/tfm/zhmetrics/unili;
+unifsslf2.tfm;fonts/tfm/zhmetrics/unifs;
+unihei7f.tfm;fonts/tfm/zhmetrics/unihei;
+unilisl4e.tfm;fonts/tfm/zhmetrics/unili;
+unifsslf3.tfm;fonts/tfm/zhmetrics/unifs;
+unilisl4b.tfm;fonts/tfm/zhmetrics/unili;
+unifsslf4.tfm;fonts/tfm/zhmetrics/unifs;
+unilisl4c.tfm;fonts/tfm/zhmetrics/unili;
+unifsslf5.tfm;fonts/tfm/zhmetrics/unifs;
+unihei7a.tfm;fonts/tfm/zhmetrics/unihei;
+unifsslf6.tfm;fonts/tfm/zhmetrics/unifs;
+unihei7b.tfm;fonts/tfm/zhmetrics/unihei;
+unilisl4a.tfm;fonts/tfm/zhmetrics/unili;
+unifsslf7.tfm;fonts/tfm/zhmetrics/unifs;
+unihei7c.tfm;fonts/tfm/zhmetrics/unihei;
+unifsslf8.tfm;fonts/tfm/zhmetrics/unifs;
+unifsslf9.tfm;fonts/tfm/zhmetrics/unifs;
+unilisl47.tfm;fonts/tfm/zhmetrics/unili;
+unifsslfa.tfm;fonts/tfm/zhmetrics/unifs;
+unihei75.tfm;fonts/tfm/zhmetrics/unihei;
+unilisl44.tfm;fonts/tfm/zhmetrics/unili;
+unifsslfb.tfm;fonts/tfm/zhmetrics/unifs;
+unihei76.tfm;fonts/tfm/zhmetrics/unihei;
+unilisl45.tfm;fonts/tfm/zhmetrics/unili;
+unifsslfc.tfm;fonts/tfm/zhmetrics/unifs;
+unihei77.tfm;fonts/tfm/zhmetrics/unihei;
+unilisl42.tfm;fonts/tfm/zhmetrics/unili;
+unifsslfd.tfm;fonts/tfm/zhmetrics/unifs;
+unihei70.tfm;fonts/tfm/zhmetrics/unihei;
+unilisl43.tfm;fonts/tfm/zhmetrics/unili;
+unifsslfe.tfm;fonts/tfm/zhmetrics/unifs;
+unihei71.tfm;fonts/tfm/zhmetrics/unihei;
+unilisl40.tfm;fonts/tfm/zhmetrics/unili;
+unifsslff.tfm;fonts/tfm/zhmetrics/unifs;
+unihei72.tfm;fonts/tfm/zhmetrics/unihei;
+unilisl72.tfm;fonts/tfm/zhmetrics/unili;
+unihei00.tfm;fonts/tfm/zhmetrics/unihei;
+unilisl73.tfm;fonts/tfm/zhmetrics/unili;
+unihei01.tfm;fonts/tfm/zhmetrics/unihei;
+unilisl70.tfm;fonts/tfm/zhmetrics/unili;
+unihei02.tfm;fonts/tfm/zhmetrics/unihei;
+unilisl71.tfm;fonts/tfm/zhmetrics/unili;
+unihei03.tfm;fonts/tfm/zhmetrics/unihei;
+unilisl76.tfm;fonts/tfm/zhmetrics/unili;
+unihei04.tfm;fonts/tfm/zhmetrics/unihei;
+unilisl77.tfm;fonts/tfm/zhmetrics/unili;
+unihei05.tfm;fonts/tfm/zhmetrics/unihei;
+unilisl74.tfm;fonts/tfm/zhmetrics/unili;
+unihei06.tfm;fonts/tfm/zhmetrics/unihei;
+unilisl75.tfm;fonts/tfm/zhmetrics/unili;
+unihei07.tfm;fonts/tfm/zhmetrics/unihei;
+unihei08.tfm;fonts/tfm/zhmetrics/unihei;
+unihei09.tfm;fonts/tfm/zhmetrics/unihei;
+unihei10.tfm;fonts/tfm/zhmetrics/unihei;
+unikaisle7.tfm;fonts/tfm/zhmetrics/unikai;
+unihei11.tfm;fonts/tfm/zhmetrics/unihei;
+unikaisle6.tfm;fonts/tfm/zhmetrics/unikai;
+unihei12.tfm;fonts/tfm/zhmetrics/unihei;
+unikaisle5.tfm;fonts/tfm/zhmetrics/unikai;
+unihei13.tfm;fonts/tfm/zhmetrics/unihei;
+unikaisle4.tfm;fonts/tfm/zhmetrics/unikai;
+unihei14.tfm;fonts/tfm/zhmetrics/unihei;
+unikaisle3.tfm;fonts/tfm/zhmetrics/unikai;
+unihei15.tfm;fonts/tfm/zhmetrics/unihei;
+unikaisle2.tfm;fonts/tfm/zhmetrics/unikai;
+unihei16.tfm;fonts/tfm/zhmetrics/unihei;
+unikaisle1.tfm;fonts/tfm/zhmetrics/unikai;
+unihei17.tfm;fonts/tfm/zhmetrics/unihei;
+unikaisle0.tfm;fonts/tfm/zhmetrics/unikai;
+unihei18.tfm;fonts/tfm/zhmetrics/unihei;
+uniyouslef.tfm;fonts/tfm/zhmetrics/uniyou;
+unihei19.tfm;fonts/tfm/zhmetrics/unihei;
+unihei20.tfm;fonts/tfm/zhmetrics/unihei;
+unihei21.tfm;fonts/tfm/zhmetrics/unihei;
+unihei22.tfm;fonts/tfm/zhmetrics/unihei;
+unihei23.tfm;fonts/tfm/zhmetrics/unihei;
+unihei24.tfm;fonts/tfm/zhmetrics/unihei;
+unikaisld9.tfm;fonts/tfm/zhmetrics/unikai;
+unihei25.tfm;fonts/tfm/zhmetrics/unihei;
+unikaisld8.tfm;fonts/tfm/zhmetrics/unikai;
+unihei26.tfm;fonts/tfm/zhmetrics/unihei;
+unihei27.tfm;fonts/tfm/zhmetrics/unihei;
+unihei28.tfm;fonts/tfm/zhmetrics/unihei;
+unikaisld5.tfm;fonts/tfm/zhmetrics/unikai;
+unihei29.tfm;fonts/tfm/zhmetrics/unihei;
+unikaisld4.tfm;fonts/tfm/zhmetrics/unikai;
+unihei2a.tfm;fonts/tfm/zhmetrics/unihei;
+unihei2b.tfm;fonts/tfm/zhmetrics/unihei;
+unihei2c.tfm;fonts/tfm/zhmetrics/unihei;
+unihei2d.tfm;fonts/tfm/zhmetrics/unihei;
+unihei2e.tfm;fonts/tfm/zhmetrics/unihei;
+unihei2f.tfm;fonts/tfm/zhmetrics/unihei;
+unihei30.tfm;fonts/tfm/zhmetrics/unihei;
+unihei37.tfm;fonts/tfm/zhmetrics/unihei;
+unihei38.tfm;fonts/tfm/zhmetrics/unihei;
+unihei39.tfm;fonts/tfm/zhmetrics/unihei;
+unilisl32.tfm;fonts/tfm/zhmetrics/unili;
+unihei40.tfm;fonts/tfm/zhmetrics/unihei;
+unilisl33.tfm;fonts/tfm/zhmetrics/unili;
+unihei41.tfm;fonts/tfm/zhmetrics/unihei;
+unilisl30.tfm;fonts/tfm/zhmetrics/unili;
+unihei42.tfm;fonts/tfm/zhmetrics/unihei;
+unilisl31.tfm;fonts/tfm/zhmetrics/unili;
+unihei43.tfm;fonts/tfm/zhmetrics/unihei;
+unilisl36.tfm;fonts/tfm/zhmetrics/unili;
+unihei44.tfm;fonts/tfm/zhmetrics/unihei;
+unilisl37.tfm;fonts/tfm/zhmetrics/unili;
+unihei45.tfm;fonts/tfm/zhmetrics/unihei;
+unilisl34.tfm;fonts/tfm/zhmetrics/unili;
+unihei46.tfm;fonts/tfm/zhmetrics/unihei;
+unilisl35.tfm;fonts/tfm/zhmetrics/unili;
+unihei47.tfm;fonts/tfm/zhmetrics/unihei;
+unilisl26.tfm;fonts/tfm/zhmetrics/unili;
+unihei50.tfm;fonts/tfm/zhmetrics/unihei;
+unilisl27.tfm;fonts/tfm/zhmetrics/unili;
+unihei51.tfm;fonts/tfm/zhmetrics/unihei;
+unilisl24.tfm;fonts/tfm/zhmetrics/unili;
+unihei52.tfm;fonts/tfm/zhmetrics/unihei;
+unilisl25.tfm;fonts/tfm/zhmetrics/unili;
+unihei53.tfm;fonts/tfm/zhmetrics/unihei;
+unilisl22.tfm;fonts/tfm/zhmetrics/unili;
+unihei54.tfm;fonts/tfm/zhmetrics/unihei;
+unilisl23.tfm;fonts/tfm/zhmetrics/unili;
+unihei55.tfm;fonts/tfm/zhmetrics/unihei;
+unilisl20.tfm;fonts/tfm/zhmetrics/unili;
+unihei56.tfm;fonts/tfm/zhmetrics/unihei;
+unikaisla9.tfm;fonts/tfm/zhmetrics/unikai;
+unilisl21.tfm;fonts/tfm/zhmetrics/unili;
+unihei57.tfm;fonts/tfm/zhmetrics/unihei;
+unikaisla8.tfm;fonts/tfm/zhmetrics/unikai;
+unihei58.tfm;fonts/tfm/zhmetrics/unihei;
+unikaisla7.tfm;fonts/tfm/zhmetrics/unikai;
+unihei59.tfm;fonts/tfm/zhmetrics/unihei;
+unikaisla6.tfm;fonts/tfm/zhmetrics/unikai;
+unihei5a.tfm;fonts/tfm/zhmetrics/unihei;
+unilisl2d.tfm;fonts/tfm/zhmetrics/unili;
+unihei5b.tfm;fonts/tfm/zhmetrics/unihei;
+unilisl2e.tfm;fonts/tfm/zhmetrics/unili;
+unihei5c.tfm;fonts/tfm/zhmetrics/unihei;
+unilisl2b.tfm;fonts/tfm/zhmetrics/unili;
+unihei5d.tfm;fonts/tfm/zhmetrics/unihei;
+unilisl2c.tfm;fonts/tfm/zhmetrics/unili;
+unihei5e.tfm;fonts/tfm/zhmetrics/unihei;
+unihei5f.tfm;fonts/tfm/zhmetrics/unihei;
+unihei60.tfm;fonts/tfm/zhmetrics/unihei;
+unilisl59.tfm;fonts/tfm/zhmetrics/unili;
+unihei67.tfm;fonts/tfm/zhmetrics/unihei;
+unilisl56.tfm;fonts/tfm/zhmetrics/unili;
+unihei68.tfm;fonts/tfm/zhmetrics/unihei;
+unilisl57.tfm;fonts/tfm/zhmetrics/unili;
+unihei69.tfm;fonts/tfm/zhmetrics/unihei;
+unilisl41.tfm;fonts/tfm/zhmetrics/unili;
+unihei73.tfm;fonts/tfm/zhmetrics/unihei;
+unilisl46.tfm;fonts/tfm/zhmetrics/unili;
+unihei74.tfm;fonts/tfm/zhmetrics/unihei;
+unihei78.tfm;fonts/tfm/zhmetrics/unihei;
+unihei79.tfm;fonts/tfm/zhmetrics/unihei;
+unihei80.tfm;fonts/tfm/zhmetrics/unihei;
+unihei87.tfm;fonts/tfm/zhmetrics/unihei;
+unihei88.tfm;fonts/tfm/zhmetrics/unihei;
+unihei89.tfm;fonts/tfm/zhmetrics/unihei;
+unihei90.tfm;fonts/tfm/zhmetrics/unihei;
+unihei91.tfm;fonts/tfm/zhmetrics/unihei;
+unihei92.tfm;fonts/tfm/zhmetrics/unihei;
+unihei93.tfm;fonts/tfm/zhmetrics/unihei;
+unihei94.tfm;fonts/tfm/zhmetrics/unihei;
+unihei95.tfm;fonts/tfm/zhmetrics/unihei;
+unihei96.tfm;fonts/tfm/zhmetrics/unihei;
+unihei97.tfm;fonts/tfm/zhmetrics/unihei;
+unihei98.tfm;fonts/tfm/zhmetrics/unihei;
+unihei99.tfm;fonts/tfm/zhmetrics/unihei;
+unihei9a.tfm;fonts/tfm/zhmetrics/unihei;
+unihei9b.tfm;fonts/tfm/zhmetrics/unihei;
+unihei9c.tfm;fonts/tfm/zhmetrics/unihei;
+unihei9d.tfm;fonts/tfm/zhmetrics/unihei;
+unihei9e.tfm;fonts/tfm/zhmetrics/unihei;
+unihei9f.tfm;fonts/tfm/zhmetrics/unihei;
+uniheia0.tfm;fonts/tfm/zhmetrics/unihei;
+uniheisl55.tfm;fonts/tfm/zhmetrics/unihei;
+uniheia1.tfm;fonts/tfm/zhmetrics/unihei;
+uniheisl54.tfm;fonts/tfm/zhmetrics/unihei;
+uniheia2.tfm;fonts/tfm/zhmetrics/unihei;
+uniheisl57.tfm;fonts/tfm/zhmetrics/unihei;
+uniheia3.tfm;fonts/tfm/zhmetrics/unihei;
+uniheisl56.tfm;fonts/tfm/zhmetrics/unihei;
+uniheia6.tfm;fonts/tfm/zhmetrics/unihei;
+uniheisl53.tfm;fonts/tfm/zhmetrics/unihei;
+uniheia7.tfm;fonts/tfm/zhmetrics/unihei;
+uniheisl52.tfm;fonts/tfm/zhmetrics/unihei;
+uniyouslaf.tfm;fonts/tfm/zhmetrics/uniyou;
+uniheib0.tfm;fonts/tfm/zhmetrics/unihei;
+uniheisl43.tfm;fonts/tfm/zhmetrics/unihei;
+uniheib1.tfm;fonts/tfm/zhmetrics/unihei;
+uniheisl42.tfm;fonts/tfm/zhmetrics/unihei;
+uniyouslad.tfm;fonts/tfm/zhmetrics/uniyou;
+uniheib2.tfm;fonts/tfm/zhmetrics/unihei;
+uniheisl41.tfm;fonts/tfm/zhmetrics/unihei;
+uniyouslae.tfm;fonts/tfm/zhmetrics/uniyou;
+uniheib3.tfm;fonts/tfm/zhmetrics/unihei;
+uniheisl40.tfm;fonts/tfm/zhmetrics/unihei;
+uniyouslab.tfm;fonts/tfm/zhmetrics/uniyou;
+uniheib4.tfm;fonts/tfm/zhmetrics/unihei;
+uniheisl47.tfm;fonts/tfm/zhmetrics/unihei;
+uniyouslac.tfm;fonts/tfm/zhmetrics/uniyou;
+uniheib5.tfm;fonts/tfm/zhmetrics/unihei;
+uniheisl46.tfm;fonts/tfm/zhmetrics/unihei;
+uniheib6.tfm;fonts/tfm/zhmetrics/unihei;
+uniheisl45.tfm;fonts/tfm/zhmetrics/unihei;
+uniyouslaa.tfm;fonts/tfm/zhmetrics/uniyou;
+uniheib7.tfm;fonts/tfm/zhmetrics/unihei;
+uniheisl44.tfm;fonts/tfm/zhmetrics/unihei;
+uniyousla7.tfm;fonts/tfm/zhmetrics/uniyou;
+uniheiba.tfm;fonts/tfm/zhmetrics/unihei;
+uniheisl4b.tfm;fonts/tfm/zhmetrics/unihei;
+uniyousla2.tfm;fonts/tfm/zhmetrics/uniyou;
+uniheibd.tfm;fonts/tfm/zhmetrics/unihei;
+uniyousla3.tfm;fonts/tfm/zhmetrics/uniyou;
+uniheibe.tfm;fonts/tfm/zhmetrics/unihei;
+uniheisl4f.tfm;fonts/tfm/zhmetrics/unihei;
+uniyousla0.tfm;fonts/tfm/zhmetrics/uniyou;
+uniyou68.tfm;fonts/tfm/zhmetrics/uniyou;
+uniheibf.tfm;fonts/tfm/zhmetrics/unihei;
+uniheisl4e.tfm;fonts/tfm/zhmetrics/unihei;
+uniheic0.tfm;fonts/tfm/zhmetrics/unihei;
+uniheic1.tfm;fonts/tfm/zhmetrics/unihei;
+uniheic2.tfm;fonts/tfm/zhmetrics/unihei;
+uniheic3.tfm;fonts/tfm/zhmetrics/unihei;
+uniheic4.tfm;fonts/tfm/zhmetrics/unihei;
+uniheic5.tfm;fonts/tfm/zhmetrics/unihei;
+uniheic6.tfm;fonts/tfm/zhmetrics/unihei;
+uniheic7.tfm;fonts/tfm/zhmetrics/unihei;
+uniheic8.tfm;fonts/tfm/zhmetrics/unihei;
+uniheic9.tfm;fonts/tfm/zhmetrics/unihei;
+uniheica.tfm;fonts/tfm/zhmetrics/unihei;
+uniheicb.tfm;fonts/tfm/zhmetrics/unihei;
+uniheicc.tfm;fonts/tfm/zhmetrics/unihei;
+uniheicd.tfm;fonts/tfm/zhmetrics/unihei;
+uniheice.tfm;fonts/tfm/zhmetrics/unihei;
+uniheicf.tfm;fonts/tfm/zhmetrics/unihei;
+unilislc2.tfm;fonts/tfm/zhmetrics/unili;
+uniheid0.tfm;fonts/tfm/zhmetrics/unihei;
+uniheisl27.tfm;fonts/tfm/zhmetrics/unihei;
+unilislc3.tfm;fonts/tfm/zhmetrics/unili;
+uniheid1.tfm;fonts/tfm/zhmetrics/unihei;
+uniheisl26.tfm;fonts/tfm/zhmetrics/unihei;
+unilislc0.tfm;fonts/tfm/zhmetrics/unili;
+uniheid2.tfm;fonts/tfm/zhmetrics/unihei;
+uniheisl25.tfm;fonts/tfm/zhmetrics/unihei;
+unilislc1.tfm;fonts/tfm/zhmetrics/unili;
+uniheid3.tfm;fonts/tfm/zhmetrics/unihei;
+uniheisl24.tfm;fonts/tfm/zhmetrics/unihei;
+unilislc6.tfm;fonts/tfm/zhmetrics/unili;
+uniheid4.tfm;fonts/tfm/zhmetrics/unihei;
+uniheisl23.tfm;fonts/tfm/zhmetrics/unihei;
+unilislc7.tfm;fonts/tfm/zhmetrics/unili;
+uniheid5.tfm;fonts/tfm/zhmetrics/unihei;
+uniheisl22.tfm;fonts/tfm/zhmetrics/unihei;
+unilislcc.tfm;fonts/tfm/zhmetrics/unili;
+uniheida.tfm;fonts/tfm/zhmetrics/unihei;
+uniheisl2f.tfm;fonts/tfm/zhmetrics/unihei;
+unilislcf.tfm;fonts/tfm/zhmetrics/unili;
+uniheidd.tfm;fonts/tfm/zhmetrics/unihei;
+uniheisl2c.tfm;fonts/tfm/zhmetrics/unihei;
+uniheide.tfm;fonts/tfm/zhmetrics/unihei;
+uniheisl2b.tfm;fonts/tfm/zhmetrics/unihei;
+unilislb6.tfm;fonts/tfm/zhmetrics/unili;
+uniheie0.tfm;fonts/tfm/zhmetrics/unihei;
+unilislb7.tfm;fonts/tfm/zhmetrics/unili;
+uniheie1.tfm;fonts/tfm/zhmetrics/unihei;
+unilislb2.tfm;fonts/tfm/zhmetrics/unili;
+uniheie4.tfm;fonts/tfm/zhmetrics/unihei;
+uniheisl19.tfm;fonts/tfm/zhmetrics/unihei;
+unilislb3.tfm;fonts/tfm/zhmetrics/unili;
+uniheie5.tfm;fonts/tfm/zhmetrics/unihei;
+uniheisl18.tfm;fonts/tfm/zhmetrics/unihei;
+unilislb0.tfm;fonts/tfm/zhmetrics/unili;
+uniheie6.tfm;fonts/tfm/zhmetrics/unihei;
+unilislb1.tfm;fonts/tfm/zhmetrics/unili;
+uniheie7.tfm;fonts/tfm/zhmetrics/unihei;
+uniheif3.tfm;fonts/tfm/zhmetrics/unihei;
+uniheisl00.tfm;fonts/tfm/zhmetrics/unihei;
+uniheif4.tfm;fonts/tfm/zhmetrics/unihei;
+uniheisl07.tfm;fonts/tfm/zhmetrics/unihei;
+uniheisl30.tfm;fonts/tfm/zhmetrics/unihei;
+unikaisl3b.tfm;fonts/tfm/zhmetrics/unikai;
+uniheisl31.tfm;fonts/tfm/zhmetrics/unihei;
+unikaisl3c.tfm;fonts/tfm/zhmetrics/unikai;
+uniheisl34.tfm;fonts/tfm/zhmetrics/unihei;
+unikaisl3f.tfm;fonts/tfm/zhmetrics/unikai;
+uniheisl35.tfm;fonts/tfm/zhmetrics/unihei;
+uniheisl36.tfm;fonts/tfm/zhmetrics/unihei;
+unikaisl3d.tfm;fonts/tfm/zhmetrics/unikai;
+uniheisl37.tfm;fonts/tfm/zhmetrics/unihei;
+unikaisl3e.tfm;fonts/tfm/zhmetrics/unikai;
+uniyousla6.tfm;fonts/tfm/zhmetrics/uniyou;
+uniheisl4c.tfm;fonts/tfm/zhmetrics/unihei;
+uniyousla1.tfm;fonts/tfm/zhmetrics/uniyou;
+uniyou69.tfm;fonts/tfm/zhmetrics/uniyou;
+uniheisl4d.tfm;fonts/tfm/zhmetrics/unihei;
+uniheisl60.tfm;fonts/tfm/zhmetrics/unihei;
+uniheisl61.tfm;fonts/tfm/zhmetrics/unihei;
+uniheisl62.tfm;fonts/tfm/zhmetrics/unihei;
+c19zhkai.fd;tex/latex/zhmetrics;
+uniheisl63.tfm;fonts/tfm/zhmetrics/unihei;
+uniheisl64.tfm;fonts/tfm/zhmetrics/unihei;
+uniheisl65.tfm;fonts/tfm/zhmetrics/unihei;
+uniheisl66.tfm;fonts/tfm/zhmetrics/unihei;
+uniheisl67.tfm;fonts/tfm/zhmetrics/unihei;
+uniheisl68.tfm;fonts/tfm/zhmetrics/unihei;
+uniheisl69.tfm;fonts/tfm/zhmetrics/unihei;
+uniheisl6a.tfm;fonts/tfm/zhmetrics/unihei;
+uniheisl6b.tfm;fonts/tfm/zhmetrics/unihei;
+uniheisl6c.tfm;fonts/tfm/zhmetrics/unihei;
+uniheisl6d.tfm;fonts/tfm/zhmetrics/unihei;
+uniheisl6e.tfm;fonts/tfm/zhmetrics/unihei;
+uniheisl6f.tfm;fonts/tfm/zhmetrics/unihei;
+unilisld7.tfm;fonts/tfm/zhmetrics/unili;
+uniheisl70.tfm;fonts/tfm/zhmetrics/unihei;
+unilisld6.tfm;fonts/tfm/zhmetrics/unili;
+uniheisl71.tfm;fonts/tfm/zhmetrics/unihei;
+unilisld5.tfm;fonts/tfm/zhmetrics/unili;
+uniheisl72.tfm;fonts/tfm/zhmetrics/unihei;
+unilisld4.tfm;fonts/tfm/zhmetrics/unili;
+uniheisl73.tfm;fonts/tfm/zhmetrics/unihei;
+unilisld1.tfm;fonts/tfm/zhmetrics/unili;
+uniheisl76.tfm;fonts/tfm/zhmetrics/unihei;
+unilisld0.tfm;fonts/tfm/zhmetrics/unili;
+uniheisl77.tfm;fonts/tfm/zhmetrics/unihei;
+unilislde.tfm;fonts/tfm/zhmetrics/unili;
+uniheisl7b.tfm;fonts/tfm/zhmetrics/unihei;
+unilisldd.tfm;fonts/tfm/zhmetrics/unili;
+uniheisl7c.tfm;fonts/tfm/zhmetrics/unihei;
+uniheisl80.tfm;fonts/tfm/zhmetrics/unihei;
+uniheisl81.tfm;fonts/tfm/zhmetrics/unihei;
+uniheisl82.tfm;fonts/tfm/zhmetrics/unihei;
+uniheisl83.tfm;fonts/tfm/zhmetrics/unihei;
+uniheisl84.tfm;fonts/tfm/zhmetrics/unihei;
+uniheisl85.tfm;fonts/tfm/zhmetrics/unihei;
+uniheisl86.tfm;fonts/tfm/zhmetrics/unihei;
+uniheisl87.tfm;fonts/tfm/zhmetrics/unihei;
+uniheisl88.tfm;fonts/tfm/zhmetrics/unihei;
+uniheisl89.tfm;fonts/tfm/zhmetrics/unihei;
+uniheisl8b.tfm;fonts/tfm/zhmetrics/unihei;
+uniheisl8c.tfm;fonts/tfm/zhmetrics/unihei;
+uniheisl90.tfm;fonts/tfm/zhmetrics/unihei;
+unikaisl85.tfm;fonts/tfm/zhmetrics/unikai;
+uniheisl91.tfm;fonts/tfm/zhmetrics/unihei;
+unikaisl84.tfm;fonts/tfm/zhmetrics/unikai;
+uniheisl92.tfm;fonts/tfm/zhmetrics/unihei;
+unikaisl87.tfm;fonts/tfm/zhmetrics/unikai;
+uniheisl93.tfm;fonts/tfm/zhmetrics/unihei;
+unikaisl86.tfm;fonts/tfm/zhmetrics/unikai;
+uniheisl94.tfm;fonts/tfm/zhmetrics/unihei;
+unikaisl81.tfm;fonts/tfm/zhmetrics/unikai;
+uniheisl95.tfm;fonts/tfm/zhmetrics/unihei;
+unikaisl80.tfm;fonts/tfm/zhmetrics/unikai;
+uniheisl96.tfm;fonts/tfm/zhmetrics/unihei;
+unikaisl83.tfm;fonts/tfm/zhmetrics/unikai;
+unili28.tfm;fonts/tfm/zhmetrics/unili;
+uniheisl97.tfm;fonts/tfm/zhmetrics/unihei;
+unikaisl82.tfm;fonts/tfm/zhmetrics/unikai;
+unili29.tfm;fonts/tfm/zhmetrics/unili;
+uniheisl98.tfm;fonts/tfm/zhmetrics/unihei;
+unili26.tfm;fonts/tfm/zhmetrics/unili;
+uniheisl99.tfm;fonts/tfm/zhmetrics/unihei;
+unili27.tfm;fonts/tfm/zhmetrics/unili;
+uniheisla0.tfm;fonts/tfm/zhmetrics/unihei;
+uniheisla1.tfm;fonts/tfm/zhmetrics/unihei;
+uniheisla2.tfm;fonts/tfm/zhmetrics/unihei;
+uniheisla3.tfm;fonts/tfm/zhmetrics/unihei;
+uniheisla4.tfm;fonts/tfm/zhmetrics/unihei;
+uniheisla5.tfm;fonts/tfm/zhmetrics/unihei;
+c19zhsong.fd;tex/latex/zhmetrics;
+uniheisla6.tfm;fonts/tfm/zhmetrics/unihei;
+uniheisla7.tfm;fonts/tfm/zhmetrics/unihei;
+uniheisla8.tfm;fonts/tfm/zhmetrics/unihei;
+uniheisla9.tfm;fonts/tfm/zhmetrics/unihei;
+uniheislaa.tfm;fonts/tfm/zhmetrics/unihei;
+uniheislab.tfm;fonts/tfm/zhmetrics/unihei;
+uniheislac.tfm;fonts/tfm/zhmetrics/unihei;
+uniheislad.tfm;fonts/tfm/zhmetrics/unihei;
+uniheislae.tfm;fonts/tfm/zhmetrics/unihei;
+uniheislaf.tfm;fonts/tfm/zhmetrics/unihei;
+uniheislb0.tfm;fonts/tfm/zhmetrics/unihei;
+uniheislb1.tfm;fonts/tfm/zhmetrics/unihei;
+uniheislb2.tfm;fonts/tfm/zhmetrics/unihei;
+uniheislb3.tfm;fonts/tfm/zhmetrics/unihei;
+uniheislb4.tfm;fonts/tfm/zhmetrics/unihei;
+uniheislb5.tfm;fonts/tfm/zhmetrics/unihei;
+uniheislb6.tfm;fonts/tfm/zhmetrics/unihei;
+uniheislb7.tfm;fonts/tfm/zhmetrics/unihei;
+uniheislb8.tfm;fonts/tfm/zhmetrics/unihei;
+uniheislb9.tfm;fonts/tfm/zhmetrics/unihei;
+uniheislc3.tfm;fonts/tfm/zhmetrics/unihei;
+uniheisld0.tfm;fonts/tfm/zhmetrics/unihei;
+uniheisld1.tfm;fonts/tfm/zhmetrics/unihei;
+uniheisld2.tfm;fonts/tfm/zhmetrics/unihei;
+uniheisld3.tfm;fonts/tfm/zhmetrics/unihei;
+uniheisld4.tfm;fonts/tfm/zhmetrics/unihei;
+uniheisld5.tfm;fonts/tfm/zhmetrics/unihei;
+uniheisld6.tfm;fonts/tfm/zhmetrics/unihei;
+uniheisld7.tfm;fonts/tfm/zhmetrics/unihei;
+uniheisld9.tfm;fonts/tfm/zhmetrics/unihei;
+uniheisle0.tfm;fonts/tfm/zhmetrics/unihei;
+uniheisle1.tfm;fonts/tfm/zhmetrics/unihei;
+uniheisle2.tfm;fonts/tfm/zhmetrics/unihei;
+uniheisle3.tfm;fonts/tfm/zhmetrics/unihei;
+uniheisle4.tfm;fonts/tfm/zhmetrics/unihei;
+uniheisle5.tfm;fonts/tfm/zhmetrics/unihei;
+uniheisle6.tfm;fonts/tfm/zhmetrics/unihei;
+uniheisle7.tfm;fonts/tfm/zhmetrics/unihei;
+uniheisle8.tfm;fonts/tfm/zhmetrics/unihei;
+unilisl6c.tfm;fonts/tfm/zhmetrics/unili;
+uniheisle9.tfm;fonts/tfm/zhmetrics/unihei;
+unilisl6b.tfm;fonts/tfm/zhmetrics/unili;
+uniheislea.tfm;fonts/tfm/zhmetrics/unihei;
+uniheisleb.tfm;fonts/tfm/zhmetrics/unihei;
+unilisl69.tfm;fonts/tfm/zhmetrics/unili;
+uniheislec.tfm;fonts/tfm/zhmetrics/unihei;
+unilisl68.tfm;fonts/tfm/zhmetrics/unili;
+uniheisled.tfm;fonts/tfm/zhmetrics/unihei;
+uniheislee.tfm;fonts/tfm/zhmetrics/unihei;
+uniheislef.tfm;fonts/tfm/zhmetrics/unihei;
+uniheislf0.tfm;fonts/tfm/zhmetrics/unihei;
+uniheislf1.tfm;fonts/tfm/zhmetrics/unihei;
+uniheislf2.tfm;fonts/tfm/zhmetrics/unihei;
+uniheislf3.tfm;fonts/tfm/zhmetrics/unihei;
+uniheislf4.tfm;fonts/tfm/zhmetrics/unihei;
+uniheislf5.tfm;fonts/tfm/zhmetrics/unihei;
+uniheislf6.tfm;fonts/tfm/zhmetrics/unihei;
+uniheislf7.tfm;fonts/tfm/zhmetrics/unihei;
+uniheislf8.tfm;fonts/tfm/zhmetrics/unihei;
+uniheislf9.tfm;fonts/tfm/zhmetrics/unihei;
+uniheislfa.tfm;fonts/tfm/zhmetrics/unihei;
+uniheislfb.tfm;fonts/tfm/zhmetrics/unihei;
+uniheislfc.tfm;fonts/tfm/zhmetrics/unihei;
+uniheislfd.tfm;fonts/tfm/zhmetrics/unihei;
+uniheislfe.tfm;fonts/tfm/zhmetrics/unihei;
+uniheislff.tfm;fonts/tfm/zhmetrics/unihei;
+unikai08.tfm;fonts/tfm/zhmetrics/unikai;
+unikai09.tfm;fonts/tfm/zhmetrics/unikai;
+unikai10.tfm;fonts/tfm/zhmetrics/unikai;
+unikai11.tfm;fonts/tfm/zhmetrics/unikai;
+unikai12.tfm;fonts/tfm/zhmetrics/unikai;
+unikai13.tfm;fonts/tfm/zhmetrics/unikai;
+unikai14.tfm;fonts/tfm/zhmetrics/unikai;
+unikai15.tfm;fonts/tfm/zhmetrics/unikai;
+unikai1a.tfm;fonts/tfm/zhmetrics/unikai;
+unikai1b.tfm;fonts/tfm/zhmetrics/unikai;
+unikai1c.tfm;fonts/tfm/zhmetrics/unikai;
+unikai1d.tfm;fonts/tfm/zhmetrics/unikai;
+unikai1e.tfm;fonts/tfm/zhmetrics/unikai;
+unikai1f.tfm;fonts/tfm/zhmetrics/unikai;
+unikai20.tfm;fonts/tfm/zhmetrics/unikai;
+unikai21.tfm;fonts/tfm/zhmetrics/unikai;
+unikai22.tfm;fonts/tfm/zhmetrics/unikai;
+unikai23.tfm;fonts/tfm/zhmetrics/unikai;
+unikai24.tfm;fonts/tfm/zhmetrics/unikai;
+unikai25.tfm;fonts/tfm/zhmetrics/unikai;
+unikai26.tfm;fonts/tfm/zhmetrics/unikai;
+unikai27.tfm;fonts/tfm/zhmetrics/unikai;
+unikai28.tfm;fonts/tfm/zhmetrics/unikai;
+unikai2a.tfm;fonts/tfm/zhmetrics/unikai;
+unikai2d.tfm;fonts/tfm/zhmetrics/unikai;
+unikai2e.tfm;fonts/tfm/zhmetrics/unikai;
+unikai38.tfm;fonts/tfm/zhmetrics/unikai;
+unikai39.tfm;fonts/tfm/zhmetrics/unikai;
+unikai48.tfm;fonts/tfm/zhmetrics/unikai;
+unikai49.tfm;fonts/tfm/zhmetrics/unikai;
+unikai50.tfm;fonts/tfm/zhmetrics/unikai;
+unikai51.tfm;fonts/tfm/zhmetrics/unikai;
+unikai52.tfm;fonts/tfm/zhmetrics/unikai;
+unikai53.tfm;fonts/tfm/zhmetrics/unikai;
+unikai54.tfm;fonts/tfm/zhmetrics/unikai;
+unikai55.tfm;fonts/tfm/zhmetrics/unikai;
+unikai56.tfm;fonts/tfm/zhmetrics/unikai;
+unikai57.tfm;fonts/tfm/zhmetrics/unikai;
+unikai58.tfm;fonts/tfm/zhmetrics/unikai;
+unikai59.tfm;fonts/tfm/zhmetrics/unikai;
+unikai5a.tfm;fonts/tfm/zhmetrics/unikai;
+unikai5b.tfm;fonts/tfm/zhmetrics/unikai;
+unikai5c.tfm;fonts/tfm/zhmetrics/unikai;
+unikai5d.tfm;fonts/tfm/zhmetrics/unikai;
+unikai5e.tfm;fonts/tfm/zhmetrics/unikai;
+unikai5f.tfm;fonts/tfm/zhmetrics/unikai;
+unikai66.tfm;fonts/tfm/zhmetrics/unikai;
+unili3e.tfm;fonts/tfm/zhmetrics/unili;
+unikai70.tfm;fonts/tfm/zhmetrics/unikai;
+unikai71.tfm;fonts/tfm/zhmetrics/unikai;
+unikai74.tfm;fonts/tfm/zhmetrics/unikai;
+unikai75.tfm;fonts/tfm/zhmetrics/unikai;
+unikai76.tfm;fonts/tfm/zhmetrics/unikai;
+unikai77.tfm;fonts/tfm/zhmetrics/unikai;
+unikai80.tfm;fonts/tfm/zhmetrics/unikai;
+unilisl89.tfm;fonts/tfm/zhmetrics/unili;
+unikai81.tfm;fonts/tfm/zhmetrics/unikai;
+unilisl88.tfm;fonts/tfm/zhmetrics/unili;
+unikai82.tfm;fonts/tfm/zhmetrics/unikai;
+unikai83.tfm;fonts/tfm/zhmetrics/unikai;
+unikai84.tfm;fonts/tfm/zhmetrics/unikai;
+unikai85.tfm;fonts/tfm/zhmetrics/unikai;
+unikai86.tfm;fonts/tfm/zhmetrics/unikai;
+unikai87.tfm;fonts/tfm/zhmetrics/unikai;
+unikai98.tfm;fonts/tfm/zhmetrics/unikai;
+unikai99.tfm;fonts/tfm/zhmetrics/unikai;
+unikaia0.tfm;fonts/tfm/zhmetrics/unikai;
+unikaia1.tfm;fonts/tfm/zhmetrics/unikai;
+unikaia4.tfm;fonts/tfm/zhmetrics/unikai;
+unikaia5.tfm;fonts/tfm/zhmetrics/unikai;
+unikaia6.tfm;fonts/tfm/zhmetrics/unikai;
+unikaia7.tfm;fonts/tfm/zhmetrics/unikai;
+unikaiaa.tfm;fonts/tfm/zhmetrics/unikai;
+unilisl19.tfm;fonts/tfm/zhmetrics/unili;
+unikaiad.tfm;fonts/tfm/zhmetrics/unikai;
+unilisl18.tfm;fonts/tfm/zhmetrics/unili;
+unikaiae.tfm;fonts/tfm/zhmetrics/unikai;
+unikaiaf.tfm;fonts/tfm/zhmetrics/unikai;
+unikaib4.tfm;fonts/tfm/zhmetrics/unikai;
+unikaib6.tfm;fonts/tfm/zhmetrics/unikai;
+unikaib7.tfm;fonts/tfm/zhmetrics/unikai;
+unikaib8.tfm;fonts/tfm/zhmetrics/unikai;
+unikaiba.tfm;fonts/tfm/zhmetrics/unikai;
+unikaibb.tfm;fonts/tfm/zhmetrics/unikai;
+unikaibc.tfm;fonts/tfm/zhmetrics/unikai;
+unikaica.tfm;fonts/tfm/zhmetrics/unikai;
+unikaicb.tfm;fonts/tfm/zhmetrics/unikai;
+unikaicc.tfm;fonts/tfm/zhmetrics/unikai;
+unikaicd.tfm;fonts/tfm/zhmetrics/unikai;
+unikaice.tfm;fonts/tfm/zhmetrics/unikai;
+unikaicf.tfm;fonts/tfm/zhmetrics/unikai;
+unikaid8.tfm;fonts/tfm/zhmetrics/unikai;
+unikaid9.tfm;fonts/tfm/zhmetrics/unikai;
+c19zhhei.fd;tex/latex/zhmetrics;
+unikaie8.tfm;fonts/tfm/zhmetrics/unikai;
+unikaie9.tfm;fonts/tfm/zhmetrics/unikai;
+unikaif0.tfm;fonts/tfm/zhmetrics/unikai;
+unikaif1.tfm;fonts/tfm/zhmetrics/unikai;
+unikaif2.tfm;fonts/tfm/zhmetrics/unikai;
+unikaif3.tfm;fonts/tfm/zhmetrics/unikai;
+unikaif4.tfm;fonts/tfm/zhmetrics/unikai;
+unikaif5.tfm;fonts/tfm/zhmetrics/unikai;
+unikaif6.tfm;fonts/tfm/zhmetrics/unikai;
+unikaif7.tfm;fonts/tfm/zhmetrics/unikai;
+unikaif8.tfm;fonts/tfm/zhmetrics/unikai;
+unikaif9.tfm;fonts/tfm/zhmetrics/unikai;
+unikaifa.tfm;fonts/tfm/zhmetrics/unikai;
+unikaifb.tfm;fonts/tfm/zhmetrics/unikai;
+unikaifc.tfm;fonts/tfm/zhmetrics/unikai;
+unikaiff.tfm;fonts/tfm/zhmetrics/unikai;
+unikaislce.tfm;fonts/tfm/zhmetrics/unikai;
+unikaisl08.tfm;fonts/tfm/zhmetrics/unikai;
+unikaislcd.tfm;fonts/tfm/zhmetrics/unikai;
+unikaisl09.tfm;fonts/tfm/zhmetrics/unikai;
+unisong2f.tfm;fonts/tfm/zhmetrics/unisong;
+unikaisl0a.tfm;fonts/tfm/zhmetrics/unikai;
+unisong2e.tfm;fonts/tfm/zhmetrics/unisong;
+unikaisl0b.tfm;fonts/tfm/zhmetrics/unikai;
+unisong2d.tfm;fonts/tfm/zhmetrics/unisong;
+unikaisl0c.tfm;fonts/tfm/zhmetrics/unikai;
+unikaislc9.tfm;fonts/tfm/zhmetrics/unikai;
+unisong2c.tfm;fonts/tfm/zhmetrics/unisong;
+unikaisl0d.tfm;fonts/tfm/zhmetrics/unikai;
+unikaislc8.tfm;fonts/tfm/zhmetrics/unikai;
+unisong2b.tfm;fonts/tfm/zhmetrics/unisong;
+unikaisl0e.tfm;fonts/tfm/zhmetrics/unikai;
+unisong2a.tfm;fonts/tfm/zhmetrics/unisong;
+unikaisl0f.tfm;fonts/tfm/zhmetrics/unikai;
+unikaisl1a.tfm;fonts/tfm/zhmetrics/unikai;
+unikaisl1b.tfm;fonts/tfm/zhmetrics/unikai;
+unikaisl1c.tfm;fonts/tfm/zhmetrics/unikai;
+unikaisl1d.tfm;fonts/tfm/zhmetrics/unikai;
+unikaisl1e.tfm;fonts/tfm/zhmetrics/unikai;
+unikaisl1f.tfm;fonts/tfm/zhmetrics/unikai;
+unikaisl28.tfm;fonts/tfm/zhmetrics/unikai;
+unili87.tfm;fonts/tfm/zhmetrics/unili;
+unikaisl29.tfm;fonts/tfm/zhmetrics/unikai;
+unili86.tfm;fonts/tfm/zhmetrics/unili;
+unisong0a.tfm;fonts/tfm/zhmetrics/unisong;
+unikaisl2b.tfm;fonts/tfm/zhmetrics/unikai;
+unikaisl2c.tfm;fonts/tfm/zhmetrics/unikai;
+unikaisl2d.tfm;fonts/tfm/zhmetrics/unikai;
+unisong0f.tfm;fonts/tfm/zhmetrics/unisong;
+unikaisl2e.tfm;fonts/tfm/zhmetrics/unikai;
+unisong0e.tfm;fonts/tfm/zhmetrics/unisong;
+unikaisl2f.tfm;fonts/tfm/zhmetrics/unikai;
+unikaisl40.tfm;fonts/tfm/zhmetrics/unikai;
+unikaisl41.tfm;fonts/tfm/zhmetrics/unikai;
+unikaisl42.tfm;fonts/tfm/zhmetrics/unikai;
+unisong67.tfm;fonts/tfm/zhmetrics/unisong;
+unikaisl48.tfm;fonts/tfm/zhmetrics/unikai;
+unisong66.tfm;fonts/tfm/zhmetrics/unisong;
+unikaisl49.tfm;fonts/tfm/zhmetrics/unikai;
+unikaisl4a.tfm;fonts/tfm/zhmetrics/unikai;
+unikaisl4b.tfm;fonts/tfm/zhmetrics/unikai;
+unikaisl4c.tfm;fonts/tfm/zhmetrics/unikai;
+unikaisl4d.tfm;fonts/tfm/zhmetrics/unikai;
+unikaisl4e.tfm;fonts/tfm/zhmetrics/unikai;
+unikaisl4f.tfm;fonts/tfm/zhmetrics/unikai;
+unisong43.tfm;fonts/tfm/zhmetrics/unisong;
+unikaisl60.tfm;fonts/tfm/zhmetrics/unikai;
+unisong42.tfm;fonts/tfm/zhmetrics/unisong;
+unikaisl61.tfm;fonts/tfm/zhmetrics/unikai;
+unisong41.tfm;fonts/tfm/zhmetrics/unisong;
+unikaisl62.tfm;fonts/tfm/zhmetrics/unikai;
+unisong40.tfm;fonts/tfm/zhmetrics/unisong;
+unikaisl63.tfm;fonts/tfm/zhmetrics/unikai;
+unisong47.tfm;fonts/tfm/zhmetrics/unisong;
+unikaisl64.tfm;fonts/tfm/zhmetrics/unikai;
+unisong46.tfm;fonts/tfm/zhmetrics/unisong;
+unikaisl65.tfm;fonts/tfm/zhmetrics/unikai;
+unisong45.tfm;fonts/tfm/zhmetrics/unisong;
+unikaisl66.tfm;fonts/tfm/zhmetrics/unikai;
+unisong44.tfm;fonts/tfm/zhmetrics/unisong;
+unikaisl67.tfm;fonts/tfm/zhmetrics/unikai;
+unisong4b.tfm;fonts/tfm/zhmetrics/unisong;
+unikaisl6a.tfm;fonts/tfm/zhmetrics/unikai;
+unisong4a.tfm;fonts/tfm/zhmetrics/unisong;
+unikaisl6b.tfm;fonts/tfm/zhmetrics/unikai;
+unikaisl6c.tfm;fonts/tfm/zhmetrics/unikai;
+unisong4e.tfm;fonts/tfm/zhmetrics/unisong;
+unikaisl6f.tfm;fonts/tfm/zhmetrics/unikai;
+unisong77.tfm;fonts/tfm/zhmetrics/unisong;
+unikaisl72.tfm;fonts/tfm/zhmetrics/unikai;
+unisong70.tfm;fonts/tfm/zhmetrics/unisong;
+unikaisl75.tfm;fonts/tfm/zhmetrics/unikai;
+unikaisl78.tfm;fonts/tfm/zhmetrics/unikai;
+unikaisl79.tfm;fonts/tfm/zhmetrics/unikai;
+unikaisl88.tfm;fonts/tfm/zhmetrics/unikai;
+unili23.tfm;fonts/tfm/zhmetrics/unili;
+unikaisl89.tfm;fonts/tfm/zhmetrics/unikai;
+unili22.tfm;fonts/tfm/zhmetrics/unili;
+unikaisl90.tfm;fonts/tfm/zhmetrics/unikai;
+unili59.tfm;fonts/tfm/zhmetrics/unili;
+unikaisl91.tfm;fonts/tfm/zhmetrics/unikai;
+unili58.tfm;fonts/tfm/zhmetrics/unili;
+unikaisl92.tfm;fonts/tfm/zhmetrics/unikai;
+unikaisl93.tfm;fonts/tfm/zhmetrics/unikai;
+unikaisl96.tfm;fonts/tfm/zhmetrics/unikai;
+unikaisl97.tfm;fonts/tfm/zhmetrics/unikai;
+unikaisl9a.tfm;fonts/tfm/zhmetrics/unikai;
+unikaisl9b.tfm;fonts/tfm/zhmetrics/unikai;
+unikaisl9c.tfm;fonts/tfm/zhmetrics/unikai;
+unikaisl9f.tfm;fonts/tfm/zhmetrics/unikai;
+unilisl29.tfm;fonts/tfm/zhmetrics/unili;
+unikaisla0.tfm;fonts/tfm/zhmetrics/unikai;
+unilisl28.tfm;fonts/tfm/zhmetrics/unili;
+unikaisla1.tfm;fonts/tfm/zhmetrics/unikai;
+unikaisla2.tfm;fonts/tfm/zhmetrics/unikai;
+unikaisla3.tfm;fonts/tfm/zhmetrics/unikai;
+unikaisla4.tfm;fonts/tfm/zhmetrics/unikai;
+unikaisla5.tfm;fonts/tfm/zhmetrics/unikai;
+unikaislaa.tfm;fonts/tfm/zhmetrics/unikai;
+unikaislab.tfm;fonts/tfm/zhmetrics/unikai;
+unikaislac.tfm;fonts/tfm/zhmetrics/unikai;
+unikaislad.tfm;fonts/tfm/zhmetrics/unikai;
+unikaislae.tfm;fonts/tfm/zhmetrics/unikai;
+unikaislaf.tfm;fonts/tfm/zhmetrics/unikai;
+unikaislb0.tfm;fonts/tfm/zhmetrics/unikai;
+unikaislb1.tfm;fonts/tfm/zhmetrics/unikai;
+unikaislb2.tfm;fonts/tfm/zhmetrics/unikai;
+unikaislb3.tfm;fonts/tfm/zhmetrics/unikai;
+unikaislb4.tfm;fonts/tfm/zhmetrics/unikai;
+unikaislb5.tfm;fonts/tfm/zhmetrics/unikai;
+unikaislb6.tfm;fonts/tfm/zhmetrics/unikai;
+unikaislb7.tfm;fonts/tfm/zhmetrics/unikai;
+unikaislb8.tfm;fonts/tfm/zhmetrics/unikai;
+unikaislb9.tfm;fonts/tfm/zhmetrics/unikai;
+unikaislba.tfm;fonts/tfm/zhmetrics/unikai;
+unikaislbb.tfm;fonts/tfm/zhmetrics/unikai;
+unikaislbc.tfm;fonts/tfm/zhmetrics/unikai;
+unikaislbd.tfm;fonts/tfm/zhmetrics/unikai;
+unikaislbe.tfm;fonts/tfm/zhmetrics/unikai;
+unikaislbf.tfm;fonts/tfm/zhmetrics/unikai;
+unikaislc0.tfm;fonts/tfm/zhmetrics/unikai;
+unikaislc1.tfm;fonts/tfm/zhmetrics/unikai;
+unikaislc2.tfm;fonts/tfm/zhmetrics/unikai;
+unikaislc3.tfm;fonts/tfm/zhmetrics/unikai;
+unikaislc4.tfm;fonts/tfm/zhmetrics/unikai;
+unikaislc5.tfm;fonts/tfm/zhmetrics/unikai;
+unikaislc6.tfm;fonts/tfm/zhmetrics/unikai;
+unikaislc7.tfm;fonts/tfm/zhmetrics/unikai;
+unikaislca.tfm;fonts/tfm/zhmetrics/unikai;
+unikaislcb.tfm;fonts/tfm/zhmetrics/unikai;
+unisong28.tfm;fonts/tfm/zhmetrics/unisong;
+unikaislcc.tfm;fonts/tfm/zhmetrics/unikai;
+unisong29.tfm;fonts/tfm/zhmetrics/unisong;
+unikaisld0.tfm;fonts/tfm/zhmetrics/unikai;
+unikaisld1.tfm;fonts/tfm/zhmetrics/unikai;
+unikaisld2.tfm;fonts/tfm/zhmetrics/unikai;
+unikaisld3.tfm;fonts/tfm/zhmetrics/unikai;
+unikaisld6.tfm;fonts/tfm/zhmetrics/unikai;
+unikaisld7.tfm;fonts/tfm/zhmetrics/unikai;
+unikaislda.tfm;fonts/tfm/zhmetrics/unikai;
+unikaisldb.tfm;fonts/tfm/zhmetrics/unikai;
+unikaisldc.tfm;fonts/tfm/zhmetrics/unikai;
+unikaisldd.tfm;fonts/tfm/zhmetrics/unikai;
+unikaislde.tfm;fonts/tfm/zhmetrics/unikai;
+unikaisldf.tfm;fonts/tfm/zhmetrics/unikai;
+unikaisle8.tfm;fonts/tfm/zhmetrics/unikai;
+uniyouslea.tfm;fonts/tfm/zhmetrics/uniyou;
+unikaisle9.tfm;fonts/tfm/zhmetrics/unikai;
+unikaislf0.tfm;fonts/tfm/zhmetrics/unikai;
+unikaislf1.tfm;fonts/tfm/zhmetrics/unikai;
+unikaislf2.tfm;fonts/tfm/zhmetrics/unikai;
+unikaislf3.tfm;fonts/tfm/zhmetrics/unikai;
+unikaislf4.tfm;fonts/tfm/zhmetrics/unikai;
+unikaislf5.tfm;fonts/tfm/zhmetrics/unikai;
+unikaislf6.tfm;fonts/tfm/zhmetrics/unikai;
+unikaislf7.tfm;fonts/tfm/zhmetrics/unikai;
+unikaislf8.tfm;fonts/tfm/zhmetrics/unikai;
+unikaislf9.tfm;fonts/tfm/zhmetrics/unikai;
+unikaislfa.tfm;fonts/tfm/zhmetrics/unikai;
+unikaislfb.tfm;fonts/tfm/zhmetrics/unikai;
+unikaislfc.tfm;fonts/tfm/zhmetrics/unikai;
+unikaislfd.tfm;fonts/tfm/zhmetrics/unikai;
+unikaislfe.tfm;fonts/tfm/zhmetrics/unikai;
+unikaislff.tfm;fonts/tfm/zhmetrics/unikai;
+unili10.tfm;fonts/tfm/zhmetrics/unili;
+unili17.tfm;fonts/tfm/zhmetrics/unili;
+unili20.tfm;fonts/tfm/zhmetrics/unili;
+unili21.tfm;fonts/tfm/zhmetrics/unili;
+unili24.tfm;fonts/tfm/zhmetrics/unili;
+unili25.tfm;fonts/tfm/zhmetrics/unili;
+unili2a.tfm;fonts/tfm/zhmetrics/unili;
+unili2b.tfm;fonts/tfm/zhmetrics/unili;
+unili2c.tfm;fonts/tfm/zhmetrics/unili;
+unili2f.tfm;fonts/tfm/zhmetrics/unili;
+unili48.tfm;fonts/tfm/zhmetrics/unili;
+unili49.tfm;fonts/tfm/zhmetrics/unili;
+unili4c.tfm;fonts/tfm/zhmetrics/unili;
+unili4d.tfm;fonts/tfm/zhmetrics/unili;
+unili68.tfm;fonts/tfm/zhmetrics/unili;
+unili69.tfm;fonts/tfm/zhmetrics/unili;
+unili70.tfm;fonts/tfm/zhmetrics/unili;
+unili71.tfm;fonts/tfm/zhmetrics/unili;
+unili72.tfm;fonts/tfm/zhmetrics/unili;
+unili73.tfm;fonts/tfm/zhmetrics/unili;
+unili76.tfm;fonts/tfm/zhmetrics/unili;
+unili77.tfm;fonts/tfm/zhmetrics/unili;
+unili7f.tfm;fonts/tfm/zhmetrics/unili;
+unili82.tfm;fonts/tfm/zhmetrics/unili;
+unili83.tfm;fonts/tfm/zhmetrics/unili;
+unisong08.tfm;fonts/tfm/zhmetrics/unisong;
+unili84.tfm;fonts/tfm/zhmetrics/unili;
+unisong09.tfm;fonts/tfm/zhmetrics/unisong;
+unili85.tfm;fonts/tfm/zhmetrics/unili;
+unili97.tfm;fonts/tfm/zhmetrics/unili;
+unisongslb8.tfm;fonts/tfm/zhmetrics/unisong;
+unilisl0b.tfm;fonts/tfm/zhmetrics/unili;
+unilia8.tfm;fonts/tfm/zhmetrics/unili;
+unisongslb9.tfm;fonts/tfm/zhmetrics/unisong;
+unilisl0c.tfm;fonts/tfm/zhmetrics/unili;
+unilia9.tfm;fonts/tfm/zhmetrics/unili;
+unisongslbc.tfm;fonts/tfm/zhmetrics/unisong;
+unilisl09.tfm;fonts/tfm/zhmetrics/unili;
+uniliac.tfm;fonts/tfm/zhmetrics/unili;
+uniliad.tfm;fonts/tfm/zhmetrics/unili;
+unilibe.tfm;fonts/tfm/zhmetrics/unili;
+unilic0.tfm;fonts/tfm/zhmetrics/unili;
+unilic1.tfm;fonts/tfm/zhmetrics/unili;
+unilic2.tfm;fonts/tfm/zhmetrics/unili;
+unilic3.tfm;fonts/tfm/zhmetrics/unili;
+unilic4.tfm;fonts/tfm/zhmetrics/unili;
+unilic5.tfm;fonts/tfm/zhmetrics/unili;
+unilic6.tfm;fonts/tfm/zhmetrics/unili;
+unilic7.tfm;fonts/tfm/zhmetrics/unili;
+unilic8.tfm;fonts/tfm/zhmetrics/unili;
+unilic9.tfm;fonts/tfm/zhmetrics/unili;
+unilica.tfm;fonts/tfm/zhmetrics/unili;
+unilicb.tfm;fonts/tfm/zhmetrics/unili;
+unilicc.tfm;fonts/tfm/zhmetrics/unili;
+unilicd.tfm;fonts/tfm/zhmetrics/unili;
+unilice.tfm;fonts/tfm/zhmetrics/unili;
+unilid0.tfm;fonts/tfm/zhmetrics/unili;
+unilid1.tfm;fonts/tfm/zhmetrics/unili;
+unilid2.tfm;fonts/tfm/zhmetrics/unili;
+unilid3.tfm;fonts/tfm/zhmetrics/unili;
+unilid6.tfm;fonts/tfm/zhmetrics/unili;
+unilid7.tfm;fonts/tfm/zhmetrics/unili;
+unilida.tfm;fonts/tfm/zhmetrics/unili;
+unilidb.tfm;fonts/tfm/zhmetrics/unili;
+unilidc.tfm;fonts/tfm/zhmetrics/unili;
+unilidd.tfm;fonts/tfm/zhmetrics/unili;
+unilide.tfm;fonts/tfm/zhmetrics/unili;
+unilidf.tfm;fonts/tfm/zhmetrics/unili;
+unilie8.tfm;fonts/tfm/zhmetrics/unili;
+unilie9.tfm;fonts/tfm/zhmetrics/unili;
+uniliec.tfm;fonts/tfm/zhmetrics/unili;
+unilied.tfm;fonts/tfm/zhmetrics/unili;
+unilif0.tfm;fonts/tfm/zhmetrics/unili;
+unilif1.tfm;fonts/tfm/zhmetrics/unili;
+unilif2.tfm;fonts/tfm/zhmetrics/unili;
+unilif3.tfm;fonts/tfm/zhmetrics/unili;
+unilif4.tfm;fonts/tfm/zhmetrics/unili;
+unilif5.tfm;fonts/tfm/zhmetrics/unili;
+unilif6.tfm;fonts/tfm/zhmetrics/unili;
+unilif7.tfm;fonts/tfm/zhmetrics/unili;
+unilifa.tfm;fonts/tfm/zhmetrics/unili;
+unilifd.tfm;fonts/tfm/zhmetrics/unili;
+unilife.tfm;fonts/tfm/zhmetrics/unili;
+uniliff.tfm;fonts/tfm/zhmetrics/unili;
+unilisl0d.tfm;fonts/tfm/zhmetrics/unili;
+unilisl0e.tfm;fonts/tfm/zhmetrics/unili;
+unilisl0f.tfm;fonts/tfm/zhmetrics/unili;
+unilisl2a.tfm;fonts/tfm/zhmetrics/unili;
+unilisl2f.tfm;fonts/tfm/zhmetrics/unili;
+unilisl39.tfm;fonts/tfm/zhmetrics/unili;
+unilisl48.tfm;fonts/tfm/zhmetrics/unili;
+unilisl49.tfm;fonts/tfm/zhmetrics/unili;
+unilisl50.tfm;fonts/tfm/zhmetrics/unili;
+unilisl51.tfm;fonts/tfm/zhmetrics/unili;
+unilisl52.tfm;fonts/tfm/zhmetrics/unili;
+unilisl53.tfm;fonts/tfm/zhmetrics/unili;
+unilisl54.tfm;fonts/tfm/zhmetrics/unili;
+unilisl55.tfm;fonts/tfm/zhmetrics/unili;
+unilisl5d.tfm;fonts/tfm/zhmetrics/unili;
+unilisl5e.tfm;fonts/tfm/zhmetrics/unili;
+unilisl5f.tfm;fonts/tfm/zhmetrics/unili;
+unilisl60.tfm;fonts/tfm/zhmetrics/unili;
+unilisl61.tfm;fonts/tfm/zhmetrics/unili;
+unilisl62.tfm;fonts/tfm/zhmetrics/unili;
+unilisl63.tfm;fonts/tfm/zhmetrics/unili;
+unilisl64.tfm;fonts/tfm/zhmetrics/unili;
+unilisl65.tfm;fonts/tfm/zhmetrics/unili;
+unilisl66.tfm;fonts/tfm/zhmetrics/unili;
+unilisl67.tfm;fonts/tfm/zhmetrics/unili;
+unilisl6a.tfm;fonts/tfm/zhmetrics/unili;
+unilisl6d.tfm;fonts/tfm/zhmetrics/unili;
+unilisl6e.tfm;fonts/tfm/zhmetrics/unili;
+unilisl6f.tfm;fonts/tfm/zhmetrics/unili;
+unilisl78.tfm;fonts/tfm/zhmetrics/unili;
+unilisl79.tfm;fonts/tfm/zhmetrics/unili;
+uniyou9f.tfm;fonts/tfm/zhmetrics/uniyou;
+unilisl84.tfm;fonts/tfm/zhmetrics/unili;
+unilisl85.tfm;fonts/tfm/zhmetrics/unili;
+uniyou9e.tfm;fonts/tfm/zhmetrics/uniyou;
+unilisl87.tfm;fonts/tfm/zhmetrics/unili;
+uniyou90.tfm;fonts/tfm/zhmetrics/uniyou;
+unilisl8b.tfm;fonts/tfm/zhmetrics/unili;
+uniyou91.tfm;fonts/tfm/zhmetrics/uniyou;
+unilisl8c.tfm;fonts/tfm/zhmetrics/unili;
+uniyou96.tfm;fonts/tfm/zhmetrics/uniyou;
+unilisl8d.tfm;fonts/tfm/zhmetrics/unili;
+uniyou97.tfm;fonts/tfm/zhmetrics/uniyou;
+unilisl8e.tfm;fonts/tfm/zhmetrics/unili;
+uniyou94.tfm;fonts/tfm/zhmetrics/uniyou;
+unilisl8f.tfm;fonts/tfm/zhmetrics/unili;
+unilisl9a.tfm;fonts/tfm/zhmetrics/unili;
+unilisl9d.tfm;fonts/tfm/zhmetrics/unili;
+unilisl9e.tfm;fonts/tfm/zhmetrics/unili;
+unilisl9f.tfm;fonts/tfm/zhmetrics/unili;
+unilisla0.tfm;fonts/tfm/zhmetrics/unili;
+unilisla1.tfm;fonts/tfm/zhmetrics/unili;
+unilisla4.tfm;fonts/tfm/zhmetrics/unili;
+unilisla5.tfm;fonts/tfm/zhmetrics/unili;
+unilislaa.tfm;fonts/tfm/zhmetrics/unili;
+unilislad.tfm;fonts/tfm/zhmetrics/unili;
+unilislae.tfm;fonts/tfm/zhmetrics/unili;
+unilislaf.tfm;fonts/tfm/zhmetrics/unili;
+unilislcb.tfm;fonts/tfm/zhmetrics/unili;
+unilisle0.tfm;fonts/tfm/zhmetrics/unili;
+unilisle1.tfm;fonts/tfm/zhmetrics/unili;
+unilisle3.tfm;fonts/tfm/zhmetrics/unili;
+unilisled.tfm;fonts/tfm/zhmetrics/unili;
+unilislee.tfm;fonts/tfm/zhmetrics/unili;
+unilislef.tfm;fonts/tfm/zhmetrics/unili;
+unilislf0.tfm;fonts/tfm/zhmetrics/unili;
+unilislf1.tfm;fonts/tfm/zhmetrics/unili;
+unisong5a.tfm;fonts/tfm/zhmetrics/unisong;
+unilislf2.tfm;fonts/tfm/zhmetrics/unili;
+unisong5b.tfm;fonts/tfm/zhmetrics/unisong;
+unilislf3.tfm;fonts/tfm/zhmetrics/unili;
+unisong5c.tfm;fonts/tfm/zhmetrics/unisong;
+unilislf4.tfm;fonts/tfm/zhmetrics/unili;
+unisong5d.tfm;fonts/tfm/zhmetrics/unisong;
+unilislf5.tfm;fonts/tfm/zhmetrics/unili;
+unisong5e.tfm;fonts/tfm/zhmetrics/unisong;
+unilislf6.tfm;fonts/tfm/zhmetrics/unili;
+unisong5f.tfm;fonts/tfm/zhmetrics/unisong;
+unilislf7.tfm;fonts/tfm/zhmetrics/unili;
+unilislf8.tfm;fonts/tfm/zhmetrics/unili;
+unilislf9.tfm;fonts/tfm/zhmetrics/unili;
+unilislfa.tfm;fonts/tfm/zhmetrics/unili;
+unisong51.tfm;fonts/tfm/zhmetrics/unisong;
+unilislfb.tfm;fonts/tfm/zhmetrics/unili;
+unisong52.tfm;fonts/tfm/zhmetrics/unisong;
+unilislfc.tfm;fonts/tfm/zhmetrics/unili;
+unisong53.tfm;fonts/tfm/zhmetrics/unisong;
+unilislfd.tfm;fonts/tfm/zhmetrics/unili;
+unisong54.tfm;fonts/tfm/zhmetrics/unisong;
+unilislfe.tfm;fonts/tfm/zhmetrics/unili;
+unisong55.tfm;fonts/tfm/zhmetrics/unisong;
+unilislff.tfm;fonts/tfm/zhmetrics/unili;
+unisong56.tfm;fonts/tfm/zhmetrics/unisong;
+unisong0d.tfm;fonts/tfm/zhmetrics/unisong;
+unisong30.tfm;fonts/tfm/zhmetrics/unisong;
+unisong31.tfm;fonts/tfm/zhmetrics/unisong;
+unisong32.tfm;fonts/tfm/zhmetrics/unisong;
+unisong33.tfm;fonts/tfm/zhmetrics/unisong;
+unisong34.tfm;fonts/tfm/zhmetrics/unisong;
+unisong35.tfm;fonts/tfm/zhmetrics/unisong;
+unisong36.tfm;fonts/tfm/zhmetrics/unisong;
+unisong37.tfm;fonts/tfm/zhmetrics/unisong;
+unisong38.tfm;fonts/tfm/zhmetrics/unisong;
+unisong39.tfm;fonts/tfm/zhmetrics/unisong;
+unisong3a.tfm;fonts/tfm/zhmetrics/unisong;
+unisong3b.tfm;fonts/tfm/zhmetrics/unisong;
+unisong3c.tfm;fonts/tfm/zhmetrics/unisong;
+unisong3d.tfm;fonts/tfm/zhmetrics/unisong;
+unisong3e.tfm;fonts/tfm/zhmetrics/unisong;
+unisong3f.tfm;fonts/tfm/zhmetrics/unisong;
+unisong49.tfm;fonts/tfm/zhmetrics/unisong;
+unisong4c.tfm;fonts/tfm/zhmetrics/unisong;
+unisong4d.tfm;fonts/tfm/zhmetrics/unisong;
+c70zhsong.fd;tex/latex/zhmetrics;
+unisong50.tfm;fonts/tfm/zhmetrics/unisong;
+unisong57.tfm;fonts/tfm/zhmetrics/unisong;
+unisong58.tfm;fonts/tfm/zhmetrics/unisong;
+unisong59.tfm;fonts/tfm/zhmetrics/unisong;
+unisong60.tfm;fonts/tfm/zhmetrics/unisong;
+unisong61.tfm;fonts/tfm/zhmetrics/unisong;
+unisong62.tfm;fonts/tfm/zhmetrics/unisong;
+unisong63.tfm;fonts/tfm/zhmetrics/unisong;
+unisong64.tfm;fonts/tfm/zhmetrics/unisong;
+unisong65.tfm;fonts/tfm/zhmetrics/unisong;
+unisong6a.tfm;fonts/tfm/zhmetrics/unisong;
+unisong6b.tfm;fonts/tfm/zhmetrics/unisong;
+unisong6c.tfm;fonts/tfm/zhmetrics/unisong;
+unisong6d.tfm;fonts/tfm/zhmetrics/unisong;
+unisong6e.tfm;fonts/tfm/zhmetrics/unisong;
+unisong6f.tfm;fonts/tfm/zhmetrics/unisong;
+unisong78.tfm;fonts/tfm/zhmetrics/unisong;
+unisong79.tfm;fonts/tfm/zhmetrics/unisong;
+unisong80.tfm;fonts/tfm/zhmetrics/unisong;
+unisong81.tfm;fonts/tfm/zhmetrics/unisong;
+unisong82.tfm;fonts/tfm/zhmetrics/unisong;
+unisong83.tfm;fonts/tfm/zhmetrics/unisong;
+unisong84.tfm;fonts/tfm/zhmetrics/unisong;
+unisong85.tfm;fonts/tfm/zhmetrics/unisong;
+unisong86.tfm;fonts/tfm/zhmetrics/unisong;
+unisong87.tfm;fonts/tfm/zhmetrics/unisong;
+unisong88.tfm;fonts/tfm/zhmetrics/unisong;
+unisong89.tfm;fonts/tfm/zhmetrics/unisong;
+unisong8a.tfm;fonts/tfm/zhmetrics/unisong;
+unisong8b.tfm;fonts/tfm/zhmetrics/unisong;
+unisong8c.tfm;fonts/tfm/zhmetrics/unisong;
+unisong8d.tfm;fonts/tfm/zhmetrics/unisong;
+unisong8e.tfm;fonts/tfm/zhmetrics/unisong;
+unisong8f.tfm;fonts/tfm/zhmetrics/unisong;
+unisong90.tfm;fonts/tfm/zhmetrics/unisong;
+unisong91.tfm;fonts/tfm/zhmetrics/unisong;
+unisong92.tfm;fonts/tfm/zhmetrics/unisong;
+unisong93.tfm;fonts/tfm/zhmetrics/unisong;
+unisong94.tfm;fonts/tfm/zhmetrics/unisong;
+unisong95.tfm;fonts/tfm/zhmetrics/unisong;
+unisong96.tfm;fonts/tfm/zhmetrics/unisong;
+unisong97.tfm;fonts/tfm/zhmetrics/unisong;
+unisong98.tfm;fonts/tfm/zhmetrics/unisong;
+unisong99.tfm;fonts/tfm/zhmetrics/unisong;
+unisong9a.tfm;fonts/tfm/zhmetrics/unisong;
+unisong9b.tfm;fonts/tfm/zhmetrics/unisong;
+unisong9c.tfm;fonts/tfm/zhmetrics/unisong;
+unisong9d.tfm;fonts/tfm/zhmetrics/unisong;
+unisong9e.tfm;fonts/tfm/zhmetrics/unisong;
+unisong9f.tfm;fonts/tfm/zhmetrics/unisong;
+unisonga0.tfm;fonts/tfm/zhmetrics/unisong;
+unisonga1.tfm;fonts/tfm/zhmetrics/unisong;
+unisonga2.tfm;fonts/tfm/zhmetrics/unisong;
+unisonga3.tfm;fonts/tfm/zhmetrics/unisong;
+unisonga4.tfm;fonts/tfm/zhmetrics/unisong;
+unisonga5.tfm;fonts/tfm/zhmetrics/unisong;
+unisonga6.tfm;fonts/tfm/zhmetrics/unisong;
+unisonga7.tfm;fonts/tfm/zhmetrics/unisong;
+unisonga8.tfm;fonts/tfm/zhmetrics/unisong;
+unisonga9.tfm;fonts/tfm/zhmetrics/unisong;
+unisongaa.tfm;fonts/tfm/zhmetrics/unisong;
+unisongab.tfm;fonts/tfm/zhmetrics/unisong;
+unisongac.tfm;fonts/tfm/zhmetrics/unisong;
+unisongad.tfm;fonts/tfm/zhmetrics/unisong;
+unisongae.tfm;fonts/tfm/zhmetrics/unisong;
+unisongaf.tfm;fonts/tfm/zhmetrics/unisong;
+unisongb2.tfm;fonts/tfm/zhmetrics/unisong;
+uniyou81.tfm;fonts/tfm/zhmetrics/uniyou;
+unisongc8.tfm;fonts/tfm/zhmetrics/unisong;
+uniyou80.tfm;fonts/tfm/zhmetrics/uniyou;
+unisongc9.tfm;fonts/tfm/zhmetrics/unisong;
+unisongca.tfm;fonts/tfm/zhmetrics/unisong;
+unisongcd.tfm;fonts/tfm/zhmetrics/unisong;
+unisongce.tfm;fonts/tfm/zhmetrics/unisong;
+unisongcf.tfm;fonts/tfm/zhmetrics/unisong;
+unisongd0.tfm;fonts/tfm/zhmetrics/unisong;
+unisongd1.tfm;fonts/tfm/zhmetrics/unisong;
+unisongd2.tfm;fonts/tfm/zhmetrics/unisong;
+unisongd3.tfm;fonts/tfm/zhmetrics/unisong;
+unisongd4.tfm;fonts/tfm/zhmetrics/unisong;
+unisongd5.tfm;fonts/tfm/zhmetrics/unisong;
+uniyou59.tfm;fonts/tfm/zhmetrics/uniyou;
+unisongd6.tfm;fonts/tfm/zhmetrics/unisong;
+uniyou58.tfm;fonts/tfm/zhmetrics/uniyou;
+unisongd7.tfm;fonts/tfm/zhmetrics/unisong;
+uniyou56.tfm;fonts/tfm/zhmetrics/uniyou;
+unisongd9.tfm;fonts/tfm/zhmetrics/unisong;
+unisongdb.tfm;fonts/tfm/zhmetrics/unisong;
+unisongdc.tfm;fonts/tfm/zhmetrics/unisong;
+unisongdd.tfm;fonts/tfm/zhmetrics/unisong;
+unisongde.tfm;fonts/tfm/zhmetrics/unisong;
+uniyou29.tfm;fonts/tfm/zhmetrics/uniyou;
+unisonge0.tfm;fonts/tfm/zhmetrics/unisong;
+uniyou28.tfm;fonts/tfm/zhmetrics/uniyou;
+unisonge1.tfm;fonts/tfm/zhmetrics/unisong;
+unisonge2.tfm;fonts/tfm/zhmetrics/unisong;
+unisonge3.tfm;fonts/tfm/zhmetrics/unisong;
+unisonge4.tfm;fonts/tfm/zhmetrics/unisong;
+unisonge5.tfm;fonts/tfm/zhmetrics/unisong;
+unisonge6.tfm;fonts/tfm/zhmetrics/unisong;
+unisonge7.tfm;fonts/tfm/zhmetrics/unisong;
+uniyou21.tfm;fonts/tfm/zhmetrics/uniyou;
+unisonge8.tfm;fonts/tfm/zhmetrics/unisong;
+uniyou20.tfm;fonts/tfm/zhmetrics/uniyou;
+unisonge9.tfm;fonts/tfm/zhmetrics/unisong;
+unisongea.tfm;fonts/tfm/zhmetrics/unisong;
+unisongeb.tfm;fonts/tfm/zhmetrics/unisong;
+unisongec.tfm;fonts/tfm/zhmetrics/unisong;
+unisonged.tfm;fonts/tfm/zhmetrics/unisong;
+unisongee.tfm;fonts/tfm/zhmetrics/unisong;
+unisongef.tfm;fonts/tfm/zhmetrics/unisong;
+unisongf0.tfm;fonts/tfm/zhmetrics/unisong;
+unisongf1.tfm;fonts/tfm/zhmetrics/unisong;
+unisongf2.tfm;fonts/tfm/zhmetrics/unisong;
+unisongf3.tfm;fonts/tfm/zhmetrics/unisong;
+unisongf4.tfm;fonts/tfm/zhmetrics/unisong;
+unisongf5.tfm;fonts/tfm/zhmetrics/unisong;
+unisongf6.tfm;fonts/tfm/zhmetrics/unisong;
+unisongf7.tfm;fonts/tfm/zhmetrics/unisong;
+unisongf8.tfm;fonts/tfm/zhmetrics/unisong;
+unisongf9.tfm;fonts/tfm/zhmetrics/unisong;
+unisongfa.tfm;fonts/tfm/zhmetrics/unisong;
+unisongfb.tfm;fonts/tfm/zhmetrics/unisong;
+unisongfc.tfm;fonts/tfm/zhmetrics/unisong;
+unisongfd.tfm;fonts/tfm/zhmetrics/unisong;
+unisongfe.tfm;fonts/tfm/zhmetrics/unisong;
+unisongff.tfm;fonts/tfm/zhmetrics/unisong;
+unisongsl08.tfm;fonts/tfm/zhmetrics/unisong;
+unisongsl0a.tfm;fonts/tfm/zhmetrics/unisong;
+unisongsl0b.tfm;fonts/tfm/zhmetrics/unisong;
+unisongsl0c.tfm;fonts/tfm/zhmetrics/unisong;
+unisongsl0d.tfm;fonts/tfm/zhmetrics/unisong;
+unisongsl0e.tfm;fonts/tfm/zhmetrics/unisong;
+unisongsl10.tfm;fonts/tfm/zhmetrics/unisong;
+unisongsl11.tfm;fonts/tfm/zhmetrics/unisong;
+unisongsl12.tfm;fonts/tfm/zhmetrics/unisong;
+unisongsl13.tfm;fonts/tfm/zhmetrics/unisong;
+unisongsl14.tfm;fonts/tfm/zhmetrics/unisong;
+unisongsl15.tfm;fonts/tfm/zhmetrics/unisong;
+unisongsl16.tfm;fonts/tfm/zhmetrics/unisong;
+unisongsl17.tfm;fonts/tfm/zhmetrics/unisong;
+unisongsl18.tfm;fonts/tfm/zhmetrics/unisong;
+unisongsl19.tfm;fonts/tfm/zhmetrics/unisong;
+unisongsl1a.tfm;fonts/tfm/zhmetrics/unisong;
+unisongsl1b.tfm;fonts/tfm/zhmetrics/unisong;
+unisongsl1c.tfm;fonts/tfm/zhmetrics/unisong;
+unisongsl1d.tfm;fonts/tfm/zhmetrics/unisong;
+unisongsl1e.tfm;fonts/tfm/zhmetrics/unisong;
+unisongsl1f.tfm;fonts/tfm/zhmetrics/unisong;
+unisongsl20.tfm;fonts/tfm/zhmetrics/unisong;
+unisongsl27.tfm;fonts/tfm/zhmetrics/unisong;
+unisongsl30.tfm;fonts/tfm/zhmetrics/unisong;
+unisongsl31.tfm;fonts/tfm/zhmetrics/unisong;
+unisongsl32.tfm;fonts/tfm/zhmetrics/unisong;
+unisongsl33.tfm;fonts/tfm/zhmetrics/unisong;
+unisongsl36.tfm;fonts/tfm/zhmetrics/unisong;
+unisongsl37.tfm;fonts/tfm/zhmetrics/unisong;
+unisongsl3a.tfm;fonts/tfm/zhmetrics/unisong;
+unisongsl3b.tfm;fonts/tfm/zhmetrics/unisong;
+unisongsl3c.tfm;fonts/tfm/zhmetrics/unisong;
+unisongsl3d.tfm;fonts/tfm/zhmetrics/unisong;
+unisongsl3e.tfm;fonts/tfm/zhmetrics/unisong;
+unisongsl3f.tfm;fonts/tfm/zhmetrics/unisong;
+unisongsl40.tfm;fonts/tfm/zhmetrics/unisong;
+unisongsl41.tfm;fonts/tfm/zhmetrics/unisong;
+unisongsl42.tfm;fonts/tfm/zhmetrics/unisong;
+unisongsl43.tfm;fonts/tfm/zhmetrics/unisong;
+unisongsl44.tfm;fonts/tfm/zhmetrics/unisong;
+unisongsl45.tfm;fonts/tfm/zhmetrics/unisong;
+unisongsl46.tfm;fonts/tfm/zhmetrics/unisong;
+unisongsl47.tfm;fonts/tfm/zhmetrics/unisong;
+unisongsl49.tfm;fonts/tfm/zhmetrics/unisong;
+unisongsl4b.tfm;fonts/tfm/zhmetrics/unisong;
+unisongsl4c.tfm;fonts/tfm/zhmetrics/unisong;
+unisongsl4d.tfm;fonts/tfm/zhmetrics/unisong;
+unisongsl4e.tfm;fonts/tfm/zhmetrics/unisong;
+unisongsl4f.tfm;fonts/tfm/zhmetrics/unisong;
+unisongsl50.tfm;fonts/tfm/zhmetrics/unisong;
+unisongsl51.tfm;fonts/tfm/zhmetrics/unisong;
+unisongsl52.tfm;fonts/tfm/zhmetrics/unisong;
+unisongsl53.tfm;fonts/tfm/zhmetrics/unisong;
+unisongsl54.tfm;fonts/tfm/zhmetrics/unisong;
+unisongsl55.tfm;fonts/tfm/zhmetrics/unisong;
+unisongsl56.tfm;fonts/tfm/zhmetrics/unisong;
+unisongsl57.tfm;fonts/tfm/zhmetrics/unisong;
+unisongsl58.tfm;fonts/tfm/zhmetrics/unisong;
+unisongsl59.tfm;fonts/tfm/zhmetrics/unisong;
+unisongsl5a.tfm;fonts/tfm/zhmetrics/unisong;
+unisongsl5b.tfm;fonts/tfm/zhmetrics/unisong;
+unisongsl5c.tfm;fonts/tfm/zhmetrics/unisong;
+unisongsl5d.tfm;fonts/tfm/zhmetrics/unisong;
+unisongsl5e.tfm;fonts/tfm/zhmetrics/unisong;
+unisongsl5f.tfm;fonts/tfm/zhmetrics/unisong;
+unisongsl60.tfm;fonts/tfm/zhmetrics/unisong;
+unisongsl61.tfm;fonts/tfm/zhmetrics/unisong;
+unisongsl62.tfm;fonts/tfm/zhmetrics/unisong;
+unisongsl63.tfm;fonts/tfm/zhmetrics/unisong;
+unisongsl64.tfm;fonts/tfm/zhmetrics/unisong;
+unisongsl65.tfm;fonts/tfm/zhmetrics/unisong;
+unisongsl66.tfm;fonts/tfm/zhmetrics/unisong;
+unisongsl67.tfm;fonts/tfm/zhmetrics/unisong;
+unisongsl68.tfm;fonts/tfm/zhmetrics/unisong;
+unisongsl69.tfm;fonts/tfm/zhmetrics/unisong;
+unisongsl6a.tfm;fonts/tfm/zhmetrics/unisong;
+unisongsl6b.tfm;fonts/tfm/zhmetrics/unisong;
+unisongsl6c.tfm;fonts/tfm/zhmetrics/unisong;
+unisongsl6d.tfm;fonts/tfm/zhmetrics/unisong;
+unisongsl6e.tfm;fonts/tfm/zhmetrics/unisong;
+unisongsl6f.tfm;fonts/tfm/zhmetrics/unisong;
+unisongsl70.tfm;fonts/tfm/zhmetrics/unisong;
+unisongsl71.tfm;fonts/tfm/zhmetrics/unisong;
+unisongsl72.tfm;fonts/tfm/zhmetrics/unisong;
+unisongsl73.tfm;fonts/tfm/zhmetrics/unisong;
+unisongsl74.tfm;fonts/tfm/zhmetrics/unisong;
+unisongsl75.tfm;fonts/tfm/zhmetrics/unisong;
+unisongsl76.tfm;fonts/tfm/zhmetrics/unisong;
+unisongsl77.tfm;fonts/tfm/zhmetrics/unisong;
+unisongsl78.tfm;fonts/tfm/zhmetrics/unisong;
+unisongsl79.tfm;fonts/tfm/zhmetrics/unisong;
+unisongsl7a.tfm;fonts/tfm/zhmetrics/unisong;
+unisongsl7b.tfm;fonts/tfm/zhmetrics/unisong;
+unisongsl7c.tfm;fonts/tfm/zhmetrics/unisong;
+unisongsl7d.tfm;fonts/tfm/zhmetrics/unisong;
+unisongsl7e.tfm;fonts/tfm/zhmetrics/unisong;
+unisongsl7f.tfm;fonts/tfm/zhmetrics/unisong;
+unisongsl8a.tfm;fonts/tfm/zhmetrics/unisong;
+unisongsl8b.tfm;fonts/tfm/zhmetrics/unisong;
+unisongsl8c.tfm;fonts/tfm/zhmetrics/unisong;
+unisongsl8d.tfm;fonts/tfm/zhmetrics/unisong;
+unisongsl8e.tfm;fonts/tfm/zhmetrics/unisong;
+unisongsl8f.tfm;fonts/tfm/zhmetrics/unisong;
+unisongsl90.tfm;fonts/tfm/zhmetrics/unisong;
+unisongsl91.tfm;fonts/tfm/zhmetrics/unisong;
+unisongsl92.tfm;fonts/tfm/zhmetrics/unisong;
+unisongsl93.tfm;fonts/tfm/zhmetrics/unisong;
+unisongsl94.tfm;fonts/tfm/zhmetrics/unisong;
+unisongsl95.tfm;fonts/tfm/zhmetrics/unisong;
+unisongsl96.tfm;fonts/tfm/zhmetrics/unisong;
+unisongsl97.tfm;fonts/tfm/zhmetrics/unisong;
+unisongsl99.tfm;fonts/tfm/zhmetrics/unisong;
+unisongslae.tfm;fonts/tfm/zhmetrics/unisong;
+unisongslbd.tfm;fonts/tfm/zhmetrics/unisong;
+unisongslc8.tfm;fonts/tfm/zhmetrics/unisong;
+unisongslc9.tfm;fonts/tfm/zhmetrics/unisong;
+unisongslcb.tfm;fonts/tfm/zhmetrics/unisong;
+unisongslce.tfm;fonts/tfm/zhmetrics/unisong;
+unisongsld8.tfm;fonts/tfm/zhmetrics/unisong;
+unisongsld9.tfm;fonts/tfm/zhmetrics/unisong;
+unisongsle0.tfm;fonts/tfm/zhmetrics/unisong;
+unisongsle1.tfm;fonts/tfm/zhmetrics/unisong;
+unisongsle2.tfm;fonts/tfm/zhmetrics/unisong;
+unisongsle3.tfm;fonts/tfm/zhmetrics/unisong;
+unisongsle4.tfm;fonts/tfm/zhmetrics/unisong;
+unisongsle5.tfm;fonts/tfm/zhmetrics/unisong;
+unisongsle6.tfm;fonts/tfm/zhmetrics/unisong;
+unisongsle7.tfm;fonts/tfm/zhmetrics/unisong;
+unisongslea.tfm;fonts/tfm/zhmetrics/unisong;
+unisongsled.tfm;fonts/tfm/zhmetrics/unisong;
+unisongslee.tfm;fonts/tfm/zhmetrics/unisong;
+unisongslef.tfm;fonts/tfm/zhmetrics/unisong;
+unisongslf8.tfm;fonts/tfm/zhmetrics/unisong;
+unisongslf9.tfm;fonts/tfm/zhmetrics/unisong;
+unisongslfc.tfm;fonts/tfm/zhmetrics/unisong;
+unisongslfd.tfm;fonts/tfm/zhmetrics/unisong;
+uniyou00.tfm;fonts/tfm/zhmetrics/uniyou;
+uniyou01.tfm;fonts/tfm/zhmetrics/uniyou;
+uniyou02.tfm;fonts/tfm/zhmetrics/uniyou;
+uniyou03.tfm;fonts/tfm/zhmetrics/uniyou;
+uniyou04.tfm;fonts/tfm/zhmetrics/uniyou;
+uniyou05.tfm;fonts/tfm/zhmetrics/uniyou;
+uniyou06.tfm;fonts/tfm/zhmetrics/uniyou;
+uniyou07.tfm;fonts/tfm/zhmetrics/uniyou;
+uniyou08.tfm;fonts/tfm/zhmetrics/uniyou;
+uniyou09.tfm;fonts/tfm/zhmetrics/uniyou;
+uniyou0a.tfm;fonts/tfm/zhmetrics/uniyou;
+uniyou0b.tfm;fonts/tfm/zhmetrics/uniyou;
+uniyou0c.tfm;fonts/tfm/zhmetrics/uniyou;
+uniyou0d.tfm;fonts/tfm/zhmetrics/uniyou;
+uniyou0e.tfm;fonts/tfm/zhmetrics/uniyou;
+uniyou0f.tfm;fonts/tfm/zhmetrics/uniyou;
+uniyouslf8.tfm;fonts/tfm/zhmetrics/uniyou;
+uniyou10.tfm;fonts/tfm/zhmetrics/uniyou;
+uniyouslf9.tfm;fonts/tfm/zhmetrics/uniyou;
+uniyou11.tfm;fonts/tfm/zhmetrics/uniyou;
+uniyou12.tfm;fonts/tfm/zhmetrics/uniyou;
+uniyou13.tfm;fonts/tfm/zhmetrics/uniyou;
+uniyou14.tfm;fonts/tfm/zhmetrics/uniyou;
+uniyou15.tfm;fonts/tfm/zhmetrics/uniyou;
+uniyou16.tfm;fonts/tfm/zhmetrics/uniyou;
+uniyou17.tfm;fonts/tfm/zhmetrics/uniyou;
+uniyouslf0.tfm;fonts/tfm/zhmetrics/uniyou;
+uniyou18.tfm;fonts/tfm/zhmetrics/uniyou;
+uniyouslf1.tfm;fonts/tfm/zhmetrics/uniyou;
+uniyou19.tfm;fonts/tfm/zhmetrics/uniyou;
+uniyou1a.tfm;fonts/tfm/zhmetrics/uniyou;
+uniyou1b.tfm;fonts/tfm/zhmetrics/uniyou;
+uniyou1c.tfm;fonts/tfm/zhmetrics/uniyou;
+uniyou1d.tfm;fonts/tfm/zhmetrics/uniyou;
+uniyou1e.tfm;fonts/tfm/zhmetrics/uniyou;
+uniyou1f.tfm;fonts/tfm/zhmetrics/uniyou;
+uniyou22.tfm;fonts/tfm/zhmetrics/uniyou;
+uniyou23.tfm;fonts/tfm/zhmetrics/uniyou;
+uniyou24.tfm;fonts/tfm/zhmetrics/uniyou;
+uniyou25.tfm;fonts/tfm/zhmetrics/uniyou;
+uniyou26.tfm;fonts/tfm/zhmetrics/uniyou;
+uniyou27.tfm;fonts/tfm/zhmetrics/uniyou;
+uniyou2a.tfm;fonts/tfm/zhmetrics/uniyou;
+uniyou2b.tfm;fonts/tfm/zhmetrics/uniyou;
+uniyou2c.tfm;fonts/tfm/zhmetrics/uniyou;
+uniyou2d.tfm;fonts/tfm/zhmetrics/uniyou;
+uniyou2e.tfm;fonts/tfm/zhmetrics/uniyou;
+uniyou2f.tfm;fonts/tfm/zhmetrics/uniyou;
+uniyousld8.tfm;fonts/tfm/zhmetrics/uniyou;
+uniyou30.tfm;fonts/tfm/zhmetrics/uniyou;
+uniyousld9.tfm;fonts/tfm/zhmetrics/uniyou;
+uniyou31.tfm;fonts/tfm/zhmetrics/uniyou;
+uniyou32.tfm;fonts/tfm/zhmetrics/uniyou;
+uniyou33.tfm;fonts/tfm/zhmetrics/uniyou;
+uniyou34.tfm;fonts/tfm/zhmetrics/uniyou;
+uniyou35.tfm;fonts/tfm/zhmetrics/uniyou;
+uniyou36.tfm;fonts/tfm/zhmetrics/uniyou;
+uniyou37.tfm;fonts/tfm/zhmetrics/uniyou;
+uniyousld0.tfm;fonts/tfm/zhmetrics/uniyou;
+uniyou38.tfm;fonts/tfm/zhmetrics/uniyou;
+uniyousld1.tfm;fonts/tfm/zhmetrics/uniyou;
+uniyou39.tfm;fonts/tfm/zhmetrics/uniyou;
+uniyou3a.tfm;fonts/tfm/zhmetrics/uniyou;
+uniyou3b.tfm;fonts/tfm/zhmetrics/uniyou;
+uniyou3c.tfm;fonts/tfm/zhmetrics/uniyou;
+uniyou3d.tfm;fonts/tfm/zhmetrics/uniyou;
+uniyou3e.tfm;fonts/tfm/zhmetrics/uniyou;
+uniyou3f.tfm;fonts/tfm/zhmetrics/uniyou;
+uniyou40.tfm;fonts/tfm/zhmetrics/uniyou;
+uniyou41.tfm;fonts/tfm/zhmetrics/uniyou;
+uniyou42.tfm;fonts/tfm/zhmetrics/uniyou;
+uniyou43.tfm;fonts/tfm/zhmetrics/uniyou;
+uniyou44.tfm;fonts/tfm/zhmetrics/uniyou;
+uniyou45.tfm;fonts/tfm/zhmetrics/uniyou;
+uniyou46.tfm;fonts/tfm/zhmetrics/uniyou;
+uniyou47.tfm;fonts/tfm/zhmetrics/uniyou;
+uniyou48.tfm;fonts/tfm/zhmetrics/uniyou;
+uniyou49.tfm;fonts/tfm/zhmetrics/uniyou;
+uniyou4a.tfm;fonts/tfm/zhmetrics/uniyou;
+uniyou4b.tfm;fonts/tfm/zhmetrics/uniyou;
+uniyou4c.tfm;fonts/tfm/zhmetrics/uniyou;
+uniyou4d.tfm;fonts/tfm/zhmetrics/uniyou;
+uniyou4e.tfm;fonts/tfm/zhmetrics/uniyou;
+uniyou4f.tfm;fonts/tfm/zhmetrics/uniyou;
+uniyou51.tfm;fonts/tfm/zhmetrics/uniyou;
+uniyou6b.tfm;fonts/tfm/zhmetrics/uniyou;
+uniyou6c.tfm;fonts/tfm/zhmetrics/uniyou;
+uniyou70.tfm;fonts/tfm/zhmetrics/uniyou;
+uniyou71.tfm;fonts/tfm/zhmetrics/uniyou;
+uniyou72.tfm;fonts/tfm/zhmetrics/uniyou;
+uniyou73.tfm;fonts/tfm/zhmetrics/uniyou;
+uniyou74.tfm;fonts/tfm/zhmetrics/uniyou;
+uniyou75.tfm;fonts/tfm/zhmetrics/uniyou;
+uniyou76.tfm;fonts/tfm/zhmetrics/uniyou;
+uniyou77.tfm;fonts/tfm/zhmetrics/uniyou;
+uniyou78.tfm;fonts/tfm/zhmetrics/uniyou;
+uniyou79.tfm;fonts/tfm/zhmetrics/uniyou;
+uniyou7a.tfm;fonts/tfm/zhmetrics/uniyou;
+uniyou7b.tfm;fonts/tfm/zhmetrics/uniyou;
+uniyou7c.tfm;fonts/tfm/zhmetrics/uniyou;
+uniyou7d.tfm;fonts/tfm/zhmetrics/uniyou;
+uniyou7e.tfm;fonts/tfm/zhmetrics/uniyou;
+uniyou7f.tfm;fonts/tfm/zhmetrics/uniyou;
+uniyou82.tfm;fonts/tfm/zhmetrics/uniyou;
+uniyou83.tfm;fonts/tfm/zhmetrics/uniyou;
+uniyou86.tfm;fonts/tfm/zhmetrics/uniyou;
+uniyou87.tfm;fonts/tfm/zhmetrics/uniyou;
+uniyou95.tfm;fonts/tfm/zhmetrics/uniyou;
+uniyoua0.tfm;fonts/tfm/zhmetrics/uniyou;
+uniyoua1.tfm;fonts/tfm/zhmetrics/uniyou;
+uniyoua2.tfm;fonts/tfm/zhmetrics/uniyou;
+uniyoua3.tfm;fonts/tfm/zhmetrics/uniyou;
+uniyoua4.tfm;fonts/tfm/zhmetrics/uniyou;
+uniyoua5.tfm;fonts/tfm/zhmetrics/uniyou;
+uniyouab.tfm;fonts/tfm/zhmetrics/uniyou;
+uniyouac.tfm;fonts/tfm/zhmetrics/uniyou;
+uniyouad.tfm;fonts/tfm/zhmetrics/uniyou;
+uniyouae.tfm;fonts/tfm/zhmetrics/uniyou;
+uniyouaf.tfm;fonts/tfm/zhmetrics/uniyou;
+uniyoub0.tfm;fonts/tfm/zhmetrics/uniyou;
+uniyoub1.tfm;fonts/tfm/zhmetrics/uniyou;
+uniyoub2.tfm;fonts/tfm/zhmetrics/uniyou;
+uniyoub3.tfm;fonts/tfm/zhmetrics/uniyou;
+uniyoub4.tfm;fonts/tfm/zhmetrics/uniyou;
+uniyoub5.tfm;fonts/tfm/zhmetrics/uniyou;
+uniyoub6.tfm;fonts/tfm/zhmetrics/uniyou;
+uniyoub7.tfm;fonts/tfm/zhmetrics/uniyou;
+uniyoub8.tfm;fonts/tfm/zhmetrics/uniyou;
+uniyoub9.tfm;fonts/tfm/zhmetrics/uniyou;
+uniyouba.tfm;fonts/tfm/zhmetrics/uniyou;
+uniyoubb.tfm;fonts/tfm/zhmetrics/uniyou;
+uniyoubc.tfm;fonts/tfm/zhmetrics/uniyou;
+uniyoubd.tfm;fonts/tfm/zhmetrics/uniyou;
+uniyoube.tfm;fonts/tfm/zhmetrics/uniyou;
+uniyoubf.tfm;fonts/tfm/zhmetrics/uniyou;
+uniyouc0.tfm;fonts/tfm/zhmetrics/uniyou;
+uniyouc1.tfm;fonts/tfm/zhmetrics/uniyou;
+uniyouc2.tfm;fonts/tfm/zhmetrics/uniyou;
+uniyouc3.tfm;fonts/tfm/zhmetrics/uniyou;
+uniyouc4.tfm;fonts/tfm/zhmetrics/uniyou;
+uniyouc5.tfm;fonts/tfm/zhmetrics/uniyou;
+uniyouc6.tfm;fonts/tfm/zhmetrics/uniyou;
+uniyouc7.tfm;fonts/tfm/zhmetrics/uniyou;
+uniyouc8.tfm;fonts/tfm/zhmetrics/uniyou;
+uniyouc9.tfm;fonts/tfm/zhmetrics/uniyou;
+uniyoud0.tfm;fonts/tfm/zhmetrics/uniyou;
+uniyoud1.tfm;fonts/tfm/zhmetrics/uniyou;
+uniyoud2.tfm;fonts/tfm/zhmetrics/uniyou;
+uniyoud3.tfm;fonts/tfm/zhmetrics/uniyou;
+uniyoud4.tfm;fonts/tfm/zhmetrics/uniyou;
+uniyoud5.tfm;fonts/tfm/zhmetrics/uniyou;
+uniyoud6.tfm;fonts/tfm/zhmetrics/uniyou;
+uniyoud7.tfm;fonts/tfm/zhmetrics/uniyou;
+uniyoud8.tfm;fonts/tfm/zhmetrics/uniyou;
+uniyoud9.tfm;fonts/tfm/zhmetrics/uniyou;
+uniyouda.tfm;fonts/tfm/zhmetrics/uniyou;
+uniyoudb.tfm;fonts/tfm/zhmetrics/uniyou;
+uniyoudc.tfm;fonts/tfm/zhmetrics/uniyou;
+uniyoudd.tfm;fonts/tfm/zhmetrics/uniyou;
+uniyoude.tfm;fonts/tfm/zhmetrics/uniyou;
+uniyoudf.tfm;fonts/tfm/zhmetrics/uniyou;
+uniyoue0.tfm;fonts/tfm/zhmetrics/uniyou;
+uniyoue1.tfm;fonts/tfm/zhmetrics/uniyou;
+uniyoue2.tfm;fonts/tfm/zhmetrics/uniyou;
+uniyoue3.tfm;fonts/tfm/zhmetrics/uniyou;
+uniyoue4.tfm;fonts/tfm/zhmetrics/uniyou;
+uniyoue5.tfm;fonts/tfm/zhmetrics/uniyou;
+uniyoue6.tfm;fonts/tfm/zhmetrics/uniyou;
+uniyoue7.tfm;fonts/tfm/zhmetrics/uniyou;
+uniyoue8.tfm;fonts/tfm/zhmetrics/uniyou;
+uniyoue9.tfm;fonts/tfm/zhmetrics/uniyou;
+uniyouf0.tfm;fonts/tfm/zhmetrics/uniyou;
+uniyouf1.tfm;fonts/tfm/zhmetrics/uniyou;
+uniyouf2.tfm;fonts/tfm/zhmetrics/uniyou;
+uniyouf3.tfm;fonts/tfm/zhmetrics/uniyou;
+uniyouf4.tfm;fonts/tfm/zhmetrics/uniyou;
+uniyouf5.tfm;fonts/tfm/zhmetrics/uniyou;
+uniyouf6.tfm;fonts/tfm/zhmetrics/uniyou;
+uniyouf7.tfm;fonts/tfm/zhmetrics/uniyou;
+uniyouf8.tfm;fonts/tfm/zhmetrics/uniyou;
+uniyouf9.tfm;fonts/tfm/zhmetrics/uniyou;
+uniyousl00.tfm;fonts/tfm/zhmetrics/uniyou;
+uniyousl01.tfm;fonts/tfm/zhmetrics/uniyou;
+uniyousl02.tfm;fonts/tfm/zhmetrics/uniyou;
+uniyousl03.tfm;fonts/tfm/zhmetrics/uniyou;
+uniyousl04.tfm;fonts/tfm/zhmetrics/uniyou;
+uniyousl05.tfm;fonts/tfm/zhmetrics/uniyou;
+uniyousl06.tfm;fonts/tfm/zhmetrics/uniyou;
+uniyousl07.tfm;fonts/tfm/zhmetrics/uniyou;
+uniyousl08.tfm;fonts/tfm/zhmetrics/uniyou;
+uniyousl09.tfm;fonts/tfm/zhmetrics/uniyou;
+uniyousl0a.tfm;fonts/tfm/zhmetrics/uniyou;
+uniyousl0b.tfm;fonts/tfm/zhmetrics/uniyou;
+uniyousl0c.tfm;fonts/tfm/zhmetrics/uniyou;
+uniyousl0d.tfm;fonts/tfm/zhmetrics/uniyou;
+uniyousl0e.tfm;fonts/tfm/zhmetrics/uniyou;
+uniyousl0f.tfm;fonts/tfm/zhmetrics/uniyou;
+uniyousl10.tfm;fonts/tfm/zhmetrics/uniyou;
+uniyousl11.tfm;fonts/tfm/zhmetrics/uniyou;
+uniyousl12.tfm;fonts/tfm/zhmetrics/uniyou;
+uniyousl13.tfm;fonts/tfm/zhmetrics/uniyou;
+uniyousl14.tfm;fonts/tfm/zhmetrics/uniyou;
+uniyousl15.tfm;fonts/tfm/zhmetrics/uniyou;
+uniyousl16.tfm;fonts/tfm/zhmetrics/uniyou;
+uniyousl17.tfm;fonts/tfm/zhmetrics/uniyou;
+uniyousl18.tfm;fonts/tfm/zhmetrics/uniyou;
+uniyousl19.tfm;fonts/tfm/zhmetrics/uniyou;
+uniyousl1a.tfm;fonts/tfm/zhmetrics/uniyou;
+uniyousl1b.tfm;fonts/tfm/zhmetrics/uniyou;
+uniyousl1c.tfm;fonts/tfm/zhmetrics/uniyou;
+uniyousl1d.tfm;fonts/tfm/zhmetrics/uniyou;
+uniyousl1e.tfm;fonts/tfm/zhmetrics/uniyou;
+uniyousl1f.tfm;fonts/tfm/zhmetrics/uniyou;
+uniyousl20.tfm;fonts/tfm/zhmetrics/uniyou;
+uniyousl21.tfm;fonts/tfm/zhmetrics/uniyou;
+uniyousl22.tfm;fonts/tfm/zhmetrics/uniyou;
+uniyousl23.tfm;fonts/tfm/zhmetrics/uniyou;
+uniyousl24.tfm;fonts/tfm/zhmetrics/uniyou;
+uniyousl25.tfm;fonts/tfm/zhmetrics/uniyou;
+uniyousl26.tfm;fonts/tfm/zhmetrics/uniyou;
+uniyousl27.tfm;fonts/tfm/zhmetrics/uniyou;
+uniyousl28.tfm;fonts/tfm/zhmetrics/uniyou;
+uniyousl29.tfm;fonts/tfm/zhmetrics/uniyou;
+uniyousl2a.tfm;fonts/tfm/zhmetrics/uniyou;
+uniyousl2b.tfm;fonts/tfm/zhmetrics/uniyou;
+uniyousl2c.tfm;fonts/tfm/zhmetrics/uniyou;
+uniyousl2d.tfm;fonts/tfm/zhmetrics/uniyou;
+uniyousl2e.tfm;fonts/tfm/zhmetrics/uniyou;
+uniyousl2f.tfm;fonts/tfm/zhmetrics/uniyou;
+uniyousl30.tfm;fonts/tfm/zhmetrics/uniyou;
+uniyousl31.tfm;fonts/tfm/zhmetrics/uniyou;
+uniyousl32.tfm;fonts/tfm/zhmetrics/uniyou;
+uniyousl33.tfm;fonts/tfm/zhmetrics/uniyou;
+uniyousl34.tfm;fonts/tfm/zhmetrics/uniyou;
+uniyousl35.tfm;fonts/tfm/zhmetrics/uniyou;
+uniyousl36.tfm;fonts/tfm/zhmetrics/uniyou;
+uniyousl37.tfm;fonts/tfm/zhmetrics/uniyou;
+uniyousl38.tfm;fonts/tfm/zhmetrics/uniyou;
+uniyousl39.tfm;fonts/tfm/zhmetrics/uniyou;
+uniyousl3d.tfm;fonts/tfm/zhmetrics/uniyou;
+uniyousl3e.tfm;fonts/tfm/zhmetrics/uniyou;
+uniyousl3f.tfm;fonts/tfm/zhmetrics/uniyou;
+uniyousl48.tfm;fonts/tfm/zhmetrics/uniyou;
+uniyousl49.tfm;fonts/tfm/zhmetrics/uniyou;
+uniyousl4a.tfm;fonts/tfm/zhmetrics/uniyou;
+uniyousl4b.tfm;fonts/tfm/zhmetrics/uniyou;
+uniyousl4c.tfm;fonts/tfm/zhmetrics/uniyou;
+uniyousl4d.tfm;fonts/tfm/zhmetrics/uniyou;
+uniyousl4e.tfm;fonts/tfm/zhmetrics/uniyou;
+uniyousl4f.tfm;fonts/tfm/zhmetrics/uniyou;
+uniyousl50.tfm;fonts/tfm/zhmetrics/uniyou;
+uniyousl51.tfm;fonts/tfm/zhmetrics/uniyou;
+uniyousl52.tfm;fonts/tfm/zhmetrics/uniyou;
+uniyousl53.tfm;fonts/tfm/zhmetrics/uniyou;
+uniyousl54.tfm;fonts/tfm/zhmetrics/uniyou;
+uniyousl55.tfm;fonts/tfm/zhmetrics/uniyou;
+uniyousl56.tfm;fonts/tfm/zhmetrics/uniyou;
+uniyousl57.tfm;fonts/tfm/zhmetrics/uniyou;
+uniyousl58.tfm;fonts/tfm/zhmetrics/uniyou;
+uniyousl59.tfm;fonts/tfm/zhmetrics/uniyou;
+uniyousl5a.tfm;fonts/tfm/zhmetrics/uniyou;
+uniyousl5b.tfm;fonts/tfm/zhmetrics/uniyou;
+uniyousl5c.tfm;fonts/tfm/zhmetrics/uniyou;
+uniyousl5d.tfm;fonts/tfm/zhmetrics/uniyou;
+uniyousl5e.tfm;fonts/tfm/zhmetrics/uniyou;
+uniyousl5f.tfm;fonts/tfm/zhmetrics/uniyou;
+uniyousl60.tfm;fonts/tfm/zhmetrics/uniyou;
+uniyousl61.tfm;fonts/tfm/zhmetrics/uniyou;
+uniyousl62.tfm;fonts/tfm/zhmetrics/uniyou;
+uniyousl63.tfm;fonts/tfm/zhmetrics/uniyou;
+uniyousl64.tfm;fonts/tfm/zhmetrics/uniyou;
+uniyousl65.tfm;fonts/tfm/zhmetrics/uniyou;
+uniyousl6a.tfm;fonts/tfm/zhmetrics/uniyou;
+uniyousl6b.tfm;fonts/tfm/zhmetrics/uniyou;
+uniyousl6c.tfm;fonts/tfm/zhmetrics/uniyou;
+uniyousl6f.tfm;fonts/tfm/zhmetrics/uniyou;
+uniyousl7a.tfm;fonts/tfm/zhmetrics/uniyou;
+uniyousl7b.tfm;fonts/tfm/zhmetrics/uniyou;
+uniyousl7c.tfm;fonts/tfm/zhmetrics/uniyou;
+uniyousl7d.tfm;fonts/tfm/zhmetrics/uniyou;
+uniyousl7e.tfm;fonts/tfm/zhmetrics/uniyou;
+uniyousl7f.tfm;fonts/tfm/zhmetrics/uniyou;
+uniyousl88.tfm;fonts/tfm/zhmetrics/uniyou;
+uniyousl89.tfm;fonts/tfm/zhmetrics/uniyou;
+uniyousl8a.tfm;fonts/tfm/zhmetrics/uniyou;
+zhmetrics.tpm;tpm/packages;
+uniyousl8b.tfm;fonts/tfm/zhmetrics/uniyou;
+uniyousl8c.tfm;fonts/tfm/zhmetrics/uniyou;
+uniyousl8d.tfm;fonts/tfm/zhmetrics/uniyou;
+uniyousl8e.tfm;fonts/tfm/zhmetrics/uniyou;
+uniyousl8f.tfm;fonts/tfm/zhmetrics/uniyou;
+uniyousl9a.tfm;fonts/tfm/zhmetrics/uniyou;
+uniyousl9b.tfm;fonts/tfm/zhmetrics/uniyou;
+uniyousl9c.tfm;fonts/tfm/zhmetrics/uniyou;
+uniyousl9d.tfm;fonts/tfm/zhmetrics/uniyou;
+uniyousl9e.tfm;fonts/tfm/zhmetrics/uniyou;
+uniyousl9f.tfm;fonts/tfm/zhmetrics/uniyou;
+uniyouslb0.tfm;fonts/tfm/zhmetrics/uniyou;
+uniyouslb1.tfm;fonts/tfm/zhmetrics/uniyou;
+uniyouslb2.tfm;fonts/tfm/zhmetrics/uniyou;
+uniyouslb3.tfm;fonts/tfm/zhmetrics/uniyou;
+uniyouslb4.tfm;fonts/tfm/zhmetrics/uniyou;
+uniyouslb5.tfm;fonts/tfm/zhmetrics/uniyou;
+uniyouslb6.tfm;fonts/tfm/zhmetrics/uniyou;
+uniyouslb7.tfm;fonts/tfm/zhmetrics/uniyou;
+uniyouslb8.tfm;fonts/tfm/zhmetrics/uniyou;
+uniyouslb9.tfm;fonts/tfm/zhmetrics/uniyou;
+uniyouslba.tfm;fonts/tfm/zhmetrics/uniyou;
+uniyouslbb.tfm;fonts/tfm/zhmetrics/uniyou;
+uniyouslbc.tfm;fonts/tfm/zhmetrics/uniyou;
+uniyouslbd.tfm;fonts/tfm/zhmetrics/uniyou;
+uniyouslbe.tfm;fonts/tfm/zhmetrics/uniyou;
+uniyouslbf.tfm;fonts/tfm/zhmetrics/uniyou;
+uniyouslc0.tfm;fonts/tfm/zhmetrics/uniyou;
+uniyouslc1.tfm;fonts/tfm/zhmetrics/uniyou;
+uniyouslc2.tfm;fonts/tfm/zhmetrics/uniyou;
+uniyouslc3.tfm;fonts/tfm/zhmetrics/uniyou;
+uniyouslc4.tfm;fonts/tfm/zhmetrics/uniyou;
+uniyouslc5.tfm;fonts/tfm/zhmetrics/uniyou;
+uniyouslc6.tfm;fonts/tfm/zhmetrics/uniyou;
+uniyouslc7.tfm;fonts/tfm/zhmetrics/uniyou;
+uniyouslc8.tfm;fonts/tfm/zhmetrics/uniyou;
+uniyouslc9.tfm;fonts/tfm/zhmetrics/uniyou;
+uniyouslca.tfm;fonts/tfm/zhmetrics/uniyou;
+uniyouslcb.tfm;fonts/tfm/zhmetrics/uniyou;
+uniyouslcc.tfm;fonts/tfm/zhmetrics/uniyou;
+uniyouslcd.tfm;fonts/tfm/zhmetrics/uniyou;
+uniyouslce.tfm;fonts/tfm/zhmetrics/uniyou;
+uniyouslcf.tfm;fonts/tfm/zhmetrics/uniyou;
+uniyousld2.tfm;fonts/tfm/zhmetrics/uniyou;
+uniyousld3.tfm;fonts/tfm/zhmetrics/uniyou;
+uniyousld4.tfm;fonts/tfm/zhmetrics/uniyou;
+uniyousld5.tfm;fonts/tfm/zhmetrics/uniyou;
+uniyousld6.tfm;fonts/tfm/zhmetrics/uniyou;
+uniyousld7.tfm;fonts/tfm/zhmetrics/uniyou;
+uniyouslda.tfm;fonts/tfm/zhmetrics/uniyou;
+uniyousldb.tfm;fonts/tfm/zhmetrics/uniyou;
+uniyousldc.tfm;fonts/tfm/zhmetrics/uniyou;
+uniyousldd.tfm;fonts/tfm/zhmetrics/uniyou;
+uniyouslde.tfm;fonts/tfm/zhmetrics/uniyou;
+uniyousldf.tfm;fonts/tfm/zhmetrics/uniyou;
+uniyousle0.tfm;fonts/tfm/zhmetrics/uniyou;
+uniyousle1.tfm;fonts/tfm/zhmetrics/uniyou;
+uniyousle2.tfm;fonts/tfm/zhmetrics/uniyou;
+uniyousle3.tfm;fonts/tfm/zhmetrics/uniyou;
+uniyousle6.tfm;fonts/tfm/zhmetrics/uniyou;
+uniyousle7.tfm;fonts/tfm/zhmetrics/uniyou;
+uniyousleb.tfm;fonts/tfm/zhmetrics/uniyou;
+uniyouslec.tfm;fonts/tfm/zhmetrics/uniyou;
+uniyousled.tfm;fonts/tfm/zhmetrics/uniyou;
+uniyouslee.tfm;fonts/tfm/zhmetrics/uniyou;
+uniyouslf2.tfm;fonts/tfm/zhmetrics/uniyou;
+uniyouslf3.tfm;fonts/tfm/zhmetrics/uniyou;
+uniyouslf4.tfm;fonts/tfm/zhmetrics/uniyou;
+uniyouslf5.tfm;fonts/tfm/zhmetrics/uniyou;
+uniyouslf6.tfm;fonts/tfm/zhmetrics/uniyou;
+uniyouslf7.tfm;fonts/tfm/zhmetrics/uniyou;
+uniyouslfa.tfm;fonts/tfm/zhmetrics/uniyou;
+uniyouslfb.tfm;fonts/tfm/zhmetrics/uniyou;
+uniyouslfc.tfm;fonts/tfm/zhmetrics/uniyou;
+uniyouslfd.tfm;fonts/tfm/zhmetrics/uniyou;
+uniyouslfe.tfm;fonts/tfm/zhmetrics/uniyou;
+uniyouslff.tfm;fonts/tfm/zhmetrics/uniyou;
+zhmetrics-src.tar.bz2;source;
+c19fs.fd;tex/latex/zhmetrics;
+c19hei.fd;tex/latex/zhmetrics;
+c19kai.fd;tex/latex/zhmetrics;
+c19li.fd;tex/latex/zhmetrics;
+c19you.fd;tex/latex/zhmetrics;
+c19zhli.fd;tex/latex/zhmetrics;
+c19zhyou.fd;tex/latex/zhmetrics;
+c70fs.fd;tex/latex/zhmetrics;
+c70hei.fd;tex/latex/zhmetrics;
+c70you.fd;tex/latex/zhmetrics;
+c70zhfs.fd;tex/latex/zhmetrics;
+c70zhhei.fd;tex/latex/zhmetrics;
+c70zhkai.fd;tex/latex/zhmetrics;
+refcount-src.tar.xz;source;
+README.md;doc/latex/refcount;
+refcount.pdf;doc/latex/refcount;
+refcount.sty;tex/latex/refcount;
+refcount.tpm;tpm/packages;
+README.md;doc/latex/gettitlestring;
+gettitlestring.pdf;doc/latex/gettitlestring;
+gettitlestring-src.tar.xz;source;
+gettitlestring.sty;tex/generic/gettitlestring;
+gettitlestring.tpm;tpm/packages;
+example-mycolorsetup.sty;tex/latex/kvoptions;
+kvoptions-patch.sty;tex/latex/kvoptions;
+kvoptions.sty;tex/latex/kvoptions;
+kvoptions.tpm;tpm/packages;
+se-utf16le.def;tex/generic/stringenc;
+se-iso-8859-6.def;tex/generic/stringenc;
+README.md;doc/latex/stringenc;
+stringenc.pdf;doc/latex/stringenc;
+se-ascii.def;tex/generic/stringenc;
+stringenc-src.tar.xz;source;
+se-clean7bit.def;tex/generic/stringenc;
+se-cp1250.def;tex/generic/stringenc;
+se-iso-8859-2.def;tex/generic/stringenc;
+se-ascii-print.def;tex/generic/stringenc;
+se-cp852.def;tex/generic/stringenc;
+se-cp1251.def;tex/generic/stringenc;
+se-cp1252.def;tex/generic/stringenc;
+se-cp1257.def;tex/generic/stringenc;
+se-iso-8859-15.def;tex/generic/stringenc;
+se-cp437.def;tex/generic/stringenc;
+se-cp850.def;tex/generic/stringenc;
+se-cp855.def;tex/generic/stringenc;
+se-koi8-r.def;tex/generic/stringenc;
+se-cp858.def;tex/generic/stringenc;
+se-iso-8859-14.def;tex/generic/stringenc;
+se-dec-mcs.def;tex/generic/stringenc;
+se-cp865.def;tex/generic/stringenc;
+se-cp866.def;tex/generic/stringenc;
+se-pdfdoc.def;tex/generic/stringenc;
+se-iso-8859-1.def;tex/generic/stringenc;
+se-iso-8859-10.def;tex/generic/stringenc;
+se-mac-roman.def;tex/generic/stringenc;
+se-iso-8859-11.def;tex/generic/stringenc;
+se-iso-8859-13.def;tex/generic/stringenc;
+se-iso-8859-16.def;tex/generic/stringenc;
+se-iso-8859-3.def;tex/generic/stringenc;
+se-iso-8859-4.def;tex/generic/stringenc;
+se-iso-8859-5.def;tex/generic/stringenc;
+se-iso-8859-7.def;tex/generic/stringenc;
+se-iso-8859-8.def;tex/generic/stringenc;
+se-iso-8859-9.def;tex/generic/stringenc;
+se-mac-centeuro.def;tex/generic/stringenc;
+se-utf8.def;tex/generic/stringenc;
+se-mac-cyrillic.def;tex/generic/stringenc;
+se-utf32le.def;tex/generic/stringenc;
+se-nextstep.def;tex/generic/stringenc;
+se-utf32be.def;tex/generic/stringenc;
+stringenc.sty;tex/generic/stringenc;
+stringenc.tpm;tpm/packages;
+intcalc.pdf;doc/latex/intcalc;
+README.md;doc/latex/intcalc;
+intcalc-src.tar.xz;source;
+intcalc.sty;tex/generic/intcalc;
+intcalc.tpm;tpm/packages;
+bitset.pdf;doc/latex/bitset;
+README.md;doc/latex/bitset;
+bitset-src.tar.xz;source;
+bitset.sty;tex/generic/bitset;
+bitset.tpm;tpm/packages;
+bigintcalc.pdf;doc/latex/bigintcalc;
+README.md;doc/latex/bigintcalc;
+bigintcalc-src.tar.xz;source;
+bigintcalc.sty;tex/generic/bigintcalc;
+bigintcalc.tpm;tpm/packages;
+rerunfilecheck.tpm;tpm/packages;
+rerunfilecheck.sty;tex/latex/rerunfilecheck;
+README.md;doc/latex/uniquecounter;
+uniquecounter-example.tex;doc/latex/uniquecounter;
+uniquecounter.pdf;doc/latex/uniquecounter;
+uniquecounter-src.tar.xz;source;
+uniquecounter.sty;tex/generic/uniquecounter;
+uniquecounter.tpm;tpm/packages;
+setspace.tpm;tpm/packages;
+setspace.sty;tex/latex/setspace;
